,,,,,2015,2020,2025,2030,2035,2040,2045,2050
NPS-Ref,NOR,NOR,NAM,CAN,7.83849E-10,3.91356E-09,4.61238E-09,5.7914E-09,9.58044E-09,1.10245E-08,1.21707E-08,1.52422E-08
NPS-Ref,NOR,NOR,NAM,MEX,8.06125E-10,3.34562E-09,4.09127E-09,8.70082E-09,9.75583E-09,1.12007E-08,1.51711E-08,1.69154E-08
NPS-Ref,NOR,NOR,NAM,USA,2.76635E-09,1.66231E-08,2.32537E-08,3.84126E-08,4.96304E-08,6.12749E-08,7.13746E-08,7.85854E-08
NPS-Ref,NOR,NOR,SAM,ARG,1.1535E-08,1.06668E-08,1.17737E-08,1.36364E-08,1.05182E-08,1.19892E-08,1.53646E-08,1.94196E-08
NPS-Ref,NOR,NOR,SAM,BRA,1.47252E-08,1.45131E-08,1.83095E-08,1.39239E-08,1.53511E-08,1.80727E-08,2.26576E-08,2.62448E-08
NPS-Ref,NOR,NOR,SAM,CHL,8.25762E-08,2.84086E-08,3.40137E-08,4.38296E-08,3.7435E-08,4.03583E-08,4.07544E-08,4.35246E-08
NPS-Ref,NOR,NOR,SAM,COL,,4.64104E-09,1.02199E-08,1.9278E-08,2.75867E-08,3.5841E-08,5.22887E-08,7.28897E-08
NPS-Ref,NOR,NOR,SAM,TTO,,,7.33676E-10,2.13564E-09,2.52937E-09,3.08778E-09,6.16384E-09,8.04591E-09
NPS-Ref,NOR,NOR,SAM,VEN,,4.5501E-09,1.00127E-08,1.81064E-08,2.55563E-08,3.3186E-08,4.72904E-08,6.62695E-08
NPS-Ref,NOR,NOR,EU,AUT,1.935676166,2.669090478,2.158541124,1.346240489,1.476371383,1.566127544,0.662254633,0.159673666
NPS-Ref,NOR,NOR,EU,BEL,5.253365827,4.547053229,6.379592874,7.084888365,7.392056461,7.5189325,7.804007145,8.615374686
NPS-Ref,NOR,NOR,EU,BGR,0.055522473,2.06388E-08,1.66219E-08,2.08566E-08,2.46046E-08,2.96671E-08,3.6801E-08,3.96113E-08
NPS-Ref,NOR,NOR,EU,CZE,1.774779116,2.794630223,2.315400793,1.406896001,1.11374623,1.123028866,0.885893546,0.422496201
NPS-Ref,NOR,NOR,EU,DEU,28.28023792,24.4887964,26.85072654,24.48689698,23.20300524,22.38113263,21.27738148,17.7808687
NPS-Ref,NOR,NOR,EU,DNK,0.58066186,0.50649616,0.430805145,0.548037215,0.509713482,0.480679356,0.624998708,0.54084457
NPS-Ref,NOR,NOR,EU,ESP,1.598610927,0.711807296,2.38563E-07,1.74667E-07,2.27238E-07,2.53908E-07,3.33082E-07,3.82463E-07
NPS-Ref,NOR,NOR,EU,EST,0.02440134,6.13702E-08,2.78168E-08,4.161E-08,4.43161E-08,4.70728E-08,3.93786E-08,3.71719E-08
NPS-Ref,NOR,NOR,EU,FIN,,1.28296E-07,6.72975E-08,1.03811E-07,1.16151E-07,1.4014E-07,1.63957E-07,1.89087E-07
NPS-Ref,NOR,NOR,EU,FRA,13.14518863,8.666721994,7.295333497,10.81222971,10.76020629,10.36491399,11.05324253,11.07396397
NPS-Ref,NOR,NOR,EU,GBR,22.99463037,27.45018502,28.90065662,29.52417305,30.8105335,31.49059279,32.90642536,35.66767844
NPS-Ref,NOR,NOR,EU,GRC,0.051044628,3.17645E-08,2.2426E-08,2.93694E-08,3.3284E-08,3.96141E-08,4.97416E-08,5.59529E-08
NPS-Ref,NOR,NOR,EU,HRV,0.154507739,0.340356659,0.225468224,0.082478931,1.05952E-05,7.12438E-07,3.26243E-07,2.10553E-07
NPS-Ref,NOR,NOR,EU,HUN,0.735014397,2.342568219,0.92664225,7.48827E-05,3.46716E-07,2.02521E-07,1.3106E-07,1.02217E-07
NPS-Ref,NOR,NOR,EU,IRL,1.722438608,1.746370941,1.898300977,2.21068875,2.220322973,2.088242967,2.039440613,1.895477617
NPS-Ref,NOR,NOR,EU,ITA,14.2681534,8.661202714,2.906315405,6.34157E-07,9.75053E-07,1.37451E-06,1.02627E-06,4.39851E-07
NPS-Ref,NOR,NOR,EU,LTU,0.086760922,5.7894E-08,3.89625E-08,1.09008E-07,7.89574E-08,9.00364E-08,7.69703E-08,6.6739E-08
NPS-Ref,NOR,NOR,EU,LVA,0.065416754,5.50075E-08,2.94429E-08,4.39314E-08,5.02973E-08,5.99104E-08,6.19866E-08,5.66164E-08
NPS-Ref,NOR,NOR,EU,NLD,9.921548112,11.39821828,11.27680654,11.5307496,11.4243663,11.53020376,11.39523053,12.56120456
NPS-Ref,NOR,NOR,EU,POL,2.724976449,4.012588988,2.838358405,1.103054089,0.087680813,3.23238E-06,1.99075E-07,1.92236E-07
NPS-Ref,NOR,NOR,EU,PRT,0.298793882,1.8193E-07,1.02531E-07,1.01424E-07,1.20502E-07,1.41407E-07,2.07867E-07,2.78733E-07
NPS-Ref,NOR,NOR,EU,ROM,0.177653341,1.96749E-08,1.66498E-08,2.46856E-08,2.86222E-08,3.15783E-08,3.353E-08,3.60682E-08
NPS-Ref,NOR,NOR,EU,SVK,0.480314049,1.451064154,0.566751528,0.007539291,6.54923E-07,6.11913E-07,2.95237E-07,1.84797E-07
NPS-Ref,NOR,NOR,EU,SVN,0.195358894,0.229418854,0.12571292,0.116471015,0.059617686,0.007709317,2.40976E-07,1.6333E-07
NPS-Ref,NOR,NOR,EU,SWE,0.203900008,0.302084123,0.331917888,0.442977943,0.472391424,0.523321905,0.62482378,0.47549549
NPS-Ref,NOR,NOR,ROE,CHE,0.710684232,0.900641717,0.972249212,0.686352743,0.623696985,0.561305207,0.521126752,0.528167472
NPS-Ref,NOR,NOR,ROE,SRB,0.185304039,0.284063013,2.72662E-08,3.17081E-08,3.95144E-08,4.8382E-08,5.71249E-08,6.03584E-08
NPS-Ref,NOR,NOR,ROE,TUR,1.06931E-07,7.05309E-09,8.34723E-09,1.05298E-08,1.29413E-08,1.71947E-08,2.11955E-08,2.71245E-08
NPS-Ref,NOR,NOR,ROE,UKR,2.65806E-08,1.73398E-07,3.01124E-08,2.71441E-08,3.18837E-08,4.11026E-08,4.66267E-08,5.47019E-08
NPS-Ref,NOR,NOR,MEA,ARE,9.96698E-10,2.66177E-09,6.00291E-09,7.59072E-09,8.6008E-09,1.05553E-08,1.2019E-08,1.55934E-08
NPS-Ref,NOR,NOR,MEA,BHR,,6.92293E-10,5.79719E-09,7.45732E-09,8.44974E-09,1.08672E-08,1.4465E-08,1.67718E-08
NPS-Ref,NOR,NOR,MEA,ISR,,7.02534E-10,5.89257E-09,7.65964E-09,8.65403E-09,1.09419E-08,1.44773E-08,1.68019E-08
NPS-Ref,NOR,NOR,MEA,KWT,3.82415E-09,4.41103E-09,7.9736E-09,1.14461E-08,1.27948E-08,1.4272E-08,1.53007E-08,1.89349E-08
NPS-Ref,NOR,NOR,MEA,OMN,,8.35735E-10,2.62406E-09,3.34023E-09,5.9982E-09,7.02526E-09,8.12589E-09,9.1782E-09
NPS-Ref,NOR,NOR,AFR,EGY,,3.52729E-09,6.85551E-09,8.40275E-09,1.00498E-08,1.3778E-08,1.63562E-08,2.05685E-08
NPS-Ref,NOR,NOR,ASP,BGD,,5.91881E-09,1.89255E-08,3.21349E-08,4.30869E-08,6.18123E-08,8.68209E-08,1.17192E-07
NPS-Ref,NOR,NOR,ASP,CHN,8.83152E-08,7.58144E-08,1.01246E-07,1.65473E-07,2.21503E-07,2.93502E-07,4.0329E-07,5.83596E-07
NPS-Ref,NOR,NOR,ASP,IDN,,6.65097E-10,2.28121E-09,6.21552E-09,7.69309E-09,9.7171E-09,1.39292E-08,1.77684E-08
NPS-Ref,NOR,NOR,ASP,IND,1.42034E-07,8.79011E-08,1.15574E-07,1.41383E-07,1.60401E-07,1.83791E-07,2.60645E-07,3.84339E-07
NPS-Ref,NOR,NOR,ASP,JPN,2.718654012,4.70595E-08,4.24638E-08,7.0114E-08,7.38738E-08,8.00178E-08,1.17841E-07,1.92354E-07
NPS-Ref,NOR,NOR,ASP,KOR,0.89351068,4.97647E-08,4.85556E-08,8.13988E-08,1.00126E-07,1.24648E-07,1.74202E-07,2.61466E-07
NPS-Ref,NOR,NOR,ASP,MYS,4.87937E-09,5.21722E-09,8.43639E-09,1.16536E-08,1.45608E-08,1.95136E-08,2.50672E-08,3.39668E-08
NPS-Ref,NOR,NOR,ASP,PAK,,7.5749E-10,6.04731E-09,7.90625E-09,9.09753E-09,1.14705E-08,1.63504E-08,2.10442E-08
NPS-Ref,NOR,NOR,ASP,PHL,,4.57319E-09,1.33391E-08,2.27111E-08,3.04121E-08,4.01875E-08,5.66086E-08,7.33594E-08
NPS-Ref,NOR,NOR,ASP,SGP,2.77889E-08,2.712E-08,2.68166E-08,2.59515E-08,3.23612E-08,4.21327E-08,5.51474E-08,7.55095E-08
NPS-Ref,NOR,NOR,ASP,THA,5.80262E-09,8.35916E-09,1.82397E-08,3.03571E-08,3.78738E-08,4.85294E-08,7.15153E-08,1.12396E-07
NPS-Ref,NOR,NOR,ASP,TWN,0.567779994,2.08296E-08,2.46176E-08,3.58992E-08,4.11648E-08,5.35443E-08,7.98193E-08,1.30959E-07
NPS-Ref,NOR,NOR,ASP,VNM,,,8.10176E-09,1.30555E-08,1.93084E-08,3.19969E-08,4.30927E-08,5.42761E-08
NPS-Ref,RUS,RUS,NAM,CAN,8.86702E-10,1.03129E-08,1.1212E-08,1.32836E-08,1.38868E-08,1.7314E-08,1.81488E-08,1.8913E-08
NPS-Ref,RUS,RUS,NAM,MEX,9.83822E-10,1.37216E-08,1.40949E-08,1.53797E-08,1.64028E-08,2.03338E-08,2.08063E-08,2.5637E-08
NPS-Ref,RUS,RUS,NAM,USA,5.06464E-09,5.00795E-08,5.91724E-08,6.77704E-08,7.67123E-08,8.81139E-08,9.30503E-08,1.0003E-07
NPS-Ref,RUS,RUS,SAM,ARG,2.04277E-08,1.409469872,0.793645374,7.16274E-08,1.8576E-08,2.13938E-08,2.31139E-08,2.68443E-08
NPS-Ref,RUS,RUS,SAM,BRA,2.42258E-08,0.237490417,0.130043188,2.63987E-08,2.88474E-08,2.95244E-08,3.42666E-08,3.77401E-08
NPS-Ref,RUS,RUS,SAM,CHL,0.028552367,0.24618333,0.196940536,0.137143368,1.9238E-07,1.07265E-07,8.2443E-08,9.80169E-08
NPS-Ref,RUS,RUS,SAM,COL,,2.07075E-08,0.030404222,0.112532007,0.366158445,0.437337787,0.465310371,0.460257128
NPS-Ref,RUS,RUS,SAM,TTO,,,4.25198E-09,2.63791E-09,3.09879E-09,5.63875E-09,7.11339E-09,9.08243E-09
NPS-Ref,RUS,RUS,SAM,VEN,,2.02941E-08,0.070983374,0.262723974,0.664917535,0.729318779,0.801258235,0.806930128
NPS-Ref,RUS,RUS,EU,AUT,2.625405405,2.745943914,2.805912083,3.436678045,3.941762724,4.747260765,4.872552956,5.075115364
NPS-Ref,RUS,RUS,EU,BEL,4.157749208,4.237926861,6.646547272,7.750794812,8.30765138,9.017814158,9.497314182,10.01705114
NPS-Ref,RUS,RUS,EU,BGR,0.990105935,0.432163106,0.4905684,0.401861108,0.498624321,0.621939031,0.685565042,0.700625696
NPS-Ref,RUS,RUS,EU,CZE,2.154943744,2.646418172,3.003501568,3.685819283,4.037111887,4.510749281,4.801515302,5.126893831
NPS-Ref,RUS,RUS,EU,DEU,23.53445002,23.06822438,28.09168977,33.8480218,35.72390566,38.94079584,38.93645937,41.22220854
NPS-Ref,RUS,RUS,EU,DNK,0.63694562,0.743799499,0.817985257,1.300069003,1.299622208,1.336183994,1.606359106,1.957793069
NPS-Ref,RUS,RUS,EU,ESP,4.105637399,4.579353683,3.840954882,4.238132258,4.272732455,4.398303141,4.796875537,5.018032297
NPS-Ref,RUS,RUS,EU,EST,0.248146036,0.732090417,0.948476489,0.850948433,0.924715153,1.005026852,0.996229235,0.956520575
NPS-Ref,RUS,RUS,EU,FIN,2.921424642,2.706207357,3.313583862,3.18797634,3.232355158,3.278299912,3.20974217,3.086196431
NPS-Ref,RUS,RUS,EU,FRA,10.5628862,8.658910951,9.257091996,13.87946901,14.01972737,14.2794588,14.57604009,16.29280067
NPS-Ref,RUS,RUS,EU,GBR,12.7903411,15.4582495,16.10179154,18.00338578,19.61168416,22.18076099,24.24808822,26.53134981
NPS-Ref,RUS,RUS,EU,GRC,0.971944581,1.037692106,0.868494089,0.696519321,0.736495023,0.789964665,0.871167918,0.886332093
NPS-Ref,RUS,RUS,EU,HRV,0.508605509,0.774821221,1.01174363,1.183733418,1.388014621,1.596674,1.682393669,1.764963863
NPS-Ref,RUS,RUS,EU,HUN,2.218116132,3.452155768,3.030515192,3.488204392,4.100246235,4.803065532,4.869371218,4.967614524
NPS-Ref,RUS,RUS,EU,IRL,0.97859137,1.014022829,1.089555201,1.38499489,1.442947205,1.528598108,1.596186324,1.603768124
NPS-Ref,RUS,RUS,EU,ITA,19.35224915,17.32326027,17.74298213,23.73299004,25.20568961,27.68325107,30.71495261,32.88238103
NPS-Ref,RUS,RUS,EU,LTU,0.81031304,1.288612446,2.02970529,1.598986496,1.516911578,1.492034375,1.642422066,1.645721956
NPS-Ref,RUS,RUS,EU,LVA,0.728649045,0.64129138,1.239074276,0.992701064,0.998322416,1.025077577,1.054458083,1.018721248
NPS-Ref,RUS,RUS,EU,NLD,8.0118519,10.65503635,11.92174207,13.19692293,13.76434401,14.41276049,14.97444225,14.95171967
NPS-Ref,RUS,RUS,EU,POL,4.331877024,7.707744689,11.07030852,15.04727007,15.93999351,17.63636388,18.73538495,20.82024278
NPS-Ref,RUS,RUS,EU,PRT,0.639426776,0.445691789,0.38621208,0.520764068,0.513616244,0.505831259,0.642750536,0.725707283
NPS-Ref,RUS,RUS,EU,ROM,3.196330009,2.457823985,1.876418339,3.848984411,4.24995284,4.44757523,4.258730413,4.282189455
NPS-Ref,RUS,RUS,EU,SVK,1.114174063,1.826903448,2.2134422,2.165587341,2.345881376,2.574651443,2.619049093,2.669890058
NPS-Ref,RUS,RUS,EU,SVN,0.264970108,0.251250142,0.229292458,0.376464036,0.446088728,0.524064405,0.624881451,0.734284054
NPS-Ref,RUS,RUS,EU,SWE,0.223622204,0.443616401,0.630307092,1.050718001,1.216884741,1.45431512,1.605723202,1.835432633
NPS-Ref,RUS,RUS,ROE,BLR,18.91700552,22.22842539,22.95178687,26.19323156,27.73673686,30.34567339,31.93835259,32.85205108
NPS-Ref,RUS,RUS,ROE,CHE,0.594230844,0.873957397,1.08169866,1.329753755,1.49322548,1.728521228,1.852593709,2.254647822
NPS-Ref,RUS,RUS,ROE,SRB,0.559208018,0.616433015,0.52951712,0.455489284,0.520162453,0.610498698,0.720699858,0.766573619
NPS-Ref,RUS,RUS,ROE,TUR,30.79252043,37.19282453,44.54744353,41.66197358,43.48413804,47.02199123,48.24898668,48.59777798
NPS-Ref,RUS,RUS,ROE,UKR,4.043898382,5.507176083,6.064070578,7.407810341,8.695911461,10.14682852,10.95883358,11.45554731
NPS-Ref,RUS,RUS,CAS,AZE,2.98108E-09,3.09605E-08,2.27235E-08,1.12451E-07,2.10385E-07,5.40354E-07,1.54271E-06,3.52355E-07
NPS-Ref,RUS,RUS,MEA,ARE,2.67756E-09,1.15259E-08,1.17895E-08,1.30964E-08,1.5513E-08,1.58458E-08,1.88208E-08,2.06367E-08
NPS-Ref,RUS,RUS,MEA,BHR,,1.14385E-08,1.2086E-08,1.44895E-08,1.75692E-08,2.0749E-08,2.29321E-08,2.5318E-08
NPS-Ref,RUS,RUS,MEA,ISR,8.14052E-10,1.1494E-08,1.21205E-08,1.47424E-08,1.7794E-08,2.06356E-08,2.26428E-08,2.50615E-08
NPS-Ref,RUS,RUS,MEA,KWT,1.11789E-08,0.119968024,2.37348E-08,3.21569E-08,3.32329E-08,2.86806E-08,2.92096E-08,2.99854E-08
NPS-Ref,RUS,RUS,MEA,OMN,7.24957E-10,2.95027E-09,6.34777E-09,7.50508E-09,8.65015E-09,1.00442E-08,1.11962E-08,1.20989E-08
NPS-Ref,RUS,RUS,AFR,EGY,6.1463E-09,4.28E-08,1.59225E-08,1.84078E-08,2.20016E-08,2.66417E-08,3.1808E-08,3.35724E-08
NPS-Ref,RUS,RUS,ASP,BGD,,8.63766E-08,2.60666E-07,0.041166168,0.190537795,0.10896983,0.115829491,0.051001453
NPS-Ref,RUS,RUS,ASP,CHN,0.332471866,8.585548703,9.459653145,9.314638218,12.87229066,16.23976449,17.58262186,17.87766036
NPS-Ref,RUS,RUS,ASP,IDN,3.97622E-09,7.19147E-09,8.70756E-09,1.08971E-08,1.35696E-08,1.84617E-08,2.28229E-08,2.99968E-08
NPS-Ref,RUS,RUS,ASP,IND,0.275997239,3.781551041,2.606987418,1.459698606,1.338502342,1.419161803,1.503035316,1.52843782
NPS-Ref,RUS,RUS,ASP,JPN,7.45842185,17.43299483,19.30829076,20.41453656,19.98254612,20.26743031,20.80702776,21.01602368
NPS-Ref,RUS,RUS,ASP,KOR,2.375061877,5.556317769,5.920806798,6.10144479,6.349095325,6.737721533,7.152778629,7.438449833
NPS-Ref,RUS,RUS,ASP,MYS,7.51919E-09,1.63398E-08,1.62366E-08,2.06064E-08,2.71321E-08,3.38274E-08,4.2031E-08,5.38963E-08
NPS-Ref,RUS,RUS,ASP,PAK,2.65755E-09,1.39975E-08,1.95156E-08,1.6859E-08,1.87425E-08,2.45242E-08,3.11949E-08,4.07404E-08
NPS-Ref,RUS,RUS,ASP,PHL,,2.8938E-08,1.34749E-07,0.003704772,0.054957522,0.100034376,0.104627434,0.088826435
NPS-Ref,RUS,RUS,ASP,SGP,8.07703E-08,1.386243711,1.20723E-07,5.17506E-08,6.62319E-08,8.29893E-08,1.07584E-07,1.4141E-07
NPS-Ref,RUS,RUS,ASP,THA,1.53089E-08,1.851732931,3.307833072,4.422387627,5.062287749,5.080590089,5.453341779,5.456318788
NPS-Ref,RUS,RUS,ASP,TWN,1.462788339,2.835791237,2.838080821,2.842910381,2.751941947,2.877083911,3.010040195,3.085012721
NPS-Ref,RUS,RUS,ASP,VNM,,,2.33071E-08,3.90859E-08,7.13898E-08,2.0373E-07,2.21183E-07,2.18745E-07
NPS-Ref,NAM,CAN,SAM,ARG,,1.91112E-08,3.57407E-08,2.31106E-08,1.40305E-08,1.7086E-08,1.93458E-08,2.29908E-08
NPS-Ref,NAM,CAN,SAM,BRA,,2.19409E-08,3.90146E-08,1.91819E-08,2.27246E-08,2.4625E-08,3.0068E-08,3.32538E-08
NPS-Ref,NAM,CAN,SAM,CHL,,7.33181E-08,1.3298E-07,1.14736E-07,7.44403E-08,6.72382E-08,6.15539E-08,6.84229E-08
NPS-Ref,NAM,CAN,SAM,COL,,6.30095E-09,2.90992E-08,5.40424E-08,1.04622E-07,1.36162E-07,1.63241E-07,1.7191E-07
NPS-Ref,NAM,CAN,SAM,TTO,,,2.12071E-09,2.45856E-09,2.94261E-09,5.36119E-09,6.7591E-09,8.59576E-09
NPS-Ref,NAM,CAN,SAM,VEN,,6.17637E-09,2.78266E-08,5.16147E-08,9.37507E-08,1.18804E-07,1.43938E-07,1.52358E-07
NPS-Ref,NAM,CAN,EU,AUT,,3.55095E-08,5.23549E-08,3.13082E-08,3.75161E-08,4.94782E-08,4.98758E-08,5.06916E-08
NPS-Ref,NAM,CAN,EU,BEL,,4.35983E-08,1.16742E-07,1.09563E-07,1.77924E-07,2.6131E-07,2.42527E-07,2.39748E-07
NPS-Ref,NAM,CAN,EU,BGR,,1.17693E-08,1.3918E-08,1.49362E-08,1.78067E-08,2.17047E-08,2.5896E-08,2.78269E-08
NPS-Ref,NAM,CAN,EU,CZE,,4.63007E-08,5.84036E-08,3.34423E-08,3.74846E-08,4.53472E-08,4.71914E-08,5.00572E-08
NPS-Ref,NAM,CAN,EU,DEU,,3.23957E-08,7.07298E-08,6.24746E-08,7.66078E-08,9.62065E-08,8.44453E-08,7.89408E-08
NPS-Ref,NAM,CAN,EU,DNK,,1.33664E-08,2.65782E-08,3.35492E-08,5.02559E-08,6.64035E-08,7.44266E-08,7.85963E-08
NPS-Ref,NAM,CAN,EU,ESP,,2.31245E-07,4.4753E-07,4.89237E-07,5.97862E-07,7.18025E-07,7.30362E-07,7.36069E-07
NPS-Ref,NAM,CAN,EU,EST,,7.71125E-08,6.03535E-08,6.95236E-08,7.54834E-08,6.6242E-08,4.51123E-08,3.86896E-08
NPS-Ref,NAM,CAN,EU,FIN,,1.71095E-07,2.02526E-07,2.35241E-07,2.83467E-07,3.34374E-07,3.25341E-07,2.75282E-07
NPS-Ref,NAM,CAN,EU,FRA,,1.79023E-07,3.15374E-07,4.1055E-07,5.30233E-07,6.55051E-07,6.5178E-07,5.94185E-07
NPS-Ref,NAM,CAN,EU,GBR,,3.14362E-08,6.48463E-08,7.23626E-08,1.0442E-07,1.62428E-07,1.92869E-07,2.75474E-07
NPS-Ref,NAM,CAN,EU,GRC,,1.80386E-08,2.0469E-08,2.16382E-08,2.57171E-08,3.03438E-08,3.62201E-08,3.99867E-08
NPS-Ref,NAM,CAN,EU,HRV,,3.87534E-08,5.50806E-08,3.76692E-08,4.40043E-08,5.27769E-08,5.01038E-08,4.99795E-08
NPS-Ref,NAM,CAN,EU,HUN,,4.13668E-08,3.92845E-08,2.59474E-08,2.86025E-08,3.26693E-08,3.37124E-08,3.55177E-08
NPS-Ref,NAM,CAN,EU,IRL,,5.85399E-08,1.19353E-07,1.17873E-07,1.60165E-07,1.87363E-07,1.80517E-07,1.65169E-07
NPS-Ref,NAM,CAN,EU,ITA,,4.00864E-08,6.86625E-08,3.72187E-08,4.59587E-08,5.87269E-08,6.07128E-08,6.33278E-08
NPS-Ref,NAM,CAN,EU,LTU,,6.38613E-08,1.05178E-07,1.76512E-07,1.54554E-07,1.40573E-07,9.12079E-08,6.6564E-08
NPS-Ref,NAM,CAN,EU,LVA,,6.92233E-08,6.91553E-08,7.26379E-08,8.5922E-08,1.00777E-07,8.23373E-08,6.05736E-08
NPS-Ref,NAM,CAN,EU,NLD,,2.65562E-08,5.32053E-08,5.91619E-08,9.70438E-08,1.34408E-07,1.32692E-07,1.34221E-07
NPS-Ref,NAM,CAN,EU,POL,,4.60291E-08,6.87722E-08,3.26817E-08,3.89024E-08,4.45677E-08,4.12673E-08,4.49199E-08
NPS-Ref,NAM,CAN,EU,PRT,,1.49004E-07,2.33683E-07,2.57608E-07,3.21022E-07,3.86611E-07,4.78465E-07,5.983E-07
NPS-Ref,NAM,CAN,EU,ROM,,1.00805E-08,1.22978E-08,1.50243E-08,1.76365E-08,2.05662E-08,2.23878E-08,2.44998E-08
NPS-Ref,NAM,CAN,EU,SVK,,2.84813E-08,3.07098E-08,2.28679E-08,2.68943E-08,3.33002E-08,3.56775E-08,3.81224E-08
NPS-Ref,NAM,CAN,EU,SVN,,5.52131E-08,7.04499E-08,4.07186E-08,3.96054E-08,4.3339E-08,4.22537E-08,4.2843E-08
NPS-Ref,NAM,CAN,EU,SWE,,9.22513E-08,2.46401E-07,2.68092E-07,3.38483E-07,4.02723E-07,4.53511E-07,5.1024E-07
NPS-Ref,NAM,CAN,ROE,CHE,,1.077E-07,1.7723E-07,6.67213E-08,7.39138E-08,8.87493E-08,8.69769E-08,8.98539E-08
NPS-Ref,NAM,CAN,ROE,SRB,,3.60956E-08,2.00757E-08,1.9431E-08,2.38278E-08,2.94586E-08,3.37379E-08,3.62537E-08
NPS-Ref,NAM,CAN,ROE,TUR,,4.67798E-09,9.0211E-09,1.02373E-08,1.25658E-08,1.66716E-08,1.99811E-08,2.47367E-08
NPS-Ref,NAM,CAN,ROE,UKR,,1.21314E-08,1.49805E-08,1.41043E-08,1.70592E-08,2.28027E-08,2.62112E-08,3.20507E-08
NPS-Ref,NAM,CAN,MEA,ARE,,4.95303E-09,8.23423E-09,9.63744E-09,1.10171E-08,1.30285E-08,1.44982E-08,1.78917E-08
NPS-Ref,NAM,CAN,MEA,BHR,,6.96399E-10,8.41096E-09,1.04877E-08,1.3652E-08,1.72129E-08,1.98708E-08,2.20047E-08
NPS-Ref,NAM,CAN,MEA,ISR,,6.97063E-10,8.44562E-09,1.06581E-08,1.38333E-08,1.71967E-08,1.97379E-08,2.18957E-08
NPS-Ref,NAM,CAN,MEA,KWT,,7.64099E-09,1.29988E-08,1.76507E-08,2.12974E-08,2.13022E-08,2.4151E-08,2.53108E-08
NPS-Ref,NAM,CAN,MEA,OMN,,9.10577E-10,3.28802E-09,6.15388E-09,7.2387E-09,8.4869E-09,9.68875E-09,1.05266E-08
NPS-Ref,NAM,CAN,AFR,EGY,,6.0278E-09,1.06038E-08,1.22081E-08,1.65825E-08,2.06688E-08,2.62527E-08,2.81535E-08
NPS-Ref,NAM,CAN,ASP,BGD,,9.11839E-09,4.44316E-08,7.2088E-08,1.08014E-07,1.50378E-07,1.91479E-07,2.18617E-07
NPS-Ref,NAM,CAN,ASP,CHN,,5.57749E-07,1.17061E-06,1.49918E-06,1.94196E-06,2.4224E-06,2.79053E-06,3.21689E-06
NPS-Ref,NAM,CAN,ASP,IDN,,1.89898E-09,6.474E-09,8.31645E-09,1.05961E-08,1.47582E-08,1.85256E-08,2.44086E-08
NPS-Ref,NAM,CAN,ASP,IND,,2.4572E-07,4.77327E-07,4.40396E-07,5.41809E-07,5.8912E-07,7.03317E-07,8.18566E-07
NPS-Ref,NAM,CAN,ASP,JPN,,12.83520588,13.94062151,16.37329404,16.3732385,24.63132239,40.67745401,40.67761996
NPS-Ref,NAM,CAN,ASP,KOR,,3.529927487,2.426950103,1.05995E-05,1.03471E-05,6.70156E-06,6.84714E-06,7.10447E-06
NPS-Ref,NAM,CAN,ASP,MYS,,6.3633E-09,1.18481E-08,1.56083E-08,2.00885E-08,2.67779E-08,3.38837E-08,4.3272E-08
NPS-Ref,NAM,CAN,ASP,PAK,,2.16717E-09,9.61551E-09,1.06218E-08,1.23256E-08,1.64262E-08,2.05654E-08,2.50475E-08
NPS-Ref,NAM,CAN,ASP,PHL,,6.03315E-09,3.13358E-08,5.38335E-08,8.23645E-08,1.19848E-07,1.46704E-07,1.58399E-07
NPS-Ref,NAM,CAN,ASP,SGP,,7.82585E-08,5.03579E-08,3.69866E-08,4.77603E-08,6.24176E-08,8.09922E-08,1.05056E-07
NPS-Ref,NAM,CAN,ASP,THA,,1.63302E-08,7.45707E-08,1.29903E-07,2.03061E-07,2.42525E-07,2.99164E-07,3.5224E-07
NPS-Ref,NAM,CAN,ASP,TWN,,3.35333E-07,9.34597E-07,1.0801E-06,1.23236E-06,1.33907E-06,1.51978E-06,1.6863E-06
NPS-Ref,NAM,CAN,ASP,VNM,,,1.3897E-08,2.2376E-08,3.78521E-08,7.91698E-08,9.28454E-08,1.00858E-07
NPS-Ref,NAM,USA,SAM,ARG,6.92339E-09,4.89727E-08,9.13409E-08,4.00824E-08,2.08893E-08,2.30945E-08,2.54191E-08,2.97467E-08
NPS-Ref,NAM,USA,SAM,BRA,1.06431E-08,5.08346E-08,8.16529E-08,2.97609E-08,3.35392E-08,3.67885E-08,4.06467E-08,4.48854E-08
NPS-Ref,NAM,USA,SAM,CHL,2.43895E-08,2.28325E-06,0.745917101,3.97873E-07,1.44396E-07,1.10084E-07,9.29399E-08,1.11456E-07
NPS-Ref,NAM,USA,SAM,COL,,1.20512E-08,5.37147E-08,1.13349E-07,3.04031E-07,3.99855E-07,4.9278E-07,5.22245E-07
NPS-Ref,NAM,USA,SAM,TTO,,,2.2897E-09,2.56717E-09,3.02824E-09,5.50639E-09,6.96302E-09,8.91631E-09
NPS-Ref,NAM,USA,SAM,VEN,,1.18048E-08,5.17209E-08,1.0754E-07,2.26669E-07,2.86656E-07,3.69014E-07,3.92978E-07
NPS-Ref,NAM,USA,EU,AUT,3.39183E-09,6.8589E-08,1.0252E-07,4.5975E-08,5.5866E-08,7.70305E-08,7.25897E-08,7.07691E-08
NPS-Ref,NAM,USA,EU,BEL,6.98894E-09,1.1979E-07,4.81843E-07,3.0846E-07,6.60154E-07,1.11693E-06,1.05654E-06,1.16965E-06
NPS-Ref,NAM,USA,EU,BGR,3.86722E-09,1.61205E-08,1.7238E-08,1.8788E-08,2.24832E-08,2.73754E-08,3.2699E-08,3.49497E-08
NPS-Ref,NAM,USA,EU,CZE,3.3904E-09,1.07225E-07,9.71473E-08,4.83297E-08,5.3165E-08,6.37676E-08,6.45483E-08,6.7338E-08
NPS-Ref,NAM,USA,EU,DEU,6.40247E-09,6.23873E-08,1.75811E-07,1.23625E-07,1.46168E-07,1.80314E-07,1.38549E-07,1.16862E-07
NPS-Ref,NAM,USA,EU,DNK,3.0672E-09,1.66577E-08,3.37354E-08,4.37712E-08,6.6636E-08,9.00731E-08,1.02856E-07,1.07143E-07
NPS-Ref,NAM,USA,EU,ESP,1.05925E-07,1.766775494,1.434613708,0.193840441,0.472250879,1.810028665,1.6437E-05,1.60617E-05
NPS-Ref,NAM,USA,EU,EST,4.97426E-08,0.209593605,0.003033231,0.01229557,0.004275735,1.2524E-07,5.77311E-08,4.59128E-08
NPS-Ref,NAM,USA,EU,FIN,,0.295920288,0.211450964,0.202407781,0.300577211,0.313169768,0.055184573,1.42529E-06
NPS-Ref,NAM,USA,EU,FRA,1.16433E-08,11.27782258,6.443526499,2.926613545,2.389230061,2.8134808,1.171248494,1.39973E-05
NPS-Ref,NAM,USA,EU,GBR,5.01195E-09,5.93069E-08,1.25687E-07,1.32747E-07,2.06279E-07,3.80372E-07,4.52086E-07,7.43793E-07
NPS-Ref,NAM,USA,EU,GRC,1.93662E-08,2.89125E-08,2.8349E-08,3.07229E-08,3.71335E-08,4.24543E-08,5.15042E-08,5.48846E-08
NPS-Ref,NAM,USA,EU,HRV,3.70695E-09,7.6017E-08,1.07583E-07,5.98674E-08,7.17917E-08,8.40531E-08,7.197E-08,6.98799E-08
NPS-Ref,NAM,USA,EU,HUN,3.42344E-09,8.47805E-08,6.07888E-08,3.56408E-08,3.85405E-08,4.29872E-08,4.31856E-08,4.47939E-08
NPS-Ref,NAM,USA,EU,IRL,1.03454E-08,1.10835E-07,2.24041E-07,2.06408E-07,3.08198E-07,3.6859E-07,3.3837E-07,2.58592E-07
NPS-Ref,NAM,USA,EU,ITA,7.26674E-09,1.00376E-07,1.54488E-07,5.79975E-08,7.34027E-08,9.57036E-08,9.37496E-08,9.55888E-08
NPS-Ref,NAM,USA,EU,LTU,4.54747E-08,0.689570002,0.369500271,0.104463333,0.086950745,0.034156898,1.84591E-07,1.05747E-07
NPS-Ref,NAM,USA,EU,LVA,3.39584E-08,0.411058352,0.113708744,0.092910617,0.112801934,0.051943094,1.77515E-07,9.22902E-08
NPS-Ref,NAM,USA,EU,NLD,5.79995E-09,4.91614E-08,1.19666E-07,1.25407E-07,3.11357E-07,4.31386E-07,4.15103E-07,3.30848E-07
NPS-Ref,NAM,USA,EU,POL,4.5619E-09,1.24036E-07,1.79964E-07,5.25758E-08,6.13847E-08,6.66508E-08,5.60118E-08,6.17677E-08
NPS-Ref,NAM,USA,EU,PRT,7.19103E-08,2.109684647,1.58982581,1.585840549,1.49694923,3.21843E-05,3.3631E-05,1.36841E-05
NPS-Ref,NAM,USA,EU,ROM,3.33076E-09,1.27634E-08,1.43814E-08,1.845E-08,2.16246E-08,2.49473E-08,2.67791E-08,2.92222E-08
NPS-Ref,NAM,USA,EU,SVK,2.86895E-09,4.39575E-08,4.1676E-08,2.97285E-08,3.49724E-08,4.33758E-08,4.57707E-08,4.82902E-08
NPS-Ref,NAM,USA,EU,SVN,3.94488E-09,1.26403E-07,1.5156E-07,6.94753E-08,6.06528E-08,6.28124E-08,5.83016E-08,5.71947E-08
NPS-Ref,NAM,USA,EU,SWE,8.87881E-09,2.48064E-07,0.302106121,0.10201558,0.689271623,0.570863644,0.183943227,0.38233479
NPS-Ref,NAM,USA,ROE,CHE,1.29624E-08,2.85309E-07,3.56799E-07,1.03902E-07,1.19872E-07,1.51499E-07,1.37697E-07,1.3575E-07
NPS-Ref,NAM,USA,ROE,SRB,9.14029E-09,4.81025E-08,2.5959E-08,2.53863E-08,3.1525E-08,3.90309E-08,4.4356E-08,4.7514E-08
NPS-Ref,NAM,USA,ROE,TUR,1.35708E-08,8.66717E-09,1.10844E-08,1.26269E-08,1.55593E-08,2.03946E-08,2.44058E-08,2.99056E-08
NPS-Ref,NAM,USA,ROE,UKR,1.12725E-09,1.49397E-08,1.81451E-08,1.69917E-08,2.05466E-08,2.73591E-08,3.12896E-08,3.7971E-08
NPS-Ref,NAM,USA,MEA,ARE,8.91169E-10,7.50376E-09,1.14885E-08,1.34054E-08,1.62723E-08,1.67231E-08,2.01066E-08,2.21951E-08
NPS-Ref,NAM,USA,MEA,BHR,,8.50048E-09,1.35321E-08,1.80751E-08,2.07643E-08,2.47106E-08,2.76001E-08,3.05522E-08
NPS-Ref,NAM,USA,MEA,ISR,,8.68509E-09,1.36463E-08,1.84448E-08,2.11338E-08,2.46927E-08,2.73695E-08,3.03614E-08
NPS-Ref,NAM,USA,MEA,KWT,2.14147E-09,2.3734E-08,2.29943E-08,3.30732E-08,3.59452E-08,3.33074E-08,3.47672E-08,3.60704E-08
NPS-Ref,NAM,USA,MEA,OMN,,2.49852E-09,6.23146E-09,7.58641E-09,8.9019E-09,1.04529E-08,1.18632E-08,1.29193E-08
NPS-Ref,NAM,USA,AFR,EGY,,1.74779E-08,1.75456E-08,2.12515E-08,2.59633E-08,3.17632E-08,3.80904E-08,4.06247E-08
NPS-Ref,NAM,USA,ASP,BGD,,2.36499E-08,7.71891E-08,1.33073E-07,2.09858E-07,2.87718E-07,3.71879E-07,4.31749E-07
NPS-Ref,NAM,USA,ASP,CHN,6.52302E-08,7.61162E-07,1.53631E-06,2.0805E-06,2.86047E-06,3.55214E-06,4.33095E-06,4.99311E-06
NPS-Ref,NAM,USA,ASP,IDN,,5.19705E-09,8.65029E-09,1.12444E-08,1.43472E-08,1.9603E-08,2.44004E-08,3.19808E-08
NPS-Ref,NAM,USA,ASP,IND,5.59384E-08,6.38013E-07,8.46942E-07,8.29243E-07,1.15224E-06,1.26766E-06,1.55716E-06,1.79765E-06
NPS-Ref,NAM,USA,ASP,JPN,0.542950055,77.1608793,95.63948563,116.3096522,132.3157222,145.6421375,151.7703958,152.7969497
NPS-Ref,NAM,USA,ASP,KOR,7.48543E-07,1.5388E-06,7.683458372,4.799145562,2.496758805,8.92285E-06,9.09333E-06,9.2569E-06
NPS-Ref,NAM,USA,ASP,MYS,4.37249E-09,9.94291E-09,1.60783E-08,2.13684E-08,2.87336E-08,3.60561E-08,4.50559E-08,5.76698E-08
NPS-Ref,NAM,USA,ASP,PAK,,9.86732E-09,1.31049E-08,1.30401E-08,1.50722E-08,1.99633E-08,2.52799E-08,3.29612E-08
NPS-Ref,NAM,USA,ASP,PHL,,1.58999E-08,5.91418E-08,1.10208E-07,1.86368E-07,2.87432E-07,3.49338E-07,3.70475E-07
NPS-Ref,NAM,USA,ASP,SGP,2.1258E-08,1.4661E-07,7.85288E-08,5.51129E-08,7.22964E-08,9.13304E-08,1.18714E-07,1.54638E-07
NPS-Ref,NAM,USA,ASP,THA,4.88966E-09,3.96483E-08,1.34749E-07,2.51379E-07,4.24385E-07,5.01606E-07,6.43922E-07,7.63943E-07
NPS-Ref,NAM,USA,ASP,TWN,1.22256E-07,6.33678E-07,1.36592E-06,1.73413E-06,2.16257E-06,2.37802E-06,2.88891E-06,3.21381E-06
NPS-Ref,NAM,USA,ASP,VNM,,,2.31537E-08,3.82786E-08,6.6367E-08,1.41614E-07,1.63848E-07,1.76841E-07
NPS-Ref,SAM,PER,NAM,CAN,7.49572E-10,4.91571E-09,6.74698E-09,9.3166E-09,9.96852E-09,1.05034E-08,1.15192E-08,1.49848E-08
NPS-Ref,SAM,PER,NAM,MEX,7.75382E-10,4.35056E-09,1.00094E-08,1.08213E-08,1.01342E-08,1.06095E-08,1.4365E-08,1.65012E-08
NPS-Ref,SAM,PER,NAM,USA,2.66125E-09,2.30811E-08,4.13878E-08,5.20298E-08,5.33419E-08,5.84633E-08,6.76556E-08,7.71449E-08
NPS-Ref,SAM,PER,EU,AUT,3.88065E-09,4.75975E-08,6.7681E-08,3.24445E-08,2.57693E-08,2.47383E-08,2.80023E-08,3.57034E-08
NPS-Ref,SAM,PER,EU,BEL,8.48751E-09,6.05711E-08,1.70393E-07,1.39578E-07,7.73957E-08,5.68421E-08,6.35007E-08,9.69224E-08
NPS-Ref,SAM,PER,EU,BGR,4.32888E-09,1.26542E-08,1.43989E-08,1.4742E-08,1.4055E-08,1.47905E-08,1.79864E-08,2.20073E-08
NPS-Ref,SAM,PER,EU,CZE,3.89091E-09,6.46335E-08,7.01456E-08,3.47014E-08,2.5783E-08,2.39563E-08,2.73774E-08,3.52451E-08
NPS-Ref,SAM,PER,EU,DEU,7.6446E-09,4.16624E-08,9.24432E-08,6.57963E-08,4.30292E-08,3.77334E-08,4.07466E-08,5.14384E-08
NPS-Ref,SAM,PER,EU,DNK,3.46196E-09,1.46963E-08,2.89648E-08,3.52675E-08,3.64783E-08,3.56685E-08,4.23821E-08,5.65278E-08
NPS-Ref,SAM,PER,EU,ESP,4.6313E-07,6.91236E-07,9.86433E-07,9.81694E-07,2.24827E-07,1.43201E-07,1.64948E-07,2.62916E-07
NPS-Ref,SAM,PER,EU,EST,1.96314E-07,1.71607E-07,1.10246E-07,1.88803E-07,4.63339E-08,3.24118E-08,3.03561E-08,3.22531E-08
NPS-Ref,SAM,PER,EU,FIN,,3.68409E-07,4.49428E-07,6.15744E-07,1.325E-07,8.47399E-08,1.05534E-07,1.51886E-07
NPS-Ref,SAM,PER,EU,FRA,1.64398E-08,5.13751E-07,7.56264E-07,7.88715E-07,1.9583E-07,1.11932E-07,1.24858E-07,1.82404E-07
NPS-Ref,SAM,PER,EU,GBR,8.19455E-09,4.11857E-08,8.25274E-08,7.693E-08,5.60794E-08,5.19057E-08,6.42793E-08,1.20757E-07
NPS-Ref,SAM,PER,EU,GRC,2.17684E-08,1.9904E-08,2.14527E-08,2.07059E-08,1.79583E-08,1.80089E-08,2.32766E-08,2.87767E-08
NPS-Ref,SAM,PER,EU,HRV,4.20724E-09,5.18092E-08,7.28861E-08,4.13559E-08,2.93212E-08,2.56734E-08,2.94413E-08,3.64232E-08
NPS-Ref,SAM,PER,EU,HUN,3.84804E-09,5.59407E-08,4.61992E-08,2.68189E-08,2.08846E-08,1.94901E-08,2.18012E-08,2.70659E-08
NPS-Ref,SAM,PER,EU,IRL,1.3248E-08,7.74821E-08,1.52583E-07,1.37697E-07,1.01043E-07,7.66571E-08,8.11349E-08,1.06639E-07
NPS-Ref,SAM,PER,EU,ITA,8.89926E-09,5.96623E-08,8.98993E-08,3.81179E-08,2.96912E-08,2.71832E-08,3.25257E-08,4.24026E-08
NPS-Ref,SAM,PER,EU,LTU,1.91543E-07,1.68956E-07,2.70153E-07,6.50789E-07,7.05614E-08,3.95047E-08,4.2683E-08,4.65127E-08
NPS-Ref,SAM,PER,EU,LVA,1.33299E-07,1.54002E-07,1.27196E-07,1.76815E-07,4.77382E-08,3.47095E-08,3.91407E-08,4.32114E-08
NPS-Ref,SAM,PER,EU,NLD,6.82815E-09,3.4085E-08,6.99103E-08,7.00738E-08,5.05381E-08,4.17917E-08,4.88354E-08,6.91722E-08
NPS-Ref,SAM,PER,EU,POL,7.66026E-09,6.91828E-08,9.82435E-08,3.42453E-08,2.58642E-08,2.30102E-08,2.58356E-08,3.32327E-08
NPS-Ref,SAM,PER,EU,PRT,2.47937E-07,4.17088E-07,5.92984E-07,8.1636E-07,1.5544E-07,1.11381E-07,1.58672E-07,2.94547E-07
NPS-Ref,SAM,PER,EU,ROM,3.68711E-09,1.07203E-08,1.27277E-08,1.50169E-08,1.42153E-08,1.4441E-08,1.63984E-08,2.00847E-08
NPS-Ref,SAM,PER,EU,SVK,3.20988E-09,3.46437E-08,3.45603E-08,2.33713E-08,1.99973E-08,1.98336E-08,2.28538E-08,2.88533E-08
NPS-Ref,SAM,PER,EU,SVN,6.52528E-09,8.23928E-08,1.00599E-07,4.81801E-08,2.72662E-08,2.30905E-08,2.54047E-08,3.1676E-08
NPS-Ref,SAM,PER,EU,SWE,1.00771E-08,1.34921E-07,6.17025E-07,6.85814E-07,1.69528E-07,1.29582E-07,1.65139E-07,2.69503E-07
NPS-Ref,SAM,PER,ROE,CHE,1.73591E-08,1.86533E-07,2.34062E-07,6.96774E-08,4.63699E-08,3.81099E-08,4.24903E-08,5.69004E-08
NPS-Ref,SAM,PER,ROE,SRB,1.02221E-08,4.13913E-08,2.10415E-08,1.92211E-08,1.7988E-08,1.84087E-08,2.18308E-08,2.73282E-08
NPS-Ref,SAM,PER,ROE,TUR,1.65741E-08,6.7881E-09,9.18136E-09,9.98259E-09,1.03609E-08,1.15142E-08,1.53213E-08,1.90756E-08
NPS-Ref,SAM,PER,ROE,UKR,2.44822E-09,1.33187E-08,1.57003E-08,1.40656E-08,1.38898E-08,1.63245E-08,1.93605E-08,2.45699E-08
NPS-Ref,SAM,PER,MEA,ARE,9.24506E-10,5.06149E-09,7.9828E-09,8.91874E-09,8.64507E-09,8.67217E-09,1.1126E-08,1.30777E-08
NPS-Ref,SAM,PER,MEA,BHR,,1.93027E-09,7.25352E-09,8.50929E-09,8.45236E-09,1.02781E-08,1.17129E-08,1.59837E-08
NPS-Ref,SAM,PER,MEA,ISR,,1.96795E-09,7.39215E-09,8.77202E-09,8.66408E-09,1.03523E-08,1.35587E-08,1.60196E-08
NPS-Ref,SAM,PER,MEA,KWT,2.39474E-09,8.09973E-09,1.16342E-08,1.48841E-08,1.29411E-08,1.31011E-08,1.39952E-08,1.79487E-08
NPS-Ref,SAM,PER,MEA,OMN,,9.21747E-10,3.22493E-09,5.83583E-09,6.0372E-09,6.58692E-09,7.54104E-09,8.7601E-09
NPS-Ref,SAM,PER,AFR,EGY,,6.28996E-09,9.28305E-09,1.00114E-08,1.15274E-08,1.29871E-08,1.51695E-08,1.97912E-08
NPS-Ref,SAM,PER,ASP,BGD,,8.98042E-09,4.00814E-08,5.80972E-08,4.77612E-08,5.39948E-08,7.13617E-08,1.00646E-07
NPS-Ref,SAM,PER,ASP,CHN,6.72454E-08,4.52533E-07,8.70085E-07,1.1E-06,2.93741E-07,2.66894E-07,3.48369E-07,5.61219E-07
NPS-Ref,SAM,PER,ASP,IDN,,1.94681E-09,6.28616E-09,7.67025E-09,8.20279E-09,9.44385E-09,1.32883E-08,1.74529E-08
NPS-Ref,SAM,PER,ASP,IND,6.26012E-08,2.58128E-07,4.59572E-07,3.42574E-07,1.84372E-07,1.56647E-07,2.06095E-07,3.1597E-07
NPS-Ref,SAM,PER,ASP,JPN,5.144468648,0.278145037,0.081874289,0.418472015,1.3347E-07,7.6273E-08,1.04204E-07,1.96639E-07
NPS-Ref,SAM,PER,ASP,KOR,9.28916E-07,0.59279259,0.377090269,0.000219362,1.57095E-07,1.13583E-07,1.49056E-07,2.63741E-07
NPS-Ref,SAM,PER,ASP,MYS,4.55918E-09,6.3824E-09,1.11438E-08,1.39736E-08,1.51687E-08,1.86568E-08,2.33917E-08,3.08409E-08
NPS-Ref,SAM,PER,ASP,PAK,,2.20825E-09,9.50901E-09,9.86668E-09,9.24713E-09,1.04759E-08,1.4486E-08,1.92794E-08
NPS-Ref,SAM,PER,ASP,PHL,,6.28212E-09,3.14501E-08,5.31999E-08,3.92511E-08,3.67539E-08,4.9139E-08,7.44515E-08
NPS-Ref,SAM,PER,ASP,SGP,2.22963E-08,7.43589E-08,4.62837E-08,3.19145E-08,3.39201E-08,4.00151E-08,5.08491E-08,7.2046E-08
NPS-Ref,SAM,PER,ASP,THA,4.98636E-09,1.61298E-08,6.59899E-08,9.57954E-08,4.86643E-08,4.11473E-08,5.52453E-08,9.11364E-08
NPS-Ref,SAM,PER,ASP,TWN,1.49345E-07,2.50105E-07,5.613E-07,5.55386E-07,6.11222E-08,4.7738E-08,6.47488E-08,1.15873E-07
NPS-Ref,SAM,PER,ASP,VNM,,,1.20028E-08,1.81151E-08,2.13524E-08,2.88149E-08,3.70475E-08,5.05667E-08
NPS-Ref,SAM,TTO,NAM,CAN,7.57692E-10,5.03527E-09,8.85883E-09,1.00037E-08,1.19131E-08,1.32596E-08,1.58043E-08,1.69159E-08
NPS-Ref,SAM,TTO,NAM,MEX,7.81573E-10,4.41791E-09,1.03214E-08,1.18454E-08,1.25498E-08,1.63919E-08,1.72352E-08,2.24852E-08
NPS-Ref,SAM,TTO,NAM,USA,2.68584E-09,2.47198E-08,4.43677E-08,5.70503E-08,6.50306E-08,7.64383E-08,8.09927E-08,8.92382E-08
NPS-Ref,SAM,TTO,EU,AUT,4.06541E-09,6.36604E-08,9.55556E-08,4.13707E-08,4.8614E-08,6.26201E-08,5.63483E-08,5.76023E-08
NPS-Ref,SAM,TTO,EU,BEL,9.19185E-09,9.64696E-08,4.0016E-07,2.5263E-07,5.019E-07,8.01998E-07,7.65354E-07,8.24913E-07
NPS-Ref,SAM,TTO,EU,BGR,4.49245E-09,1.32945E-08,1.5283E-08,1.6483E-08,1.89941E-08,2.24835E-08,2.61948E-08,2.88066E-08
NPS-Ref,SAM,TTO,EU,CZE,5.99517E-09,9.3556E-08,9.14109E-08,4.3918E-08,4.68818E-08,5.29682E-08,5.14832E-08,5.55686E-08
NPS-Ref,SAM,TTO,EU,DEU,8.16981E-09,5.56141E-08,1.53452E-07,1.02816E-07,1.15325E-07,1.30109E-07,9.97465E-08,9.04949E-08
NPS-Ref,SAM,TTO,EU,DNK,3.61588E-09,1.60978E-08,3.28852E-08,4.15666E-08,6.20897E-08,8.08587E-08,8.92569E-08,9.3674E-08
NPS-Ref,SAM,TTO,EU,ESP,2.57221178,5.686480667,2.278833023,1.05391E-05,6.76921E-06,8.20549E-06,6.31937E-06,5.78207E-06
NPS-Ref,SAM,TTO,EU,EST,0.082675459,2.19252E-06,8.81896E-07,9.7629E-07,5.10827E-07,1.14949E-07,5.06701E-08,4.08653E-08
NPS-Ref,SAM,TTO,EU,FIN,,1.67386E-06,3.16864E-06,0.06972823,3.59549E-06,4.19596E-06,2.37389E-06,8.08667E-07
NPS-Ref,SAM,TTO,EU,FRA,1.88591E-08,2.741432015,4.269674689,5.71221E-06,4.76255E-06,6.71121E-06,6.95508E-06,4.78888E-06
NPS-Ref,SAM,TTO,EU,GBR,8.74918E-09,4.8374E-08,1.08942E-07,1.1254E-07,1.55201E-07,2.54963E-07,3.02681E-07,5.10651E-07
NPS-Ref,SAM,TTO,EU,GRC,2.27222E-08,2.12242E-08,2.33081E-08,2.44967E-08,2.64786E-08,3.1074E-08,3.58849E-08,4.12885E-08
NPS-Ref,SAM,TTO,EU,HRV,4.38869E-09,6.44368E-08,1.00475E-07,5.24869E-08,5.95787E-08,6.72318E-08,5.60869E-08,5.57714E-08
NPS-Ref,SAM,TTO,EU,HUN,3.99868E-09,7.25877E-08,5.70706E-08,3.24039E-08,3.41252E-08,3.65646E-08,3.58422E-08,3.83209E-08
NPS-Ref,SAM,TTO,EU,IRL,1.44045E-08,9.12445E-08,1.93935E-07,1.7637E-07,2.4915E-07,2.97148E-07,2.72498E-07,2.17715E-07
NPS-Ref,SAM,TTO,EU,ITA,9.56489E-09,8.58282E-08,1.36023E-07,4.9963E-08,6.00514E-08,7.26743E-08,6.73527E-08,7.1073E-08
NPS-Ref,SAM,TTO,EU,LTU,0.271176334,8.22093E-07,1.20169E-06,3.61259E-06,2.08254E-06,1.30269E-06,1.36556E-07,8.00671E-08
NPS-Ref,SAM,TTO,EU,LVA,0.180474888,1.20951E-06,1.56414E-06,1.06489E-06,1.40488E-06,1.63592E-06,1.36887E-07,7.32604E-08
NPS-Ref,SAM,TTO,EU,NLD,7.2509E-09,4.36191E-08,1.06887E-07,1.079E-07,2.4515E-07,3.17124E-07,3.04499E-07,2.33208E-07
NPS-Ref,SAM,TTO,EU,POL,8.15634E-09,9.27066E-08,1.48209E-07,4.50829E-08,5.05499E-08,5.39793E-08,4.42031E-08,4.92514E-08
NPS-Ref,SAM,TTO,EU,PRT,0.91778123,0.012085291,0.029390747,1.53966E-05,1.40664E-05,1.03366E-05,1.03572E-05,7.40663E-06
NPS-Ref,SAM,TTO,EU,ROM,3.81213E-09,1.11871E-08,1.337E-08,1.66743E-08,1.90963E-08,2.15541E-08,2.28567E-08,2.54367E-08
NPS-Ref,SAM,TTO,EU,SVK,3.33492E-09,4.12582E-08,4.0098E-08,2.76728E-08,3.17E-08,3.74239E-08,3.83656E-08,4.15732E-08
NPS-Ref,SAM,TTO,EU,SVN,6.87005E-09,1.12248E-07,1.42728E-07,6.04358E-08,5.23866E-08,5.28826E-08,4.74235E-08,4.81681E-08
NPS-Ref,SAM,TTO,EU,SWE,1.05499E-08,1.74658E-07,0.028673674,0.314831743,5.316E-06,4.13162E-06,3.97178E-06,4.97218E-06
NPS-Ref,SAM,TTO,ROE,CHE,1.9255E-08,2.69774E-07,3.32538E-07,9.17749E-08,1.00054E-07,1.16306E-07,1.00901E-07,1.05724E-07
NPS-Ref,SAM,TTO,ROE,SRB,1.06104E-08,4.59006E-08,2.26554E-08,2.19691E-08,2.61405E-08,3.11171E-08,3.45037E-08,3.80225E-08
NPS-Ref,SAM,TTO,ROE,TUR,1.7769E-08,7.02477E-09,9.58327E-09,1.08561E-08,1.28642E-08,1.67516E-08,1.95896E-08,2.48451E-08
NPS-Ref,SAM,TTO,ROE,UKR,2.51484E-09,1.42907E-08,1.67841E-08,1.55613E-08,1.84174E-08,2.38827E-08,2.67726E-08,3.31954E-08
NPS-Ref,SAM,TTO,MEA,ARE,9.31367E-10,5.13693E-09,8.19539E-09,9.56311E-09,1.04492E-08,1.21804E-08,1.31904E-08,1.67082E-08
NPS-Ref,SAM,TTO,MEA,BHR,,1.9627E-09,7.49253E-09,9.21258E-09,1.13263E-08,1.23691E-08,1.5664E-08,1.78279E-08
NPS-Ref,SAM,TTO,MEA,ISR,,1.99975E-09,7.63115E-09,9.49939E-09,1.16028E-08,1.24461E-08,1.56564E-08,1.78423E-08
NPS-Ref,SAM,TTO,MEA,KWT,3.19284E-09,9.07656E-09,1.242E-08,1.71485E-08,1.89881E-08,1.74199E-08,1.71688E-08,2.04823E-08
NPS-Ref,SAM,TTO,MEA,OMN,,9.28757E-10,3.28134E-09,6.13106E-09,6.98653E-09,8.02449E-09,8.90876E-09,9.86505E-09
NPS-Ref,SAM,TTO,AFR,EGY,,6.46309E-09,9.49327E-09,1.0726E-08,1.38472E-08,1.66308E-08,2.05206E-08,2.26553E-08
NPS-Ref,SAM,TTO,ASP,BGD,,9.62593E-09,4.60347E-08,8.03574E-08,1.07275E-07,1.42219E-07,1.72416E-07,2.20718E-07
NPS-Ref,SAM,TTO,ASP,CHN,6.76538E-08,4.17261E-07,9.22622E-07,1.50297E-06,1.42495E-06,1.65108E-06,1.83902E-06,2.43945E-06
NPS-Ref,SAM,TTO,ASP,IDN,,1.91697E-09,6.2878E-09,8.06116E-09,9.82292E-09,1.34759E-08,1.64961E-08,2.25758E-08
NPS-Ref,SAM,TTO,ASP,IND,7.27964E-08,4.6385E-07,7.57447E-07,7.29016E-07,6.7136E-07,6.69922E-07,7.75978E-07,1.05654E-06
NPS-Ref,SAM,TTO,ASP,JPN,13.27317064,1.278321826,0.730402745,4.211436521,2.298310834,1.209684984,1.184545942,1.7633428
NPS-Ref,SAM,TTO,ASP,KOR,5.85978E-07,7.00266E-07,1.45865E-06,2.75025E-06,2.01436E-06,2.04665E-06,2.09637E-06,2.53633E-06
NPS-Ref,SAM,TTO,ASP,MYS,4.55888E-09,6.40268E-09,1.13104E-08,1.4835E-08,1.82673E-08,2.38792E-08,2.93606E-08,3.88947E-08
NPS-Ref,SAM,TTO,ASP,PAK,,2.2511E-09,1.01867E-08,1.11242E-08,1.20452E-08,1.60578E-08,1.97352E-08,2.51148E-08
NPS-Ref,SAM,TTO,ASP,PHL,,6.35204E-09,3.30921E-08,6.34658E-08,9.5896E-08,1.42562E-07,1.68596E-07,1.91522E-07
NPS-Ref,SAM,TTO,ASP,SGP,2.26524E-08,8.11256E-08,4.82609E-08,3.41268E-08,4.17888E-08,5.31314E-08,6.63241E-08,8.98014E-08
NPS-Ref,SAM,TTO,ASP,THA,5.02058E-09,1.64712E-08,7.33117E-08,1.41281E-07,1.7705E-07,1.87927E-07,2.14891E-07,3.02264E-07
NPS-Ref,SAM,TTO,ASP,TWN,1.66099E-07,2.32974E-07,6.81392E-07,1.12155E-06,6.83014E-07,7.18679E-07,7.80992E-07,1.05124E-06
NPS-Ref,SAM,TTO,ASP,VNM,,,1.22719E-08,2.00546E-08,3.2085E-08,6.37231E-08,7.16434E-08,8.44743E-08
NPS-Ref,EU,AUT,ROE,CHE,0.052729002,4.56568E-08,9.3465E-08,9.36844E-08,8.23759E-08,1.12482E-07,,
NPS-Ref,EU,AUT,ROE,SRB,4.18255E-08,4.27737E-08,1.51228E-08,2.03552E-08,2.06164E-08,1.84166E-08,,
NPS-Ref,EU,AUT,ROE,TUR,2.12746E-08,3.23982E-09,4.0685E-09,7.40231E-09,8.3012E-09,7.35377E-09,,
NPS-Ref,EU,AUT,ROE,UKR,7.13334E-09,1.16768E-08,1.34891E-08,1.58533E-08,1.60766E-08,1.56624E-08,,
NPS-Ref,EU,CYP,NAM,CAN,,,6.28787E-09,9.35201E-09,1.15494E-08,1.30869E-08,1.57289E-08,1.66336E-08
NPS-Ref,EU,CYP,NAM,MEX,,,9.29997E-09,1.10242E-08,1.24383E-08,1.63312E-08,1.72813E-08,2.21051E-08
NPS-Ref,EU,CYP,NAM,USA,,,3.91315E-08,5.21568E-08,6.3187E-08,7.55055E-08,8.06244E-08,8.77196E-08
NPS-Ref,EU,CYP,SAM,ARG,,,3.61335E-08,2.47549E-08,1.37714E-08,1.64503E-08,1.80638E-08,2.14895E-08
NPS-Ref,EU,CYP,SAM,BRA,,,3.75795E-08,1.74721E-08,2.03065E-08,2.13461E-08,2.54355E-08,2.82824E-08
NPS-Ref,EU,CYP,SAM,CHL,,,9.31968E-08,1.07388E-07,6.9225E-08,6.10125E-08,5.29068E-08,5.77853E-08
NPS-Ref,EU,CYP,SAM,COL,,,2.50871E-08,5.22754E-08,1.07993E-07,1.43024E-07,1.71002E-07,1.78073E-07
NPS-Ref,EU,CYP,SAM,TTO,,,2.07277E-09,2.44053E-09,2.93457E-09,5.34757E-09,6.73288E-09,8.54755E-09
NPS-Ref,EU,CYP,SAM,VEN,,,2.39421E-08,5.00595E-08,9.64325E-08,1.24247E-07,1.50237E-07,1.57258E-07
NPS-Ref,EU,CYP,ROE,CHE,,,2.78464E-07,8.77524E-08,1.04171E-07,1.33173E-07,1.17826E-07,1.13984E-07
NPS-Ref,EU,CYP,ROE,SRB,,,2.17835E-08,2.18622E-08,2.72171E-08,3.35619E-08,3.7729E-08,3.99369E-08
NPS-Ref,EU,CYP,ROE,TUR,,,9.39296E-09,1.08724E-08,1.33829E-08,1.75629E-08,2.07016E-08,2.55555E-08
NPS-Ref,EU,CYP,ROE,UKR,,,1.58211E-08,1.5289E-08,1.86864E-08,2.4911E-08,2.82371E-08,3.40847E-08
NPS-Ref,EU,CYP,MEA,ARE,,,8.20005E-09,9.78654E-09,1.11148E-08,1.29141E-08,1.39786E-08,1.72673E-08
NPS-Ref,EU,CYP,MEA,BHR,,,7.4318E-09,9.30502E-09,1.19267E-08,1.29713E-08,1.63761E-08,1.82314E-08
NPS-Ref,EU,CYP,MEA,ISR,,,7.56363E-09,9.58922E-09,1.22147E-08,1.30407E-08,1.63514E-08,1.82324E-08
NPS-Ref,EU,CYP,MEA,KWT,,,1.21966E-08,1.75192E-08,2.02668E-08,1.85972E-08,2.00874E-08,2.10612E-08
NPS-Ref,EU,CYP,MEA,OMN,,,3.2817E-09,6.2279E-09,7.29739E-09,8.44913E-09,9.40017E-09,1.01935E-08
NPS-Ref,EU,CYP,AFR,EGY,,,8.97739E-09,1.04368E-08,1.40634E-08,1.70296E-08,2.11028E-08,2.2747E-08
NPS-Ref,EU,CYP,ASP,BGD,,,4.59812E-08,8.96538E-08,1.48075E-07,2.09192E-07,2.67259E-07,3.09907E-07
NPS-Ref,EU,CYP,ASP,CHN,,,0.001257702,0.977749405,1.61345538,3.850101231,2.338451649,2.629397033
NPS-Ref,EU,CYP,ASP,IDN,,,6.11501E-09,8.00056E-09,1.01866E-08,1.40766E-08,1.7362E-08,2.31131E-08
NPS-Ref,EU,CYP,ASP,IND,,,0.183086378,2.17671E-05,3.21416E-05,4.14139E-05,4.87438E-05,5.68162E-05
NPS-Ref,EU,CYP,ASP,JPN,,,9.50705E-07,2.6034E-06,3.82234E-06,5.47374E-06,1.41243E-05,2.13965E-05
NPS-Ref,EU,CYP,ASP,KOR,,,5.57989E-05,0.000295002,3.26799E-05,4.04645E-05,5.02295E-05,6.21112E-05
NPS-Ref,EU,CYP,ASP,MYS,,,1.11384E-08,1.49014E-08,1.9128E-08,2.5204E-08,3.12412E-08,4.03469E-08
NPS-Ref,EU,CYP,ASP,PAK,,,1.0017E-08,1.13045E-08,1.31037E-08,1.74172E-08,2.16987E-08,2.85448E-08
NPS-Ref,EU,CYP,ASP,PHL,,,2.90783E-08,5.5892E-08,9.12869E-08,1.38157E-07,1.6809E-07,1.79802E-07
NPS-Ref,EU,CYP,ASP,SGP,,,4.79725E-08,3.4301E-08,4.40496E-08,5.65756E-08,7.14618E-08,9.43453E-08
NPS-Ref,EU,CYP,ASP,THA,,,7.82051E-08,2.01576E-07,3.99639E-07,4.56914E-07,5.74398E-07,6.91001E-07
NPS-Ref,EU,CYP,ASP,TWN,,,0.000337901,0.02827265,1.8359E-05,2.2151E-05,2.79606E-05,3.48836E-05
NPS-Ref,EU,CYP,ASP,VNM,,,1.21387E-08,2.05903E-08,3.61395E-08,8.11719E-08,9.16273E-08,9.87027E-08
NPS-Ref,EU,CZE,ROE,CHE,0.069834915,3.85458E-08,9.56262E-08,7.49757E-08,8.19583E-08,9.23291E-08,1.09091E-07,1.99769E-07
NPS-Ref,EU,CZE,ROE,SRB,2.56364E-08,3.08761E-08,1.23538E-08,1.59352E-08,1.9198E-08,2.13975E-08,2.48093E-08,2.94375E-08
NPS-Ref,EU,CZE,ROE,TUR,1.64477E-08,2.99909E-09,3.72848E-09,6.67269E-09,8.08061E-09,9.54385E-09,1.13356E-08,1.34865E-08
NPS-Ref,EU,CZE,ROE,UKR,6.22766E-09,1.05754E-08,1.21218E-08,1.3966E-08,1.64327E-08,1.90674E-08,2.15279E-08,2.70679E-08
NPS-Ref,EU,DEU,ROE,CHE,0.22533895,0.187794467,6.21665E-07,9.78536E-08,1.14974E-07,1.41581E-07,1.72516E-07,2.36726E-07
NPS-Ref,EU,DEU,ROE,SRB,2.04865E-08,3.65911E-08,1.29725E-08,1.60138E-08,2.07477E-08,2.5697E-08,3.19816E-08,3.72331E-08
NPS-Ref,EU,DEU,ROE,TUR,1.43737E-08,3.16523E-09,3.83109E-09,6.76334E-09,8.54067E-09,1.06147E-08,1.32354E-08,1.61506E-08
NPS-Ref,EU,DEU,ROE,UKR,3.78734E-09,1.21471E-08,1.22614E-08,1.33777E-08,1.68626E-08,2.11699E-08,2.56039E-08,3.14014E-08
NPS-Ref,EU,DNK,ROE,CHE,0.204235717,0.14008128,2.98009E-07,6.95913E-08,6.75626E-08,8.2486E-08,8.92522E-08,8.37115E-08
NPS-Ref,EU,DNK,ROE,SRB,2.04451E-08,3.64814E-08,1.26111E-08,1.4072E-08,1.70417E-08,2.15736E-08,2.5494E-08,2.67354E-08
NPS-Ref,EU,DNK,ROE,TUR,1.43524E-08,3.16155E-09,3.7829E-09,4.57857E-09,7.84774E-09,9.85451E-09,1.19859E-08,1.38116E-08
NPS-Ref,EU,DNK,ROE,UKR,3.7817E-09,1.20986E-08,1.18854E-08,1.17935E-08,1.40381E-08,1.79771E-08,2.08188E-08,2.29397E-08
NPS-Ref,EU,GBR,ROE,CHE,1.89634E-07,2.28827E-07,1.59722E-07,6.25521E-08,6.01135E-08,6.41982E-08,6.89845E-08,6.88019E-08
NPS-Ref,EU,GBR,ROE,SRB,1.84516E-08,3.27439E-08,1.18268E-08,1.33526E-08,1.60187E-08,1.93352E-08,2.28169E-08,2.45553E-08
NPS-Ref,EU,GBR,ROE,TUR,1.33843E-08,3.09251E-09,3.68056E-09,4.46911E-09,7.63108E-09,9.36969E-09,1.13886E-08,1.3244E-08
NPS-Ref,EU,GBR,ROE,UKR,3.57808E-09,1.11888E-08,1.10611E-08,1.12078E-08,1.3234E-08,1.61946E-08,1.87937E-08,2.11422E-08
NPS-Ref,EU,HRV,ROE,CHE,2.11131E-08,2.90693E-08,1.08492E-07,1.00026E-07,1.25064E-07,1.61941E-07,1.98789E-07,3.2507E-07
NPS-Ref,EU,HRV,ROE,SRB,1.07273E-07,7.46846E-08,1.67071E-08,2.21546E-08,2.77073E-08,3.50514E-08,4.42567E-08,5.19937E-08
NPS-Ref,EU,HRV,ROE,TUR,2.96991E-08,3.4724E-09,4.22639E-09,7.62586E-09,9.48722E-09,1.18877E-08,1.48673E-08,1.82478E-08
NPS-Ref,EU,HRV,ROE,UKR,7.40671E-09,1.27174E-08,1.41239E-08,1.61261E-08,1.96488E-08,2.5318E-08,3.08287E-08,3.86832E-08
NPS-Ref,EU,HUN,ROE,CHE,2.64432E-08,2.92536E-08,7.08732E-08,8.2449E-08,,,,
NPS-Ref,EU,HUN,ROE,SRB,0.117897491,7.49576E-08,1.88839E-08,2.72819E-08,,,,
NPS-Ref,EU,HUN,ROE,TUR,3.71511E-08,3.47855E-09,4.40956E-09,8.14633E-09,,,,
NPS-Ref,EU,HUN,ROE,UKR,8.64483E-09,1.27848E-08,1.51339E-08,1.82008E-08,,,,
NPS-Ref,EU,IRL,ROE,CHE,2.35184E-08,2.29302E-08,2.59418E-08,2.24184E-08,2.48296E-08,2.79731E-08,3.24632E-08,3.79538E-08
NPS-Ref,EU,IRL,ROE,SRB,1.15442E-08,1.78532E-08,7.9705E-09,9.156E-09,1.09567E-08,1.31791E-08,1.60305E-08,1.85972E-08
NPS-Ref,EU,IRL,ROE,TUR,7.48628E-09,2.58607E-09,3.02184E-09,3.64885E-09,4.45144E-09,7.64289E-09,9.38307E-09,1.12487E-08
NPS-Ref,EU,IRL,ROE,UKR,2.65956E-09,7.05775E-09,7.3617E-09,7.90144E-09,9.38894E-09,1.14582E-08,1.37157E-08,1.64227E-08
NPS-Ref,EU,ITA,ROE,CHE,0.083460582,0.17858673,0.310235726,0.446123062,0.463399708,0.504480229,0.47037671,0.3549224
NPS-Ref,EU,ITA,ROE,SRB,1.90925E-08,4.21585E-08,1.41223E-08,1.93242E-08,2.36025E-08,2.8765E-08,3.56235E-08,4.11566E-08
NPS-Ref,EU,ITA,ROE,TUR,1.36601E-08,3.24266E-09,3.97568E-09,7.29938E-09,9.00085E-09,1.113E-08,1.38441E-08,1.68164E-08
NPS-Ref,EU,ITA,ROE,UKR,3.44363E-09,1.1358E-08,1.21919E-08,1.47376E-08,1.75356E-08,2.17087E-08,2.61427E-08,3.20445E-08
NPS-Ref,EU,NLD,ROE,CHE,0.224734914,0.187136382,6.35834E-07,8.21245E-08,7.2369E-08,8.28683E-08,9.00212E-08,1.00667E-07
NPS-Ref,EU,NLD,ROE,SRB,2.04901E-08,3.66147E-08,1.29778E-08,1.46841E-08,1.72965E-08,2.14773E-08,2.54704E-08,2.84732E-08
NPS-Ref,EU,NLD,ROE,TUR,1.43755E-08,3.16632E-09,3.83191E-09,6.51494E-09,7.89942E-09,9.83074E-09,1.19955E-08,1.42919E-08
NPS-Ref,EU,NLD,ROE,UKR,3.78775E-09,1.2151E-08,1.22633E-08,1.22734E-08,1.42006E-08,1.78441E-08,2.07611E-08,2.43004E-08
NPS-Ref,EU,POL,ROE,CHE,6.43153E-07,1.20187E-07,1.88262E-07,9.92275E-08,1.17289E-07,1.47475E-07,1.8718E-07,2.48904E-07
NPS-Ref,EU,POL,ROE,SRB,2.16864E-08,3.48899E-08,1.35463E-08,1.79394E-08,2.32406E-08,2.99606E-08,4.04701E-08,4.45099E-08
NPS-Ref,EU,POL,ROE,TUR,1.54402E-08,3.25029E-09,3.92015E-09,7.11431E-09,8.97688E-09,1.1336E-08,1.46105E-08,1.74985E-08
NPS-Ref,EU,POL,ROE,UKR,6.90421E-09,1.84704E-08,1.69681E-08,1.93307E-08,2.44115E-08,3.31436E-08,4.64137E-08,5.10693E-08
NPS-Ref,EU,ROM,ROE,CHE,1.59841E-08,3.60735E-08,8.86151E-08,9.72978E-08,1.35477E-07,2.08992E-07,3.2911E-07,5.89708E-07
NPS-Ref,EU,ROM,ROE,SRB,2.85631E-07,6.1801E-08,8.55237E-08,6.97278E-08,9.74589E-08,1.66401E-07,7.71061E-07,0.058435448
NPS-Ref,EU,ROM,ROE,TUR,8.33004E-08,9.10535E-09,1.00326E-08,1.21553E-08,1.55785E-08,2.06557E-08,2.74833E-08,3.54094E-08
NPS-Ref,EU,ROM,ROE,UKR,6.02925E-09,1.06868E-08,1.57161E-08,1.95124E-08,2.55265E-08,3.5225E-08,4.69993E-08,6.50389E-08
NPS-Ref,EU,SVK,ROE,CHE,0.024335377,3.32369E-08,9.73204E-08,7.74151E-08,9.90752E-08,1.22224E-07,1.41913E-07,2.53341E-07
NPS-Ref,EU,SVK,ROE,SRB,7.15653E-08,4.5457E-08,1.2864E-08,1.67911E-08,2.12525E-08,2.36742E-08,2.92985E-08,3.59092E-08
NPS-Ref,EU,SVK,ROE,TUR,2.37943E-08,3.08449E-09,3.64404E-09,4.53178E-09,7.55433E-09,8.74257E-09,1.06786E-08,1.27443E-08
NPS-Ref,EU,SVK,ROE,UKR,7.9402E-09,1.17286E-08,1.29232E-08,1.46508E-08,1.78348E-08,2.13984E-08,2.52819E-08,3.35405E-08
NPS-Ref,ROE,BLR,EU,AUT,2.97779E-09,1.7577E-08,2.61842E-08,2.2496E-08,2.78091E-08,3.78485E-08,4.49555E-08,6.63684E-08
NPS-Ref,ROE,BLR,EU,BEL,3.46826E-09,1.33663E-08,2.29562E-08,2.49912E-08,3.51792E-08,4.88871E-08,5.68517E-08,7.56983E-08
NPS-Ref,ROE,BLR,EU,BGR,3.76494E-09,7.92815E-09,9.43331E-09,1.10654E-08,1.34441E-08,1.72028E-08,2.17313E-08,2.78799E-08
NPS-Ref,ROE,BLR,EU,CZE,3.03447E-09,2.30251E-08,3.52401E-08,2.65987E-08,3.16962E-08,4.07555E-08,4.7237E-08,7.35782E-08
NPS-Ref,ROE,BLR,EU,DEU,3.65243E-09,1.69444E-08,3.15076E-08,3.48327E-08,4.53481E-08,5.82046E-08,6.21296E-08,1.00342E-07
NPS-Ref,ROE,BLR,EU,DNK,2.68304E-09,9.51206E-09,1.79078E-08,2.39077E-08,3.67745E-08,4.69591E-08,5.56882E-08,9.27669E-08
NPS-Ref,ROE,BLR,EU,ESP,3.17198E-09,1.01207E-08,1.43705E-08,1.45694E-08,1.91724E-08,2.31608E-08,2.84146E-08,3.44723E-08
NPS-Ref,ROE,BLR,EU,EST,3.14184E-07,2.83972E-07,0.00267865,0.011479835,0.003974641,1.25172E-07,6.2495E-08,4.86878E-08
NPS-Ref,ROE,BLR,EU,FIN,,3.64555E-07,0.017715812,0.032240644,0.034744866,3.14686E-05,0.067062543,0.099170241
NPS-Ref,ROE,BLR,EU,FRA,4.45182E-09,1.80671E-08,2.63138E-08,3.69116E-08,5.5403E-08,6.86015E-08,8.24162E-08,1.20652E-07
NPS-Ref,ROE,BLR,EU,GBR,3.33406E-09,1.09125E-08,1.75998E-08,2.03953E-08,2.79137E-08,3.83353E-08,4.84872E-08,7.68841E-08
NPS-Ref,ROE,BLR,EU,GRC,1.29576E-08,8.12556E-09,1.07294E-08,1.25639E-08,1.50218E-08,1.88518E-08,2.39194E-08,3.13486E-08
NPS-Ref,ROE,BLR,EU,HRV,3.58977E-09,1.69013E-08,2.37771E-08,2.32214E-08,2.81646E-08,3.57771E-08,4.0335E-08,5.54779E-08
NPS-Ref,ROE,BLR,EU,HUN,3.37311E-09,1.98995E-08,2.34451E-08,1.99246E-08,2.30625E-08,2.84719E-08,3.27149E-08,4.45527E-08
NPS-Ref,ROE,BLR,EU,IRL,4.7973E-09,1.76257E-08,2.89719E-08,3.02037E-08,3.9822E-08,4.7045E-08,5.12272E-08,6.74141E-08
NPS-Ref,ROE,BLR,EU,ITA,3.92969E-09,1.29191E-08,2.16781E-08,2.04569E-08,2.59193E-08,3.30778E-08,3.92934E-08,5.91791E-08
NPS-Ref,ROE,BLR,EU,LTU,0.228166128,0.435666592,0.47750399,0.426127394,0.513459146,0.55915133,0.484990118,0.479569264
NPS-Ref,ROE,BLR,EU,LVA,1.94646E-07,1.98629E-07,0.038823981,0.112204261,0.085259085,0.112669013,0.148506619,0.145948737
NPS-Ref,ROE,BLR,EU,NLD,2.99422E-09,1.12027E-08,1.81242E-08,2.00421E-08,2.79291E-08,3.7906E-08,4.53234E-08,6.00795E-08
NPS-Ref,ROE,BLR,EU,POL,4.29733E-09,3.42304E-08,5.44087E-08,3.2023E-08,4.00484E-08,4.51205E-08,4.92474E-08,7.99037E-08
NPS-Ref,ROE,BLR,EU,PRT,3.08868E-09,1.1298E-08,1.5393E-08,1.50272E-08,1.90329E-08,2.29732E-08,2.84831E-08,3.4579E-08
NPS-Ref,ROE,BLR,EU,ROM,3.29724E-09,7.59523E-09,9.75219E-09,1.23539E-08,1.48906E-08,1.82741E-08,2.10901E-08,2.70555E-08
NPS-Ref,ROE,BLR,EU,SVK,2.68678E-09,1.89937E-08,2.32484E-08,1.98191E-08,2.41166E-08,3.2304E-08,3.76515E-08,5.44945E-08
NPS-Ref,ROE,BLR,EU,SVN,3.35776E-09,2.20279E-08,2.82163E-08,2.48251E-08,2.72425E-08,3.28122E-08,3.70317E-08,5.135E-08
NPS-Ref,ROE,BLR,EU,SWE,7.72628E-09,2.57509E-08,4.63957E-08,5.78322E-08,8.35101E-08,1.03846E-07,1.24686E-07,2.0573E-07
NPS-Ref,ROE,SRB,EU,AUT,,,1.3727E-08,2.28905E-08,2.91822E-08,4.00238E-08,4.80806E-08,5.4863E-08
NPS-Ref,ROE,SRB,EU,BEL,,,1.07329E-08,1.96116E-08,2.75963E-08,3.85996E-08,4.8241E-08,5.19063E-08
NPS-Ref,ROE,SRB,EU,BGR,,,2.27136E-08,3.03145E-08,3.70064E-08,4.60442E-08,5.9638E-08,6.71551E-08
NPS-Ref,ROE,SRB,EU,CZE,,,1.24256E-08,1.97062E-08,2.40396E-08,3.03206E-08,3.71428E-08,4.37335E-08
NPS-Ref,ROE,SRB,EU,DEU,,,1.13348E-08,2.2535E-08,3.02471E-08,3.99851E-08,4.76538E-08,5.20806E-08
NPS-Ref,ROE,SRB,EU,DNK,,,9.10291E-09,1.75771E-08,2.6848E-08,3.66294E-08,4.85804E-08,5.79309E-08
NPS-Ref,ROE,SRB,EU,ESP,,,9.7068E-09,1.3585E-08,1.79679E-08,2.20413E-08,2.80366E-08,3.02632E-08
NPS-Ref,ROE,SRB,EU,EST,,,5.10372E-09,1.08294E-08,1.32957E-08,1.59613E-08,1.68647E-08,1.71074E-08
NPS-Ref,ROE,SRB,EU,FIN,,,9.92153E-09,1.64979E-08,2.07444E-08,2.59492E-08,3.14954E-08,3.59134E-08
NPS-Ref,ROE,SRB,EU,FRA,,,1.303E-08,3.02728E-08,4.55338E-08,6.00016E-08,7.9658E-08,7.82588E-08
NPS-Ref,ROE,SRB,EU,GBR,,,9.74072E-09,1.69278E-08,2.33E-08,3.21497E-08,4.21861E-08,5.38149E-08
NPS-Ref,ROE,SRB,EU,GRC,,,2.29729E-08,3.34564E-08,3.93463E-08,4.69437E-08,6.2221E-08,7.00478E-08
NPS-Ref,ROE,SRB,EU,HRV,,,1.44547E-08,2.84165E-08,3.58632E-08,4.48062E-08,5.01578E-08,5.39736E-08
NPS-Ref,ROE,SRB,EU,HUN,,,1.47273E-08,2.60144E-08,3.03718E-08,3.52803E-08,4.13906E-08,4.68146E-08
NPS-Ref,ROE,SRB,EU,IRL,,,1.38966E-08,2.46509E-08,3.33022E-08,4.18862E-08,4.94899E-08,5.37328E-08
NPS-Ref,ROE,SRB,EU,ITA,,,1.65799E-08,2.39391E-08,3.06916E-08,3.87172E-08,4.85517E-08,5.82358E-08
NPS-Ref,ROE,SRB,EU,LTU,,,7.38456E-09,1.26008E-08,1.5264E-08,1.89609E-08,2.19305E-08,2.33767E-08
NPS-Ref,ROE,SRB,EU,LVA,,,7.00354E-09,1.10228E-08,1.39948E-08,1.756E-08,2.08003E-08,2.25947E-08
NPS-Ref,ROE,SRB,EU,NLD,,,9.4005E-09,1.62406E-08,2.26684E-08,3.09562E-08,3.90489E-08,4.29965E-08
NPS-Ref,ROE,SRB,EU,POL,,,9.99707E-09,1.47159E-08,1.87303E-08,2.2553E-08,2.52556E-08,3.06775E-08
NPS-Ref,ROE,SRB,EU,PRT,,,1.02033E-08,1.39868E-08,1.78805E-08,2.18985E-08,2.87047E-08,3.09366E-08
NPS-Ref,ROE,SRB,EU,ROM,,,1.35619E-08,2.41994E-08,2.85073E-08,3.33884E-08,3.92259E-08,4.44348E-08
NPS-Ref,ROE,SRB,EU,SVK,,,1.12018E-08,1.70673E-08,2.10465E-08,2.66146E-08,3.24625E-08,3.79321E-08
NPS-Ref,ROE,SRB,EU,SVN,,,1.54965E-08,3.12294E-08,3.38539E-08,3.91651E-08,4.4942E-08,4.98575E-08
NPS-Ref,ROE,SRB,EU,SWE,,,2.29874E-08,4.35406E-08,6.20621E-08,8.45174E-08,1.16086E-07,1.35119E-07
NPS-Ref,ROE,TUR,EU,AUT,,3.23245E-07,8.65577E-08,1.18373E-07,2.26651E-07,0.017780967,0.037229067,0.040220871
NPS-Ref,ROE,TUR,EU,BEL,,1.76007E-08,2.71406E-08,6.02838E-08,8.54796E-08,1.12484E-07,1.60612E-07,1.74764E-07
NPS-Ref,ROE,TUR,EU,BGR,,0.102135277,0.112800307,0.081790188,0.088787377,0.09801712,0.11157043,0.070414101
NPS-Ref,ROE,TUR,EU,CZE,,4.76887E-08,4.44859E-08,6.0075E-08,6.48637E-08,8.30508E-08,1.11E-07,1.46773E-07
NPS-Ref,ROE,TUR,EU,DEU,,2.14786E-08,3.38831E-08,1.09057E-07,1.36635E-07,1.85925E-07,4.3968E-07,5.54242E-07
NPS-Ref,ROE,TUR,EU,DNK,,1.07479E-08,1.83873E-08,3.81611E-08,5.589E-08,7.91092E-08,1.35738E-07,1.81361E-07
NPS-Ref,ROE,TUR,EU,ESP,,1.43569E-08,1.96592E-08,2.29979E-08,2.90796E-08,3.38045E-08,4.32851E-08,4.50924E-08
NPS-Ref,ROE,TUR,EU,EST,,9.18806E-09,1.01639E-08,1.5568E-08,1.86789E-08,2.21167E-08,2.22604E-08,2.17743E-08
NPS-Ref,ROE,TUR,EU,FIN,,1.52206E-08,1.61195E-08,2.58225E-08,3.18978E-08,4.05012E-08,5.05798E-08,5.78207E-08
NPS-Ref,ROE,TUR,EU,FRA,,4.64245E-08,5.50856E-08,5.41178E-06,0.054335801,4.42739E-07,2.48505E-06,0.065283722
NPS-Ref,ROE,TUR,EU,GBR,,1.31397E-08,1.93965E-08,3.35482E-08,4.47712E-08,6.0143E-08,8.39084E-08,1.25222E-07
NPS-Ref,ROE,TUR,EU,GRC,1.55148E-08,0.123028018,0.164805785,0.17362363,0.186588972,0.201920407,0.222990161,0.215651021
NPS-Ref,ROE,TUR,EU,HRV,,4.16244E-08,5.80691E-08,2.50727E-07,1.61298E-06,0.021422768,0.024885434,0.009323681
NPS-Ref,ROE,TUR,EU,HUN,,7.82931E-08,5.986E-08,0.047616793,0.036439816,0.026783583,0.016897552,0.016396723
NPS-Ref,ROE,TUR,EU,IRL,,2.20756E-08,3.23635E-08,5.40707E-08,6.99794E-08,7.86643E-08,9.17065E-08,9.712E-08
NPS-Ref,ROE,TUR,EU,ITA,,0.155139186,0.149210745,0.12395635,0.122429336,0.14146861,0.148876628,0.183800979
NPS-Ref,ROE,TUR,EU,LTU,,8.53974E-09,1.1582E-08,2.02337E-08,2.32175E-08,2.90412E-08,3.26964E-08,3.38861E-08
NPS-Ref,ROE,TUR,EU,LVA,,8.38252E-09,1.03748E-08,1.5927E-08,1.99265E-08,2.51731E-08,2.98887E-08,3.19089E-08
NPS-Ref,ROE,TUR,EU,NLD,,1.35979E-08,1.98448E-08,3.6021E-08,5.12012E-08,6.64575E-08,9.01351E-08,9.44501E-08
NPS-Ref,ROE,TUR,EU,POL,,1.77443E-08,2.19766E-08,2.75074E-08,3.43639E-08,4.05545E-08,4.2419E-08,5.54762E-08
NPS-Ref,ROE,TUR,EU,PRT,,1.65879E-08,2.12422E-08,2.37513E-08,2.85047E-08,3.32071E-08,4.50825E-08,4.67498E-08
NPS-Ref,ROE,TUR,EU,ROM,,4.52594E-08,3.89099E-08,0.025211609,0.023625728,0.019442278,0.013294704,0.011927752
NPS-Ref,ROE,TUR,EU,SVK,,4.44164E-08,3.32503E-08,4.09621E-08,4.7571E-08,6.16513E-08,8.09057E-08,1.0045E-07
NPS-Ref,ROE,TUR,EU,SVN,,0.009741182,1.00513E-07,0.032651784,0.052244747,0.038743246,0.019912023,0.021803558
NPS-Ref,ROE,TUR,EU,SWE,,2.89306E-08,4.73711E-08,9.31548E-08,1.29603E-07,1.84357E-07,3.37186E-07,4.1695E-07
NPS-Ref,ROE,UKR,EU,AUT,1.013027451,1.87425E-07,1.056397683,1.951573117,2.199954315,1.835302988,2.424995929,1.948830572
NPS-Ref,ROE,UKR,EU,BEL,3.94211E-08,1.926E-08,4.69964E-08,6.97109E-08,1.09739E-07,1.69124E-07,2.35559E-07,1.95014E-07
NPS-Ref,ROE,UKR,EU,BGR,0.128398293,1.35591E-08,1.72381E-08,2.66093E-08,3.15925E-08,3.67877E-08,5.02111E-08,5.63015E-08
NPS-Ref,ROE,UKR,EU,CZE,1.186567121,6.62038E-07,2.335698208,2.353743231,2.827336278,2.739821598,2.952457306,3.288482624
NPS-Ref,ROE,UKR,EU,DEU,1.074075178,2.90728E-08,1.44207E-07,1.909323362,2.796836427,4.168999114,4.247122762,4.046541077
NPS-Ref,ROE,UKR,EU,DNK,1.55596E-08,1.23518E-08,2.98387E-08,6.1782E-08,1.0119E-07,1.39593E-07,2.24388E-07,2.94942E-07
NPS-Ref,ROE,UKR,EU,ESP,1.09828E-08,1.24555E-08,1.91782E-08,2.07569E-08,2.7616E-08,3.30988E-08,4.18788E-08,4.43816E-08
NPS-Ref,ROE,UKR,EU,EST,,1.38969E-08,1.77964E-08,3.27377E-08,3.90646E-08,4.16302E-08,3.75825E-08,3.17747E-08
NPS-Ref,ROE,UKR,EU,FIN,,2.43157E-08,3.22291E-08,6.22063E-08,7.93299E-08,9.92428E-08,1.45797E-07,1.3502E-07
NPS-Ref,ROE,UKR,EU,FRA,1.29805E-07,3.02649E-08,5.59056E-08,1.838E-07,2.89616E-07,3.09075E-07,4.63646E-07,5.09055E-07
NPS-Ref,ROE,UKR,EU,GBR,1.82261E-08,1.41539E-08,2.66971E-08,3.74727E-08,5.28134E-08,7.71815E-08,1.13116E-07,1.52181E-07
NPS-Ref,ROE,UKR,EU,GRC,0.193144067,1.83905E-08,2.11192E-08,3.44783E-08,3.90981E-08,4.25347E-08,5.90463E-08,6.69301E-08
NPS-Ref,ROE,UKR,EU,HRV,7.76462E-08,4.66559E-08,1.06221E-07,2.90159E-07,5.71225E-07,4.07622E-07,4.352E-07,3.8257E-07
NPS-Ref,ROE,UKR,EU,HUN,1.030553833,3.31415E-07,1.304720496,1.07293E-05,6.64441E-07,2.81181E-07,2.52669E-07,2.35825E-07
NPS-Ref,ROE,UKR,EU,IRL,3.45468E-08,2.38785E-08,4.52038E-08,5.69667E-08,7.58909E-08,9.04299E-08,1.0369E-07,1.02754E-07
NPS-Ref,ROE,UKR,EU,ITA,0.784985084,2.67913E-08,5.97866E-08,7.20843E-08,1.00768E-07,1.20878E-07,1.50148E-07,2.15965E-07
NPS-Ref,ROE,UKR,EU,LTU,,1.29411E-08,2.26682E-08,7.10967E-08,6.87251E-08,8.2802E-08,9.15953E-08,7.14343E-08
NPS-Ref,ROE,UKR,EU,LVA,,1.25152E-08,1.89674E-08,3.54614E-08,4.56022E-08,5.65782E-08,7.24622E-08,6.2443E-08
NPS-Ref,ROE,UKR,EU,NLD,2.36145E-08,1.52247E-08,3.18168E-08,4.45831E-08,6.88393E-08,1.02736E-07,1.45423E-07,1.29325E-07
NPS-Ref,ROE,UKR,EU,POL,1.038298348,7.27355E-08,9.78396E-07,0.669051179,1.293202111,0.626998224,1.04341E-06,0.633720338
NPS-Ref,ROE,UKR,EU,PRT,1.00621E-08,1.40633E-08,2.06605E-08,2.13302E-08,2.69595E-08,3.23233E-08,4.20127E-08,4.41286E-08
NPS-Ref,ROE,UKR,EU,ROM,0.095446743,1.30773E-08,1.89797E-08,3.86505E-08,4.53232E-08,4.56323E-08,5.02134E-08,5.56678E-08
NPS-Ref,ROE,UKR,EU,SVK,0.822641842,1.483670347,3.065559859,2.775000845,2.902572395,2.867389792,2.571166734,2.237907548
NPS-Ref,ROE,UKR,EU,SVN,0.110851145,2.86012E-07,2.48461E-07,0.003931412,6.5927E-07,2.46387E-07,2.66925E-07,2.53181E-07
NPS-Ref,ROE,UKR,EU,SWE,3.68182E-08,3.31198E-08,7.42709E-08,1.48912E-07,2.36189E-07,3.21906E-07,5.35104E-07,6.43282E-07
NPS-Ref,CAS,AZE,EU,AUT,,3.61451E-07,1.03033E-07,1.47091E-07,2.38249E-07,0.023345903,0.048338237,0.05718828
NPS-Ref,CAS,AZE,EU,BEL,,1.84239E-08,2.9014E-08,6.65799E-08,9.30986E-08,1.23185E-07,1.74575E-07,1.94335E-07
NPS-Ref,CAS,AZE,EU,BGR,,0.400572536,1.037885644,1.138883177,1.246688408,1.31488172,1.223239376,1.107525019
NPS-Ref,CAS,AZE,EU,CZE,,5.22624E-08,5.029E-08,6.90243E-08,7.3364E-08,9.35551E-08,1.23571E-07,1.70057E-07
NPS-Ref,CAS,AZE,EU,DEU,,2.28105E-08,3.72705E-08,1.39735E-07,1.68196E-07,2.23119E-07,4.60161E-07,6.14882E-07
NPS-Ref,CAS,AZE,EU,DNK,,1.1099E-08,1.92708E-08,4.05791E-08,5.94696E-08,8.3639E-08,1.411E-07,1.91923E-07
NPS-Ref,CAS,AZE,EU,ESP,,1.48291E-08,2.05993E-08,2.44924E-08,3.06919E-08,3.56248E-08,4.57549E-08,4.85917E-08
NPS-Ref,CAS,AZE,EU,EST,,9.34673E-09,1.03398E-08,1.59727E-08,1.91263E-08,2.26098E-08,2.27844E-08,2.23474E-08
NPS-Ref,CAS,AZE,EU,FIN,,1.55286E-08,1.64939E-08,2.66961E-08,3.29059E-08,4.16111E-08,5.19087E-08,5.95711E-08
NPS-Ref,CAS,AZE,EU,FRA,,5.13374E-08,6.29886E-08,4.69793E-06,0.070567789,4.95043E-07,2.36455E-06,0.116972178
NPS-Ref,CAS,AZE,EU,GBR,,1.35972E-08,2.03543E-08,3.60518E-08,4.79523E-08,6.47164E-08,9.12102E-08,1.41025E-07
NPS-Ref,CAS,AZE,EU,GRC,,1.020013117,1.723414646,1.951713841,2.030366933,2.035317687,1.890613438,1.773804988
NPS-Ref,CAS,AZE,EU,HRV,,4.35063E-08,6.30553E-08,2.61074E-07,1.58626E-06,0.024967767,0.029032018,0.012104428
NPS-Ref,CAS,AZE,EU,HUN,,8.45695E-08,6.71525E-08,0.099218699,0.067038418,0.045056463,0.023215769,0.023294984
NPS-Ref,CAS,AZE,EU,IRL,,2.28659E-08,3.37607E-08,5.67663E-08,7.2821E-08,8.17732E-08,9.5354E-08,1.02333E-07
NPS-Ref,CAS,AZE,EU,ITA,,1.617851642,4.186292626,7.26653771,6.921911465,5.955729293,5.254995328,5.45643862
NPS-Ref,CAS,AZE,EU,LTU,,8.73023E-09,1.19056E-08,2.10375E-08,2.41226E-08,3.00782E-08,3.39498E-08,3.54355E-08
NPS-Ref,CAS,AZE,EU,LVA,,8.54052E-09,1.06068E-08,1.64926E-08,2.06101E-08,2.59479E-08,3.08439E-08,3.30843E-08
NPS-Ref,CAS,AZE,EU,NLD,,1.4129E-08,2.09574E-08,3.9163E-08,5.52674E-08,7.24318E-08,9.86134E-08,1.07558E-07
NPS-Ref,CAS,AZE,EU,POL,,1.87189E-08,2.3399E-08,3.00008E-08,3.72714E-08,4.34215E-08,4.5834E-08,6.09685E-08
NPS-Ref,CAS,AZE,EU,PRT,,1.70716E-08,2.22163E-08,2.51404E-08,2.98467E-08,3.47087E-08,4.6917E-08,4.91291E-08
NPS-Ref,CAS,AZE,EU,ROM,,4.88184E-08,4.21246E-08,0.048118755,0.04145118,0.031218819,0.017898504,0.016604348
NPS-Ref,CAS,AZE,EU,SVK,,5.05609E-08,3.65849E-08,4.5913E-08,5.28102E-08,6.81779E-08,8.84617E-08,1.12035E-07
NPS-Ref,CAS,AZE,EU,SVN,,0.011404383,1.05216E-07,0.043916011,0.078726758,0.05597993,0.025312007,0.027756517
NPS-Ref,CAS,AZE,EU,SWE,,2.96487E-08,4.90231E-08,9.75844E-08,1.35998E-07,1.92224E-07,3.46E-07,4.32944E-07
NPS-Ref,CAS,AZE,ROE,CHE,,0.166157368,0.307989571,0.461545977,0.491543582,0.53244614,0.543321427,0.510634618
NPS-Ref,CAS,AZE,ROE,SRB,,4.72059E-08,0.253332434,0.347806371,0.355704527,0.381897019,0.32841119,0.318810654
NPS-Ref,CAS,AZE,ROE,TUR,,12.97567076,11.48124877,17.84030523,22.51730444,25.05332433,28.65768694,28.61120241
NPS-Ref,CAS,AZE,ROE,UKR,,1.20528E-08,1.31723E-08,1.82473E-08,2.27199E-08,2.94689E-08,3.73171E-08,4.97014E-08
NPS-Ref,CAS,KAZ,RUS,RUS,2.47782E-09,9.63427E-09,8.92146E-09,1.05486E-08,1.24034E-08,1.26009E-08,1.37241E-08,1.60477E-08
NPS-Ref,CAS,KAZ,EU,AUT,1.012208392,3.49649E-07,1.83853E-08,0.222406068,0.08086695,1.57084E-07,8.06732E-08,8.0426E-08
NPS-Ref,CAS,KAZ,EU,BEL,3.94219E-08,1.82713E-08,1.3475E-08,6.53644E-08,1.00404E-07,9.62766E-08,7.7648E-08,7.15533E-08
NPS-Ref,CAS,KAZ,EU,BGR,0.128180773,0.213146901,2.75406E-08,3.74887E-08,4.21068E-08,3.60712E-08,3.6906E-08,3.99206E-08
NPS-Ref,CAS,KAZ,EU,CZE,1.174777825,5.13372E-08,1.606E-08,0.314850202,0.154617346,1.69773E-07,7.85882E-08,8.1289E-08
NPS-Ref,CAS,KAZ,EU,DEU,1.060182713,2.25513E-08,1.44512E-08,0.313468534,0.227190851,2.51351E-07,9.46688E-08,8.75632E-08
NPS-Ref,CAS,KAZ,EU,DNK,1.55598E-08,1.10358E-08,1.09192E-08,5.96929E-08,9.59486E-08,8.83552E-08,7.58379E-08,8.44217E-08
NPS-Ref,CAS,KAZ,EU,ESP,1.09829E-08,1.47448E-08,1.18056E-08,2.03414E-08,2.68405E-08,2.86722E-08,3.25004E-08,3.43314E-08
NPS-Ref,CAS,KAZ,EU,EST,,9.31927E-09,7.70336E-09,3.20928E-08,3.79632E-08,3.14493E-08,2.48869E-08,2.26832E-08
NPS-Ref,CAS,KAZ,EU,FIN,,1.54749E-08,1.13752E-08,6.05541E-08,7.6469E-08,6.61399E-08,5.94223E-08,5.97866E-08
NPS-Ref,CAS,KAZ,EU,FRA,1.29808E-07,5.03671E-08,1.77673E-08,1.72276E-07,2.63829E-07,1.69057E-07,1.31799E-07,1.14905E-07
NPS-Ref,CAS,KAZ,EU,GBR,1.82264E-08,1.35138E-08,1.17862E-08,3.59941E-08,4.97972E-08,5.66682E-08,6.06588E-08,7.30123E-08
NPS-Ref,CAS,KAZ,EU,GRC,0.193056313,0.257357465,3.81772E-08,5.37093E-08,5.75966E-08,4.47898E-08,4.46177E-08,4.77985E-08
NPS-Ref,CAS,KAZ,EU,HRV,7.76482E-08,4.31579E-08,1.89156E-08,2.66043E-07,5.14105E-07,1.18615E-07,6.89463E-08,6.69752E-08
NPS-Ref,CAS,KAZ,EU,HUN,1.037892664,8.32449E-08,1.83072E-08,6.131E-06,3.60235E-07,7.20053E-08,5.24808E-08,5.41941E-08
NPS-Ref,CAS,KAZ,EU,IRL,3.45474E-08,2.27269E-08,1.76969E-08,5.55024E-08,7.33093E-08,7.07825E-08,6.47812E-08,6.57157E-08
NPS-Ref,CAS,KAZ,EU,ITA,0.786822562,0.521677306,2.52528E-08,6.89486E-08,8.94177E-08,6.87094E-08,5.88645E-08,6.72017E-08
NPS-Ref,CAS,KAZ,EU,LTU,,8.69633E-09,8.35412E-09,6.93945E-08,6.57102E-08,5.0949E-08,3.89877E-08,3.60483E-08
NPS-Ref,CAS,KAZ,EU,LVA,,8.51282E-09,7.81848E-09,3.41581E-08,4.30867E-08,3.85344E-08,3.49741E-08,3.37457E-08
NPS-Ref,CAS,KAZ,EU,NLD,2.36151E-08,1.4031E-08,1.14124E-08,4.21262E-08,6.33519E-08,6.35522E-08,5.8315E-08,5.72374E-08
NPS-Ref,CAS,KAZ,EU,POL,1.032342969,1.85305E-08,1.20897E-08,0.167730702,0.129352151,1.17993E-07,5.80614E-08,6.3373E-08
NPS-Ref,CAS,KAZ,EU,PRT,1.00622E-08,1.69886E-08,1.25268E-08,2.09497E-08,2.62903E-08,2.8176E-08,3.27556E-08,3.44096E-08
NPS-Ref,CAS,KAZ,EU,ROM,0.095207816,4.81605E-08,1.53666E-08,4.31233E-08,4.81125E-08,3.53634E-08,3.1711E-08,3.44079E-08
NPS-Ref,CAS,KAZ,EU,SVK,0.814572934,4.92272E-08,1.40545E-08,0.191479092,0.098206391,1.16182E-07,6.63249E-08,6.82919E-08
NPS-Ref,CAS,KAZ,EU,SVN,0.110858373,0.011042457,2.12424E-08,0.003902108,6.02472E-07,8.78039E-08,6.01141E-08,6.08591E-08
NPS-Ref,CAS,KAZ,EU,SWE,3.68187E-08,2.95192E-08,2.79034E-08,1.45192E-07,2.27072E-07,2.00196E-07,1.73373E-07,1.89008E-07
NPS-Ref,CAS,KAZ,ROE,CHE,0.269669312,0.139635993,3.23448E-08,1.23295E-07,1.4637E-07,1.0484E-07,8.21788E-08,9.05773E-08
NPS-Ref,CAS,KAZ,ROE,SRB,0.11723557,4.69786E-08,4.59305E-08,5.61093E-08,6.71643E-08,5.50716E-08,5.16495E-08,5.62874E-08
NPS-Ref,CAS,KAZ,ROE,TUR,1.62156E-07,0.461983817,2.43047E-08,2.56111E-08,2.91135E-08,2.57933E-08,2.66517E-08,2.99501E-08
NPS-Ref,CAS,KAZ,ROE,UKR,7.752732029,1.19886E-08,8.6034E-09,0.073672053,0.070243681,9.40963E-08,6.19715E-08,6.57389E-08
NPS-Ref,CAS,KAZ,ASP,CHN,9.894260783,19.53469743,19.9004233,21.0209088,23.17283274,24.1572411,25.44271242,25.53815492
NPS-Ref,CAS,KAZ,ASP,KOR,,,2.21394E-08,3.71596E-08,4.61137E-08,6.02739E-08,7.52991E-08,7.03478E-08
NPS-Ref,CAS,TKM,RUS,RUS,2.47772E-09,9.6439E-09,9.55447E-09,1.05488E-08,1.24044E-08,1.26156E-08,1.37543E-08,1.61605E-08
NPS-Ref,CAS,TKM,EU,AUT,0.994152872,3.5929E-07,4.31789E-08,0.2218871,0.080805412,2.0669E-07,9.94045E-08,3.01414E-07
NPS-Ref,CAS,TKM,EU,BEL,3.94188E-08,1.84019E-08,2.15089E-08,6.55422E-08,1.00692E-07,1.00839E-07,8.64629E-08,1.21665E-07
NPS-Ref,CAS,TKM,EU,BGR,0.127951471,0.332176838,0.021646753,5.96061E-08,7.26537E-08,1.10256E-07,9.21723E-08,2.74847E-07
NPS-Ref,CAS,TKM,EU,CZE,1.150718366,5.21187E-08,3.05738E-08,0.313807996,0.154758526,1.76689E-07,8.41832E-08,1.23755E-07
NPS-Ref,CAS,TKM,EU,DEU,1.045537799,2.27725E-08,2.49921E-08,0.312749095,0.226268735,2.75026E-07,1.07295E-07,1.83353E-07
NPS-Ref,CAS,TKM,EU,DNK,1.55591E-08,1.10899E-08,1.56112E-08,5.96998E-08,9.59775E-08,8.9742E-08,8.12361E-08,1.31567E-07
NPS-Ref,CAS,TKM,EU,ESP,1.09826E-08,1.48173E-08,1.68339E-08,2.04268E-08,2.69312E-08,3.00434E-08,3.48693E-08,4.28635E-08
NPS-Ref,CAS,TKM,EU,EST,,9.34268E-09,9.39503E-09,3.20929E-08,3.7965E-08,3.15356E-08,2.50748E-08,2.33942E-08
NPS-Ref,CAS,TKM,EU,FIN,,1.55207E-08,1.46123E-08,6.05546E-08,7.64749E-08,6.63989E-08,6.02941E-08,6.40632E-08
NPS-Ref,CAS,TKM,EU,FRA,1.29792E-07,5.11954E-08,3.65606E-08,1.80806E-07,2.75795E-07,2.12042E-07,1.84943E-07,5.02124E-07
NPS-Ref,CAS,TKM,EU,GBR,1.82256E-08,1.35855E-08,1.67489E-08,3.60363E-08,4.98707E-08,5.80308E-08,6.47516E-08,1.08301E-07
NPS-Ref,CAS,TKM,EU,GRC,0.192810846,0.606611589,0.018787019,8.71511E-08,1.03556E-07,1.51895E-07,1.24954E-07,3.97144E-07
NPS-Ref,CAS,TKM,EU,HRV,7.76426E-08,4.3453E-08,4.13052E-08,2.6694E-07,5.16975E-07,1.64422E-07,9.04368E-08,2.89821E-07
NPS-Ref,CAS,TKM,EU,HUN,1.018710875,8.43638E-08,4.27576E-08,6.132E-06,3.64773E-07,8.8451E-08,6.48135E-08,1.56247E-07
NPS-Ref,CAS,TKM,EU,IRL,3.45458E-08,2.28459E-08,2.71282E-08,5.55579E-08,7.33817E-08,7.226E-08,6.8964E-08,8.7396E-08
NPS-Ref,CAS,TKM,EU,ITA,0.779658333,1.172360166,0.032635624,8.35192E-08,1.04783E-07,1.22553E-07,9.56804E-08,2.99194E-07
NPS-Ref,CAS,TKM,EU,LTU,,8.72541E-09,1.05646E-08,6.93953E-08,6.57171E-08,5.12229E-08,3.95111E-08,3.81039E-08
NPS-Ref,CAS,TKM,EU,LVA,,8.53652E-09,9.58627E-09,3.41584E-08,4.3091E-08,3.8671E-08,3.53638E-08,3.54369E-08
NPS-Ref,CAS,TKM,EU,NLD,2.36133E-08,1.41151E-08,1.66735E-08,4.21792E-08,6.34529E-08,6.53327E-08,6.27467E-08,8.20889E-08
NPS-Ref,CAS,TKM,EU,POL,1.017747494,1.8692E-08,1.82472E-08,0.167474405,0.129455409,1.20042E-07,5.94622E-08,7.10921E-08
NPS-Ref,CAS,TKM,EU,PRT,1.0062E-08,1.70597E-08,1.81251E-08,2.10317E-08,2.63646E-08,2.94687E-08,3.52587E-08,4.3362E-08
NPS-Ref,CAS,TKM,EU,ROM,0.095008861,4.87141E-08,3.24211E-08,5.63132E-08,6.23355E-08,6.70622E-08,5.27818E-08,1.34167E-07
NPS-Ref,CAS,TKM,EU,SVK,0.800110683,5.03579E-08,2.46245E-08,0.19071424,0.098109481,1.20154E-07,6.95226E-08,9.12679E-08
NPS-Ref,CAS,TKM,EU,SVN,0.11073757,0.01131083,5.93574E-08,0.003897742,6.12972E-07,1.10857E-07,7.55403E-08,1.94383E-07
NPS-Ref,CAS,TKM,EU,SWE,3.68173E-08,2.96302E-08,4.00869E-08,1.45204E-07,2.27122E-07,2.0325E-07,1.86233E-07,2.9682E-07
NPS-Ref,CAS,TKM,ROE,CHE,0.269205161,0.161072582,0.046532654,1.41213E-07,1.63923E-07,1.72674E-07,1.25117E-07,3.88485E-07
NPS-Ref,CAS,TKM,ROE,SRB,0.117076533,4.71714E-08,0.031454868,9.22457E-08,1.19798E-07,1.82966E-07,1.42116E-07,4.54608E-07
NPS-Ref,CAS,TKM,ROE,TUR,3.793186404,1.983870479,0.016795851,4.6818E-08,5.73142E-08,9.02113E-08,7.739E-08,2.33239E-07
NPS-Ref,CAS,TKM,ROE,UKR,6.113029737,1.20434E-08,1.15371E-08,0.07353057,0.070225072,9.55325E-08,6.32853E-08,7.10928E-08
NPS-Ref,CAS,TKM,MEA,ARE,,,3.35107E-08,3.02408E-08,3.21498E-08,3.1558E-08,2.56896E-08,3.15476E-08
NPS-Ref,CAS,TKM,MEA,IRN,4.023350676,3.920569267,0.01606675,4.58025E-08,5.2277E-08,8.7164E-08,7.76451E-08,2.2836E-07
NPS-Ref,CAS,TKM,MEA,OMN,,,1.94025E-08,1.89067E-08,2.13667E-08,2.41865E-08,2.16649E-08,2.6157E-08
NPS-Ref,CAS,TKM,ASP,BGD,,,5.36981E-09,8.55071E-09,1.31315E-08,2.87605E-08,3.7373E-08,3.96641E-08
NPS-Ref,CAS,TKM,ASP,CHN,8.076991942,14.89925352,15.26293591,16.05527428,21.10209806,23.596933,28.48292672,29.33244261
NPS-Ref,CAS,TKM,ASP,IND,,,4.005131587,8.470313073,9.011322421,9.926865339,10.23260639,10.27758423
NPS-Ref,CAS,TKM,ASP,KOR,,,2.21384E-08,3.71578E-08,4.61132E-08,6.02743E-08,7.53029E-08,7.03523E-08
NPS-Ref,CAS,TKM,ASP,PAK,,4.802610691,6.739346082,10.5135581,9.961389883,11.5299149,12.04018583,11.99461225
NPS-Ref,CAS,UZB,RUS,RUS,2.47772E-09,9.63404E-09,8.92113E-09,1.05483E-08,1.2403E-08,1.26005E-08,1.37237E-08,1.60472E-08
NPS-Ref,CAS,UZB,EU,AUT,0.998331292,3.49607E-07,1.83841E-08,0.221902747,0.080805696,1.57065E-07,8.06635E-08,8.04179E-08
NPS-Ref,CAS,UZB,EU,BEL,3.94194E-08,1.82707E-08,1.34744E-08,6.53592E-08,1.00397E-07,9.62688E-08,7.76413E-08,7.15478E-08
NPS-Ref,CAS,UZB,EU,BGR,0.127989004,0.212666031,2.75383E-08,3.74861E-08,4.21042E-08,3.60688E-08,3.6904E-08,3.99185E-08
NPS-Ref,CAS,UZB,EU,CZE,1.157172939,5.13338E-08,1.6059E-08,0.314125619,0.154432943,1.69745E-07,7.85776E-08,8.12788E-08
NPS-Ref,CAS,UZB,EU,DEU,1.050086201,2.25504E-08,1.44505E-08,0.31281452,0.226876299,2.51299E-07,9.46552E-08,8.7552E-08
NPS-Ref,CAS,UZB,EU,DNK,1.55592E-08,1.10355E-08,1.09188E-08,5.96903E-08,9.59449E-08,8.83509E-08,7.58342E-08,8.44176E-08
NPS-Ref,CAS,UZB,EU,ESP,1.09827E-08,1.47445E-08,1.18052E-08,2.03408E-08,2.68398E-08,2.86714E-08,3.24995E-08,3.43303E-08
NPS-Ref,CAS,UZB,EU,EST,,9.31916E-09,7.70323E-09,3.2092E-08,3.79625E-08,3.14486E-08,2.48864E-08,2.26828E-08
NPS-Ref,CAS,UZB,EU,FIN,,1.54747E-08,1.13749E-08,6.05521E-08,7.6467E-08,6.6138E-08,5.94208E-08,5.97851E-08
NPS-Ref,CAS,UZB,EU,FRA,1.29795E-07,5.03637E-08,1.77661E-08,1.72261E-07,2.6381E-07,1.69043E-07,1.31785E-07,1.14891E-07
NPS-Ref,CAS,UZB,EU,GBR,1.82258E-08,1.35135E-08,1.17857E-08,3.59922E-08,4.97948E-08,5.6665E-08,6.06549E-08,7.30071E-08
NPS-Ref,CAS,UZB,EU,GRC,0.192824159,0.256542205,3.81736E-08,5.37058E-08,5.75931E-08,4.4787E-08,4.46153E-08,4.77958E-08
NPS-Ref,CAS,UZB,EU,HRV,7.76437E-08,4.31566E-08,1.89146E-08,2.6602E-07,5.14086E-07,1.18603E-07,6.89401E-08,6.69697E-08
NPS-Ref,CAS,UZB,EU,HUN,1.022408438,8.32402E-08,1.83061E-08,6.13148E-06,3.60171E-07,7.19958E-08,5.24762E-08,5.41897E-08
NPS-Ref,CAS,UZB,EU,IRL,3.45462E-08,2.27264E-08,1.76961E-08,5.55006E-08,7.33074E-08,7.07803E-08,6.47791E-08,6.57135E-08
NPS-Ref,CAS,UZB,EU,ITA,0.781139396,0.519738693,2.52506E-08,6.8941E-08,8.94078E-08,6.87023E-08,5.88593E-08,6.71951E-08
NPS-Ref,CAS,UZB,EU,LTU,,8.69621E-09,8.35391E-09,6.93924E-08,6.5708E-08,5.0947E-08,3.89863E-08,3.6047E-08
NPS-Ref,CAS,UZB,EU,LVA,,8.51272E-09,7.81831E-09,3.41566E-08,4.3085E-08,3.8533E-08,3.49731E-08,3.37447E-08
NPS-Ref,CAS,UZB,EU,NLD,2.36137E-08,1.40306E-08,1.14119E-08,4.21233E-08,6.3348E-08,6.35477E-08,5.83107E-08,5.72334E-08
NPS-Ref,CAS,UZB,EU,POL,1.021440234,1.85298E-08,1.20892E-08,0.167484715,0.129173742,1.17978E-07,5.80556E-08,6.33673E-08
NPS-Ref,CAS,UZB,EU,PRT,1.00621E-08,1.69883E-08,1.25263E-08,2.09492E-08,2.62898E-08,2.81754E-08,3.27549E-08,3.44088E-08
NPS-Ref,CAS,UZB,EU,ROM,0.095055854,4.81578E-08,1.53658E-08,4.31197E-08,4.81089E-08,3.5361E-08,3.17093E-08,3.44062E-08
NPS-Ref,CAS,UZB,EU,SVK,0.804092654,4.92226E-08,1.40538E-08,0.190979951,0.09806929,1.16163E-07,6.63176E-08,6.82852E-08
NPS-Ref,CAS,UZB,EU,SVN,0.11076471,0.011040344,2.12414E-08,0.003901933,6.02475E-07,8.77966E-08,6.01099E-08,6.08551E-08
NPS-Ref,CAS,UZB,EU,SWE,3.68176E-08,2.95187E-08,2.79026E-08,1.45187E-07,2.27066E-07,2.00188E-07,1.73367E-07,1.89001E-07
NPS-Ref,CAS,UZB,ROE,CHE,0.26932537,0.139515973,3.23422E-08,1.23284E-07,1.46356E-07,1.04829E-07,8.21716E-08,9.05688E-08
NPS-Ref,CAS,UZB,ROE,SRB,0.117107577,4.69778E-08,4.59268E-08,5.61055E-08,6.71602E-08,5.50677E-08,5.16463E-08,5.62838E-08
NPS-Ref,CAS,UZB,ROE,TUR,1.62097E-07,0.459935241,2.43027E-08,2.56096E-08,2.9112E-08,2.57919E-08,2.66506E-08,2.99488E-08
NPS-Ref,CAS,UZB,ROE,UKR,6.444803444,1.19884E-08,8.60314E-09,0.073535639,0.070072993,9.40797E-08,6.19649E-08,6.57325E-08
NPS-Ref,CAS,UZB,ASP,CHN,8.335835766,14.93663749,15.12031636,16.13412049,20.49029171,22.68166982,26.71349001,27.34195853
NPS-Ref,CAS,UZB,ASP,KOR,,,2.21385E-08,3.7158E-08,4.61129E-08,6.02736E-08,7.5301E-08,7.03503E-08
NPS-Ref,MEA,ARE,NAM,CAN,7.15196E-10,4.51781E-09,6.35624E-09,9.18345E-09,1.13009E-08,1.28164E-08,1.54826E-08,1.64189E-08
NPS-Ref,MEA,ARE,NAM,MEX,7.3505E-10,3.92684E-09,9.35608E-09,1.08241E-08,1.21474E-08,1.59981E-08,1.70074E-08,2.18403E-08
NPS-Ref,MEA,ARE,NAM,USA,1.93953E-09,2.14982E-08,3.95487E-08,5.14322E-08,6.19765E-08,7.40877E-08,7.93798E-08,8.65915E-08
NPS-Ref,MEA,ARE,SAM,ARG,7.51114E-09,1.8182E-08,3.67369E-08,2.3055E-08,1.34249E-08,1.60787E-08,1.77363E-08,2.11886E-08
NPS-Ref,MEA,ARE,SAM,BRA,1.14067E-08,2.12098E-08,3.74727E-08,1.71535E-08,1.99044E-08,2.09721E-08,2.50813E-08,2.79426E-08
NPS-Ref,MEA,ARE,SAM,CHL,2.48282E-08,4.89523E-08,9.41397E-08,9.11578E-08,6.27131E-08,5.76469E-08,5.11682E-08,5.55749E-08
NPS-Ref,MEA,ARE,SAM,COL,,5.89227E-09,2.51405E-08,4.5492E-08,8.43791E-08,1.09027E-07,1.29952E-07,1.37544E-07
NPS-Ref,MEA,ARE,SAM,TTO,,,2.07209E-09,2.42322E-09,2.90824E-09,5.29952E-09,6.67488E-09,8.47283E-09
NPS-Ref,MEA,ARE,SAM,VEN,,5.77611E-09,2.39811E-08,4.34223E-08,7.67593E-08,9.6751E-08,1.16301E-07,1.23524E-07
NPS-Ref,MEA,ARE,EU,AUT,3.81838E-09,4.33209E-08,7.9495E-08,3.68902E-08,4.46048E-08,5.98084E-08,5.72074E-08,5.61208E-08
NPS-Ref,MEA,ARE,EU,BEL,8.18423E-09,4.85537E-08,1.71057E-07,1.39158E-07,2.29474E-07,3.42406E-07,3.30021E-07,3.49997E-07
NPS-Ref,MEA,ARE,EU,BGR,4.27496E-09,1.26485E-08,1.49266E-08,1.59502E-08,1.89327E-08,2.28958E-08,2.70165E-08,2.88318E-08
NPS-Ref,MEA,ARE,EU,CZE,3.80041E-09,5.17922E-08,7.26207E-08,3.80795E-08,4.24137E-08,5.10151E-08,5.18045E-08,5.39559E-08
NPS-Ref,MEA,ARE,EU,DEU,7.38874E-09,3.46259E-08,8.92503E-08,7.44446E-08,9.11403E-08,1.13826E-07,9.52488E-08,8.5544E-08
NPS-Ref,MEA,ARE,EU,DNK,3.38288E-09,1.37102E-08,2.86362E-08,3.63653E-08,5.48174E-08,7.27841E-08,8.17286E-08,8.54987E-08
NPS-Ref,MEA,ARE,EU,ESP,3.35504E-07,3.72111E-07,9.3639E-07,9.12988E-07,1.07459E-06,1.27313E-06,1.27007E-06,1.28664E-06
NPS-Ref,MEA,ARE,EU,EST,1.12471E-07,9.35791E-08,9.27925E-08,1.03028E-07,1.07083E-07,7.90518E-08,4.7728E-08,3.92975E-08
NPS-Ref,MEA,ARE,EU,FIN,,2.06742E-07,3.08354E-07,3.5105E-07,4.3299E-07,5.12028E-07,4.61095E-07,3.48678E-07
NPS-Ref,MEA,ARE,EU,FRA,1.55919E-08,3.01417E-07,7.85813E-07,7.8846E-07,9.44606E-07,1.1703E-06,1.13013E-06,1.08643E-06
NPS-Ref,MEA,ARE,EU,GBR,7.85271E-09,3.43647E-08,7.76176E-08,8.37319E-08,1.2201E-07,1.96557E-07,2.35846E-07,3.49529E-07
NPS-Ref,MEA,ARE,EU,GRC,2.20387E-08,1.99152E-08,2.24768E-08,2.35526E-08,2.79299E-08,3.22492E-08,3.78662E-08,4.14553E-08
NPS-Ref,MEA,ARE,EU,HRV,4.1433E-09,5.04451E-08,8.55597E-08,4.64498E-08,5.46631E-08,6.46212E-08,5.73195E-08,5.49492E-08
NPS-Ref,MEA,ARE,EU,HUN,3.7926E-09,5.35098E-08,5.14171E-08,2.97674E-08,3.24561E-08,3.65801E-08,3.67773E-08,3.79846E-08
NPS-Ref,MEA,ARE,EU,IRL,1.25355E-08,6.42812E-08,1.42231E-07,1.34556E-07,1.86691E-07,2.19581E-07,2.10864E-07,1.84019E-07
NPS-Ref,MEA,ARE,EU,ITA,8.76707E-09,5.35832E-08,1.02929E-07,4.40807E-08,5.50427E-08,7.09508E-08,7.01121E-08,7.02075E-08
NPS-Ref,MEA,ARE,EU,LTU,1.06043E-07,7.9879E-08,1.60724E-07,3.08416E-07,2.61061E-07,2.10479E-07,1.06958E-07,7.04873E-08
NPS-Ref,MEA,ARE,EU,LVA,7.81104E-08,8.43889E-08,1.06608E-07,1.04778E-07,1.25874E-07,1.49286E-07,9.90886E-08,6.47048E-08
NPS-Ref,MEA,ARE,EU,NLD,6.5691E-09,2.69945E-08,6.09027E-08,6.68447E-08,1.12573E-07,1.54872E-07,1.54801E-07,1.53593E-07
NPS-Ref,MEA,ARE,EU,POL,7.37418E-09,5.25572E-08,9.17935E-08,3.69184E-08,4.37632E-08,4.93998E-08,4.39608E-08,4.74068E-08
NPS-Ref,MEA,ARE,EU,PRT,1.65875E-07,2.0697E-07,4.76746E-07,4.73536E-07,6.11504E-07,7.29302E-07,9.29309E-07,1.13615E-06
NPS-Ref,MEA,ARE,EU,ROM,3.64323E-09,1.0689E-08,1.30816E-08,1.60696E-08,1.87939E-08,2.17379E-08,2.33513E-08,2.5378E-08
NPS-Ref,MEA,ARE,EU,SVK,3.16025E-09,3.17716E-08,3.65606E-08,2.5432E-08,2.98943E-08,3.69526E-08,3.88423E-08,4.0799E-08
NPS-Ref,MEA,ARE,EU,SVN,6.4261E-09,7.53156E-08,1.19248E-07,5.19559E-08,4.81019E-08,5.13162E-08,4.79231E-08,4.70993E-08
NPS-Ref,MEA,ARE,EU,SWE,9.8352E-09,1.0268E-07,3.89762E-07,3.89256E-07,4.92682E-07,5.82389E-07,6.62521E-07,7.46539E-07
NPS-Ref,MEA,ARE,ROE,CHE,1.68206E-08,1.47458E-07,2.45886E-07,7.85776E-08,8.86822E-08,1.08835E-07,1.01435E-07,1.01094E-07
NPS-Ref,MEA,ARE,ROE,SRB,1.00782E-08,4.07168E-08,2.20057E-08,2.10787E-08,2.57899E-08,3.1656E-08,3.5692E-08,3.79972E-08
NPS-Ref,MEA,ARE,ROE,TUR,1.70639E-08,6.81183E-09,9.43855E-09,1.06593E-08,1.30195E-08,1.70842E-08,2.01822E-08,2.49874E-08
NPS-Ref,MEA,ARE,ROE,UKR,2.41709E-09,1.26744E-08,1.59588E-08,1.48254E-08,1.79079E-08,2.3804E-08,2.70954E-08,3.28845E-08
NPS-Ref,MEA,ARE,AFR,EGY,,5.91084E-09,9.24118E-09,1.04647E-08,1.40069E-08,1.69288E-08,2.1029E-08,2.2703E-08
NPS-Ref,MEA,ARE,ASP,BGD,,1.02499E-08,5.44207E-08,9.8142E-08,1.5763E-07,2.19768E-07,2.81439E-07,3.28084E-07
NPS-Ref,MEA,ARE,ASP,CHN,7.35087E-08,0.142962737,5.134714708,5.658576441,4.010046421,0.016098869,0.024100446,0.038439949
NPS-Ref,MEA,ARE,ASP,IDN,,1.92361E-09,6.35755E-09,8.14666E-09,1.03027E-08,1.42027E-08,1.75506E-08,2.34021E-08
NPS-Ref,MEA,ARE,ASP,IND,9.38303E-08,3.540242101,0.527642924,1.20961E-05,1.89643E-05,2.51796E-05,2.89132E-05,3.38837E-05
NPS-Ref,MEA,ARE,ASP,JPN,0.000136165,5.36536E-07,2.37105E-06,3.67535E-06,5.19148E-06,7.25497E-06,2.36176E-05,3.71105E-05
NPS-Ref,MEA,ARE,ASP,KOR,3.608684248,2.17253E-06,1.46661E-05,0.911750038,2.223230497,6.7766506,6.768660805,6.754370845
NPS-Ref,MEA,ARE,ASP,MYS,4.70007E-09,6.50256E-09,1.15873E-08,1.51608E-08,1.93309E-08,2.54181E-08,3.15646E-08,4.08386E-08
NPS-Ref,MEA,ARE,ASP,PAK,,2.30508E-09,1.14707E-08,1.16105E-08,1.33284E-08,1.78039E-08,2.22627E-08,2.93858E-08
NPS-Ref,MEA,ARE,ASP,PHL,,5.98711E-09,3.02361E-08,5.34473E-08,8.34203E-08,1.22232E-07,1.47746E-07,1.59352E-07
NPS-Ref,MEA,ARE,ASP,SGP,2.48804E-08,1.1011E-07,5.28176E-08,3.498E-08,4.45817E-08,5.71384E-08,7.2375E-08,9.58325E-08
NPS-Ref,MEA,ARE,ASP,THA,5.39158E-09,1.85248E-08,1.06171E-07,2.39274E-07,4.48201E-07,4.9651E-07,6.20943E-07,7.47824E-07
NPS-Ref,MEA,ARE,ASP,TWN,3.190920896,1.0756E-06,5.89413E-06,1.02489E-05,1.25304E-05,1.57824E-05,1.8552E-05,2.26407E-05
NPS-Ref,MEA,ARE,ASP,VNM,,,1.28593E-08,2.11905E-08,3.68643E-08,8.28064E-08,9.36406E-08,1.0101E-07
NPS-Ref,MEA,IRN,RUS,RUS,,,3.41955E-09,6.36796E-09,7.77345E-09,8.74712E-09,9.94484E-09,1.16918E-08
NPS-Ref,MEA,IRN,NAM,CAN,,,3.65133E-09,4.66744E-09,5.53235E-09,9.81957E-09,1.0641E-08,1.11206E-08
NPS-Ref,MEA,IRN,NAM,MEX,,,3.03956E-09,5.28599E-09,8.46259E-09,9.79875E-09,1.31219E-08,1.38586E-08
NPS-Ref,MEA,IRN,NAM,USA,,,1.44434E-08,2.60567E-08,3.86279E-08,5.29603E-08,6.25564E-08,6.58845E-08
NPS-Ref,MEA,IRN,SAM,ARG,,,7.89115E-09,9.82931E-09,9.31024E-09,1.07197E-08,1.3319E-08,1.42386E-08
NPS-Ref,MEA,IRN,SAM,BRA,,,1.25669E-08,1.16502E-08,1.38701E-08,1.65894E-08,1.84595E-08,2.20281E-08
NPS-Ref,MEA,IRN,SAM,CHL,,,2.27415E-08,2.92954E-08,2.94051E-08,3.3586E-08,3.29319E-08,3.13686E-08
NPS-Ref,MEA,IRN,SAM,COL,,,6.66534E-09,1.20444E-08,1.91465E-08,2.4297E-08,2.90636E-08,2.92241E-08
NPS-Ref,MEA,IRN,SAM,TTO,,,,7.50644E-10,2.37924E-09,2.87304E-09,5.51317E-09,6.66525E-09
NPS-Ref,MEA,IRN,SAM,VEN,,,6.53264E-09,1.11535E-08,1.77096E-08,2.24274E-08,2.56626E-08,2.55922E-08
NPS-Ref,MEA,IRN,EU,AUT,,3.61046E-07,1.04823E-07,1.50182E-07,2.4471E-07,0.022994897,0.047641492,0.056182357
NPS-Ref,MEA,IRN,EU,BEL,,1.84201E-08,3.2327E-08,7.35949E-08,1.05337E-07,1.41884E-07,1.94221E-07,2.11644E-07
NPS-Ref,MEA,IRN,EU,BGR,,0.382313668,0.946431872,0.961356166,1.032488361,1.085887212,1.018892688,0.895049527
NPS-Ref,MEA,IRN,EU,CZE,,5.22368E-08,5.39707E-08,7.43253E-08,7.8759E-08,9.8969E-08,1.27803E-07,1.74388E-07
NPS-Ref,MEA,IRN,EU,DEU,,2.28039E-08,3.92394E-08,1.49996E-07,1.84815E-07,2.45379E-07,4.79717E-07,6.27931E-07
NPS-Ref,MEA,IRN,EU,DNK,,1.10974E-08,1.99878E-08,4.18833E-08,6.19497E-08,8.67975E-08,1.44093E-07,1.94569E-07
NPS-Ref,MEA,IRN,EU,ESP,,1.48271E-08,3.7367E-08,6.06779E-08,9.86337E-08,1.209E-07,1.31118E-07,1.25006E-07
NPS-Ref,MEA,IRN,EU,EST,,9.34601E-09,1.38064E-08,2.10199E-08,2.62363E-08,3.12566E-08,3.00633E-08,2.84695E-08
NPS-Ref,MEA,IRN,EU,FIN,,1.55272E-08,2.80109E-08,4.44984E-08,5.987E-08,7.34672E-08,8.66571E-08,9.03807E-08
NPS-Ref,MEA,IRN,EU,FRA,,5.13124E-08,7.30142E-08,4.73222E-06,0.069853629,5.57304E-07,2.43665E-06,0.116225493
NPS-Ref,MEA,IRN,EU,GBR,,1.35952E-08,2.31181E-08,4.09274E-08,5.60109E-08,7.70303E-08,1.07066E-07,1.60558E-07
NPS-Ref,MEA,IRN,EU,GRC,1.56255E-08,0.859510242,1.356297371,1.235464629,1.289372276,1.331309256,1.266905467,1.21802669
NPS-Ref,MEA,IRN,EU,HRV,,4.34967E-08,6.49209E-08,2.65067E-07,1.58841E-06,0.02485283,0.0288729,0.012093799
NPS-Ref,MEA,IRN,EU,HUN,,8.45334E-08,6.87067E-08,0.098455607,0.066650558,0.044998277,0.023198404,0.023303095
NPS-Ref,MEA,IRN,EU,IRL,,2.28624E-08,4.09974E-08,6.67084E-08,8.71665E-08,9.92539E-08,1.11437E-07,1.15528E-07
NPS-Ref,MEA,IRN,EU,ITA,,1.491398569,3.544040941,4.42380532,4.041874821,3.526486998,3.17112305,3.431768402
NPS-Ref,MEA,IRN,EU,LTU,,8.7294E-09,1.56632E-08,2.85258E-08,3.37285E-08,4.10987E-08,4.52036E-08,4.46626E-08
NPS-Ref,MEA,IRN,EU,LVA,,8.53982E-09,1.4065E-08,2.08805E-08,2.74985E-08,3.40536E-08,3.89014E-08,3.92127E-08
NPS-Ref,MEA,IRN,EU,NLD,,1.41266E-08,2.26425E-08,4.25303E-08,6.09414E-08,8.09099E-08,1.08265E-07,1.16677E-07
NPS-Ref,MEA,IRN,EU,POL,,1.87142E-08,2.76114E-08,3.61898E-08,4.57069E-08,5.13436E-08,5.38861E-08,6.97849E-08
NPS-Ref,MEA,IRN,EU,PRT,,1.70695E-08,3.94449E-08,5.56411E-08,7.70495E-08,9.39651E-08,1.14857E-07,1.14756E-07
NPS-Ref,MEA,IRN,EU,ROM,,4.87898E-08,4.22663E-08,0.04768414,0.04112499,0.031055969,0.017844266,0.016547597
NPS-Ref,MEA,IRN,EU,SVK,,5.05252E-08,3.7437E-08,4.73782E-08,5.46219E-08,7.01469E-08,8.96722E-08,1.13149E-07
NPS-Ref,MEA,IRN,EU,SVN,,0.011385597,1.07481E-07,0.043719649,0.078523347,0.055875867,0.025254049,0.027706773
NPS-Ref,MEA,IRN,EU,SWE,,2.96455E-08,5.86694E-08,1.11529E-07,1.57855E-07,2.18612E-07,3.74488E-07,4.59481E-07
NPS-Ref,MEA,IRN,ROE,CHE,,0.164858308,0.306503545,0.453635051,0.48154101,0.52110561,0.531005536,0.497898112
NPS-Ref,MEA,IRN,ROE,SRB,,4.71998E-08,0.250057057,0.337656735,0.343575422,0.367724832,0.316544543,0.305121109
NPS-Ref,MEA,IRN,ROE,TUR,9.287457802,3.914126016,4.015592695,2.918068746,3.079478488,3.536571875,3.540363424,3.959937275
NPS-Ref,MEA,IRN,ROE,UKR,,1.20511E-08,1.38417E-08,2.23225E-08,2.75719E-08,3.51766E-08,4.30245E-08,5.75757E-08
NPS-Ref,MEA,IRN,CAS,AZE,,,6.04945E-09,9.67097E-09,1.24135E-08,1.48174E-08,1.6736E-08,1.90267E-08
NPS-Ref,MEA,IRN,CAS,KAZ,,,1.07075E-08,1.6648E-08,2.23033E-08,2.97486E-08,3.5911E-08,4.12289E-08
NPS-Ref,MEA,IRN,CAS,TKM,,,7.76468E-09,1.23126E-08,1.63112E-08,2.10354E-08,2.51509E-08,2.84751E-08
NPS-Ref,MEA,IRN,CAS,UZB,,,9.01219E-09,1.40917E-08,1.85949E-08,2.41765E-08,2.92096E-08,3.32273E-08
NPS-Ref,MEA,IRN,AFR,EGY,,,4.94356E-09,7.04692E-09,9.01158E-09,1.24343E-08,1.41298E-08,1.68359E-08
NPS-Ref,MEA,IRN,ASP,BGD,,,1.54464E-08,2.61251E-08,3.99235E-08,6.31592E-08,7.86032E-08,8.13587E-08
NPS-Ref,MEA,IRN,ASP,CHN,,,1.21179E-07,1.93287E-07,2.87579E-07,3.85876E-07,4.62168E-07,5.34091E-07
NPS-Ref,MEA,IRN,ASP,IDN,,,7.33417E-10,5.45586E-09,7.2374E-09,9.09009E-09,1.23341E-08,1.40534E-08
NPS-Ref,MEA,IRN,ASP,IND,,,2.588865353,8.559015157,11.01381981,11.98250567,12.36998254,12.44907769
NPS-Ref,MEA,IRN,ASP,JPN,,,2.47255E-08,4.16513E-08,5.78879E-08,6.29672E-08,7.31174E-08,7.21229E-08
NPS-Ref,MEA,IRN,ASP,KOR,,,3.07185E-08,5.22924E-08,7.92385E-08,1.01302E-07,1.17492E-07,1.19576E-07
NPS-Ref,MEA,IRN,ASP,MYS,,,6.68787E-09,1.02828E-08,1.37121E-08,1.83773E-08,2.22176E-08,2.54668E-08
NPS-Ref,MEA,IRN,ASP,PAK,,,2.398818582,10.78843347,16.97027369,19.38540234,20.51176676,20.43145133
NPS-Ref,MEA,IRN,ASP,PHL,,,8.7583E-09,1.53248E-08,2.31112E-08,3.01888E-08,3.61553E-08,3.62305E-08
NPS-Ref,MEA,IRN,ASP,SGP,,,2.11245E-08,2.26206E-08,3.02766E-08,3.93428E-08,4.80327E-08,5.60989E-08
NPS-Ref,MEA,IRN,ASP,THA,,,1.18362E-08,2.02213E-08,3.09747E-08,3.88458E-08,4.56308E-08,4.55479E-08
NPS-Ref,MEA,IRN,ASP,TWN,,,1.36515E-08,2.23074E-08,3.32038E-08,4.19632E-08,4.88761E-08,4.81963E-08
NPS-Ref,MEA,IRN,ASP,VNM,,,6.0566E-09,1.07172E-08,1.72361E-08,2.75185E-08,3.24923E-08,3.28397E-08
NPS-Ref,MEA,IRQ,EU,AUT,,,1.10815E-08,1.35608E-08,2.18963E-08,6.1741E-08,0.0281913,0.028521578
NPS-Ref,MEA,IRQ,EU,BEL,,,9.25822E-09,1.34321E-08,2.31441E-08,5.70643E-08,1.61851E-07,1.76902E-07
NPS-Ref,MEA,IRQ,EU,BGR,,,1.64555E-08,1.7981E-08,3.19055E-08,9.87953E-08,0.039747765,0.021005016
NPS-Ref,MEA,IRQ,EU,CZE,,,1.02865E-08,1.26134E-08,1.92612E-08,4.07572E-08,1.12915E-07,1.50785E-07
NPS-Ref,MEA,IRQ,EU,DEU,,,9.63734E-09,1.41186E-08,2.38236E-08,6.1526E-08,4.43975E-07,5.5482E-07
NPS-Ref,MEA,IRQ,EU,DNK,,,7.99763E-09,1.23305E-08,2.22716E-08,4.79954E-08,1.35973E-07,1.81647E-07
NPS-Ref,MEA,IRQ,EU,ESP,,,8.60668E-09,1.07014E-08,1.64653E-08,2.67975E-08,4.35624E-08,4.56163E-08
NPS-Ref,MEA,IRQ,EU,EST,,,4.63251E-09,8.53946E-09,1.18464E-08,1.79015E-08,2.23067E-08,2.18608E-08
NPS-Ref,MEA,IRQ,EU,FIN,,,8.8543E-09,1.22604E-08,1.79065E-08,3.02412E-08,5.07558E-08,5.81269E-08
NPS-Ref,MEA,IRQ,EU,FRA,,,1.09229E-08,1.76607E-08,3.52646E-08,1.26236E-07,2.34486E-06,0.031646159
NPS-Ref,MEA,IRQ,EU,GBR,,,8.55201E-09,1.23638E-08,2.03615E-08,4.20855E-08,8.47088E-08,1.27091E-07
NPS-Ref,MEA,IRQ,EU,GRC,,,2.33867E-08,2.67076E-08,5.59863E-08,2.55661E-07,0.092670659,0.089742103
NPS-Ref,MEA,IRQ,EU,HRV,,,1.13989E-08,1.49516E-08,2.46722E-08,7.2882E-08,0.019886803,0.006613791
NPS-Ref,MEA,IRQ,EU,HUN,,,1.12354E-08,1.39159E-08,2.16239E-08,4.9469E-08,0.012161718,0.011319789
NPS-Ref,MEA,IRQ,EU,IRL,,,1.17879E-08,1.67884E-08,2.82785E-08,5.46435E-08,9.21155E-08,9.7819E-08
NPS-Ref,MEA,IRQ,EU,ITA,,,1.32864E-08,1.52439E-08,2.62285E-08,8.57388E-08,0.046612339,0.0572612
NPS-Ref,MEA,IRQ,EU,LTU,,,6.65807E-09,9.54245E-09,1.3386E-08,2.19532E-08,3.28513E-08,3.41619E-08
NPS-Ref,MEA,IRQ,EU,LVA,,,6.37994E-09,8.67658E-09,1.24462E-08,1.99555E-08,2.99749E-08,3.20839E-08
NPS-Ref,MEA,IRQ,EU,NLD,,,8.24562E-09,1.17637E-08,1.95601E-08,4.16248E-08,9.11037E-08,9.63322E-08
NPS-Ref,MEA,IRQ,EU,POL,,,8.59937E-09,1.05037E-08,1.58234E-08,2.75141E-08,4.28882E-08,5.63692E-08
NPS-Ref,MEA,IRQ,EU,PRT,,,8.98106E-09,1.09818E-08,1.64189E-08,2.64543E-08,4.52061E-08,4.70219E-08
NPS-Ref,MEA,IRQ,EU,ROM,,,1.01756E-08,1.32286E-08,2.05133E-08,4.56759E-08,0.009640242,0.008244342
NPS-Ref,MEA,IRQ,EU,SVK,,,9.36968E-09,1.13371E-08,1.71051E-08,3.43917E-08,8.18452E-08,1.02241E-07
NPS-Ref,MEA,IRQ,EU,SVN,,,1.20768E-08,1.54509E-08,2.38115E-08,5.84832E-08,0.014457712,0.015575886
NPS-Ref,MEA,IRQ,EU,SWE,,,2.01177E-08,3.038E-08,5.13864E-08,1.09527E-07,3.37235E-07,4.16127E-07
NPS-Ref,MEA,IRQ,ROE,CHE,,,1.54584E-08,1.78905E-08,3.12749E-08,1.0971E-07,0.078698066,0.085711563
NPS-Ref,MEA,IRQ,ROE,SRB,,,2.18037E-08,2.1407E-08,4.07385E-08,1.38269E-07,0.06370841,0.043483226
NPS-Ref,MEA,IRQ,ROE,TUR,,,1.74814E-08,1.94538E-08,3.73188E-08,1.54041E-07,0.061490923,0.06640517
NPS-Ref,MEA,IRQ,ROE,UKR,,,6.64922E-09,8.10698E-09,1.1595E-08,1.99586E-08,3.56006E-08,4.70649E-08
NPS-Ref,MEA,OMN,ASP,BGD,,,5.19923E-09,8.19576E-09,1.31422E-08,2.90847E-08,3.82393E-08,4.05933E-08
NPS-Ref,MEA,OMN,ASP,CHN,,,1.69943E-08,3.25371E-08,5.42173E-08,7.9943E-08,1.01534E-07,1.25873E-07
NPS-Ref,MEA,OMN,ASP,IND,,8.33648E-08,2.83756E-07,4.31545E-07,2.266447186,7.348640364,9.605028739,9.602642341
NPS-Ref,MEA,OMN,ASP,KOR,,,3.26439E-09,6.86588E-09,9.12076E-09,1.31567E-08,1.69873E-08,2.025E-08
NPS-Ref,MEA,OMN,ASP,PAK,,,4.20575E-09,5.31481E-09,6.94847E-09,9.83186E-09,1.23319E-08,1.47441E-08
NPS-Ref,MEA,QAT,NAM,CAN,1.19245E-09,7.03087E-09,1.05365E-08,1.29443E-08,1.32804E-08,1.47362E-08,1.72587E-08,1.79898E-08
NPS-Ref,MEA,QAT,NAM,MEX,1.25234E-09,8.56025E-09,1.23856E-08,1.39135E-08,1.4705E-08,1.84224E-08,1.90327E-08,2.38322E-08
NPS-Ref,MEA,QAT,NAM,USA,7.0908E-09,3.95198E-08,5.45861E-08,6.61651E-08,7.3602E-08,8.41658E-08,8.84039E-08,9.4986E-08
NPS-Ref,MEA,QAT,SAM,ARG,3.123550668,1.807277852,1.179391175,1.49384E-07,1.66838E-08,1.90125E-08,2.03162E-08,2.35528E-08
NPS-Ref,MEA,QAT,SAM,BRA,2.266783184,0.638785262,0.346132362,2.14147E-08,2.30621E-08,2.34317E-08,2.74323E-08,3.02139E-08
NPS-Ref,MEA,QAT,SAM,CHL,0.463785524,0.27761886,0.221021002,0.23206335,2.78682E-07,9.74276E-08,6.778E-08,7.75699E-08
NPS-Ref,MEA,QAT,SAM,COL,,1.25672E-08,0.072495994,0.489497072,0.750067936,0.740643651,0.697607087,0.64921706
NPS-Ref,MEA,QAT,SAM,TTO,,,4.25336E-09,2.68047E-09,3.16787E-09,5.70111E-09,7.17562E-09,9.12889E-09
NPS-Ref,MEA,QAT,SAM,VEN,,1.23167E-08,0.169253755,1.142812191,1.561218354,1.437439173,1.343601715,1.248088638
NPS-Ref,MEA,QAT,EU,AUT,5.71679E-08,0.612816643,0.466595309,1.53055E-07,1.41114E-07,2.53274E-07,1.31246E-07,1.01707E-07
NPS-Ref,MEA,QAT,EU,BEL,0.74390839,1.125430699,1.520881432,1.008786513,1.060821015,1.141084989,0.944707726,0.569951554
NPS-Ref,MEA,QAT,EU,BGR,1.93622E-08,2.60629E-08,2.15147E-08,2.22875E-08,2.50383E-08,2.98945E-08,3.48928E-08,3.61642E-08
NPS-Ref,MEA,QAT,EU,CZE,6.05265E-08,0.417398972,9.98103E-07,1.05131E-07,9.16639E-08,1.07562E-07,9.469E-08,8.99187E-08
NPS-Ref,MEA,QAT,EU,DEU,2.210227445,3.670349651,3.464542584,2.23691E-05,6.47668E-07,7.79099E-07,3.60303E-07,2.01988E-07
NPS-Ref,MEA,QAT,EU,DNK,2.56361E-08,6.38062E-08,9.16537E-08,8.59182E-08,1.18434E-07,1.66714E-07,1.8957E-07,1.72881E-07
NPS-Ref,MEA,QAT,EU,ESP,5.764941862,3.195956347,2.690784833,2.373273566,2.009954948,2.049647574,1.92761824,1.87268423
NPS-Ref,MEA,QAT,EU,EST,0.072478886,0.110328854,0.053071001,0.052924395,0.040389099,0.027987518,1.47567E-07,5.10126E-08
NPS-Ref,MEA,QAT,EU,FIN,,0.323689985,0.288270115,0.28223678,0.227105555,0.196650681,0.165633637,0.103084977
NPS-Ref,MEA,QAT,EU,FRA,3.34231667,3.390072741,3.114897597,3.173781587,2.540338121,2.540392479,2.367545196,2.148246091
NPS-Ref,MEA,QAT,EU,GBR,1.43901813,3.52356418,2.894353935,0.94608282,0.697341077,1.607533412,1.428843899,1.619899853
NPS-Ref,MEA,QAT,EU,GRC,0.147089053,7.66465E-08,4.25656E-08,3.77641E-08,4.25971E-08,4.48598E-08,5.20227E-08,5.41427E-08
NPS-Ref,MEA,QAT,EU,HRV,2.52394E-08,0.246290423,0.239061631,9.06577E-07,2.79418E-07,2.7017E-07,1.19455E-07,9.29045E-08
NPS-Ref,MEA,QAT,EU,HUN,1.98297E-08,0.797896466,0.12202794,7.52705E-08,6.20449E-08,6.45947E-08,5.73459E-08,5.43389E-08
NPS-Ref,MEA,QAT,EU,IRL,0.104659372,0.223624197,0.190519231,0.070773839,0.051556967,0.128151457,0.068236017,6.80384E-07
NPS-Ref,MEA,QAT,EU,ITA,3.629452557,6.568142134,4.556592694,2.46746E-07,2.20466E-07,3.64514E-07,2.05254E-07,1.47068E-07
NPS-Ref,MEA,QAT,EU,LTU,0.257302121,0.214198403,0.228559527,0.157104289,0.115807989,0.07662292,0.015380068,1.3662E-07
NPS-Ref,MEA,QAT,EU,LVA,0.218604169,0.101807942,0.098660291,0.092609779,0.069036501,0.061875756,0.014375232,1.486E-07
NPS-Ref,MEA,QAT,EU,NLD,0.741697569,2.074508407,1.88072924,1.449539559,1.797959671,1.715818422,1.395298726,0.492059499
NPS-Ref,MEA,QAT,EU,POL,0.212125604,1.386402121,1.000456518,1.89956E-07,1.28607E-07,1.32891E-07,7.41407E-08,7.58761E-08
NPS-Ref,MEA,QAT,EU,PRT,1.101225367,0.395718108,0.410262474,0.404888364,0.337047799,0.322029745,0.311416486,0.300986652
NPS-Ref,MEA,QAT,EU,ROM,1.38967E-08,1.98387E-08,1.78161E-08,2.27976E-08,2.50369E-08,2.83002E-08,2.93659E-08,3.11009E-08
NPS-Ref,MEA,QAT,EU,SVK,1.72807E-08,0.128280779,1.85336E-07,5.13126E-08,5.23122E-08,6.4366E-08,6.1468E-08,5.96911E-08
NPS-Ref,MEA,QAT,EU,SVN,0.001121827,0.068690454,0.049675968,1.10934E-06,1.41411E-07,1.22738E-07,8.73456E-08,7.44411E-08
NPS-Ref,MEA,QAT,EU,SWE,6.36025E-08,0.184524599,0.243244061,0.258204714,0.231595256,0.218186042,0.221501354,0.230191202
NPS-Ref,MEA,QAT,ROE,CHE,0.103802598,0.245141371,0.203411866,3.75752E-07,3.54965E-07,7.16031E-07,2.93229E-07,2.28113E-07
NPS-Ref,MEA,QAT,ROE,SRB,3.3918E-08,0.064370272,3.40415E-08,3.16211E-08,3.64947E-08,4.44687E-08,4.90268E-08,5.04169E-08
NPS-Ref,MEA,QAT,ROE,TUR,3.133149686,1.11475E-08,1.23999E-08,1.3508E-08,1.58723E-08,2.03421E-08,2.37321E-08,2.88235E-08
NPS-Ref,MEA,QAT,ROE,UKR,7.9151E-09,4.55809E-08,2.54478E-08,2.08758E-08,2.37503E-08,3.13348E-08,3.46525E-08,4.07039E-08
NPS-Ref,MEA,QAT,AFR,EGY,9.28873E-09,2.67063E-08,1.18251E-08,1.29874E-08,1.66134E-08,1.99425E-08,2.40542E-08,2.53219E-08
NPS-Ref,MEA,QAT,ASP,BGD,,0.110904306,1.306165769,3.067758416,3.339556775,3.702593876,3.953052635,3.972750664
NPS-Ref,MEA,QAT,ASP,CHN,15.18742544,13.3773676,15.33229932,19.22442795,21.60040599,23.63213349,24.18562153,24.58663333
NPS-Ref,MEA,QAT,ASP,IDN,6.84069E-09,5.00864E-09,7.94821E-09,1.01395E-08,1.24485E-08,1.68594E-08,2.07992E-08,2.75129E-08
NPS-Ref,MEA,QAT,ASP,IND,7.819689132,7.027505648,7.188154077,5.192022529,4.379291667,3.663142898,3.983681291,4.407841319
NPS-Ref,MEA,QAT,ASP,JPN,22.36974645,21.54885345,25.04098264,29.00736368,27.38221355,25.92703083,25.746096,25.88431486
NPS-Ref,MEA,QAT,ASP,KOR,7.294890009,7.290902673,8.102962919,9.237434907,9.298095505,9.014908342,9.217771394,9.563096836
NPS-Ref,MEA,QAT,ASP,MYS,1.49103E-08,1.02784E-08,1.45789E-08,1.87123E-08,2.32145E-08,3.01317E-08,3.73528E-08,4.81178E-08
NPS-Ref,MEA,QAT,ASP,PAK,2.51332E-09,5.7637E-09,1.9356E-08,1.65494E-08,1.7307E-08,2.25995E-08,2.85671E-08,3.77863E-08
NPS-Ref,MEA,QAT,ASP,PHL,,1.2312E-08,0.019799427,0.18443878,0.218516792,0.317491249,0.319297862,0.28867371
NPS-Ref,MEA,QAT,ASP,SGP,1.897799517,2.409980719,4.2194E-07,4.46462E-08,5.634E-08,6.99297E-08,8.89975E-08,1.20202E-07
NPS-Ref,MEA,QAT,ASP,THA,2.543960471,4.379276729,7.126437611,11.34765691,11.92875884,11.21346132,11.42395755,11.71129942
NPS-Ref,MEA,QAT,ASP,TWN,4.661975286,3.762464392,3.985948328,4.524339215,4.246675003,4.117243494,4.148996491,4.25508041
NPS-Ref,MEA,QAT,ASP,VNM,,,1.85337E-08,3.55718E-08,7.20353E-08,5.29506E-07,4.09877E-07,3.03009E-07
NPS-Ref,MEA,SAU,ASP,BGD,,,2.66902E-09,6.74941E-09,1.01595E-08,1.77327E-08,2.21584E-08,2.47948E-08
NPS-Ref,MEA,SAU,ASP,CHN,,,1.2838E-08,2.27552E-08,3.69832E-08,5.80288E-08,7.36204E-08,8.78124E-08
NPS-Ref,MEA,SAU,ASP,IND,,1.8644E-08,4.87443E-08,6.28289E-08,9.1209E-08,1.1716E-07,1.35881E-07,1.54972E-07
NPS-Ref,MEA,SAU,ASP,KOR,,,1.40277E-09,3.78208E-09,7.00635E-09,9.8655E-09,1.22912E-08,1.43085E-08
NPS-Ref,MEA,SAU,ASP,PAK,,,,2.24066E-09,2.99277E-09,6.47894E-09,7.84193E-09,9.05477E-09
NPS-Ref,MEA,YEM,NAM,CAN,,4.52286E-09,6.21191E-09,9.03477E-09,1.11795E-08,1.2739E-08,1.54408E-08,1.64076E-08
NPS-Ref,MEA,YEM,NAM,MEX,,3.92933E-09,9.16109E-09,1.06204E-08,1.19536E-08,1.58841E-08,1.69467E-08,2.18136E-08
NPS-Ref,MEA,YEM,NAM,USA,,2.14967E-08,3.87834E-08,5.06861E-08,6.13078E-08,7.36346E-08,7.91467E-08,8.65103E-08
NPS-Ref,MEA,YEM,SAM,ARG,,1.9169E-08,3.61127E-08,2.29114E-08,1.33311E-08,1.60715E-08,1.77797E-08,2.12758E-08
NPS-Ref,MEA,YEM,SAM,BRA,,2.16815E-08,3.6499E-08,1.697E-08,1.97474E-08,2.0927E-08,2.50878E-08,2.79983E-08
NPS-Ref,MEA,YEM,SAM,CHL,,5.13577E-08,9.12586E-08,9.14178E-08,6.23611E-08,5.76128E-08,5.1269E-08,5.60999E-08
NPS-Ref,MEA,YEM,SAM,COL,,5.92409E-09,2.42449E-08,4.45039E-08,8.39379E-08,1.12747E-07,1.37879E-07,1.47328E-07
NPS-Ref,MEA,YEM,SAM,TTO,,,2.05505E-09,2.40459E-09,2.88444E-09,5.27771E-09,6.65986E-09,8.46926E-09
NPS-Ref,MEA,YEM,SAM,VEN,,5.80773E-09,2.31219E-08,4.25826E-08,7.62815E-08,9.9708E-08,1.22969E-07,1.31813E-07
NPS-Ref,MEA,YEM,EU,AUT,,4.66172E-08,8.07455E-08,3.59156E-08,4.47773E-08,6.15077E-08,5.85521E-08,5.75199E-08
NPS-Ref,MEA,YEM,EU,BEL,,5.46734E-08,1.99346E-07,1.52152E-07,2.82018E-07,4.3325E-07,4.31813E-07,4.55504E-07
NPS-Ref,MEA,YEM,EU,BGR,,1.27372E-08,1.4564E-08,1.56617E-08,1.8674E-08,2.27519E-08,2.70719E-08,2.90221E-08
NPS-Ref,MEA,YEM,EU,CZE,,5.75376E-08,6.96883E-08,3.73002E-08,4.21908E-08,5.1418E-08,5.2506E-08,5.49137E-08
NPS-Ref,MEA,YEM,EU,DEU,,3.7355E-08,9.02417E-08,7.23852E-08,9.22505E-08,1.17854E-07,9.91199E-08,8.78009E-08
NPS-Ref,MEA,YEM,EU,DNK,,1.40584E-08,2.83315E-08,3.65137E-08,5.56011E-08,7.51186E-08,8.54844E-08,8.91335E-08
NPS-Ref,MEA,YEM,EU,ESP,,4.6326E-07,1.26271E-06,1.04622E-06,1.27149E-06,1.59177E-06,1.64136E-06,1.72858E-06
NPS-Ref,MEA,YEM,EU,EST,,1.1913E-07,1.36994E-07,1.43694E-07,1.40547E-07,8.79278E-08,4.91565E-08,3.98795E-08
NPS-Ref,MEA,YEM,EU,FIN,,2.53929E-07,4.54177E-07,4.96379E-07,6.26772E-07,7.34942E-07,6.29159E-07,4.28993E-07
NPS-Ref,MEA,YEM,EU,FRA,,3.86968E-07,1.29749E-06,9.2944E-07,1.14954E-06,1.50032E-06,1.50812E-06,1.51231E-06
NPS-Ref,MEA,YEM,EU,GBR,,3.55012E-08,7.31043E-08,8.08366E-08,1.21042E-07,2.05522E-07,2.56445E-07,3.90543E-07
NPS-Ref,MEA,YEM,EU,GRC,,2.00972E-08,2.18996E-08,2.30859E-08,2.73974E-08,3.2113E-08,3.80117E-08,4.18135E-08
NPS-Ref,MEA,YEM,EU,HRV,,5.43442E-08,8.97899E-08,4.67157E-08,5.59241E-08,6.69562E-08,5.86651E-08,5.61418E-08
NPS-Ref,MEA,YEM,EU,HUN,,5.71138E-08,4.95021E-08,2.92023E-08,3.2163E-08,3.66307E-08,3.70783E-08,3.84538E-08
NPS-Ref,MEA,YEM,EU,IRL,,6.73371E-08,1.42942E-07,1.37826E-07,1.97398E-07,2.35466E-07,2.27425E-07,1.93564E-07
NPS-Ref,MEA,YEM,EU,ITA,,5.71811E-08,9.59894E-08,4.25013E-08,5.42906E-08,7.16636E-08,7.08346E-08,7.12836E-08
NPS-Ref,MEA,YEM,EU,LTU,,9.60039E-08,1.94698E-07,4.61711E-07,3.71469E-07,2.80873E-07,1.1614E-07,7.29882E-08
NPS-Ref,MEA,YEM,EU,LVA,,1.019E-07,1.57155E-07,1.3641E-07,1.73455E-07,2.0879E-07,1.1009E-07,6.75253E-08
NPS-Ref,MEA,YEM,EU,NLD,,3.01211E-08,6.70464E-08,7.2583E-08,1.42523E-07,1.97905E-07,2.01025E-07,1.83769E-07
NPS-Ref,MEA,YEM,EU,POL,,5.66445E-08,9.15606E-08,3.59947E-08,4.35777E-08,5.03054E-08,4.43742E-08,4.81137E-08
NPS-Ref,MEA,YEM,EU,PRT,,2.69419E-07,7.80151E-07,6.68316E-07,8.97871E-07,1.06695E-06,1.39482E-06,1.63691E-06
NPS-Ref,MEA,YEM,EU,ROM,,1.07464E-08,1.28384E-08,1.58297E-08,1.86105E-08,2.16742E-08,2.34126E-08,2.55386E-08
NPS-Ref,MEA,YEM,EU,SVK,,3.26712E-08,3.52866E-08,2.49325E-08,2.96534E-08,3.70899E-08,3.92822E-08,4.14174E-08
NPS-Ref,MEA,YEM,EU,SVN,,8.68724E-08,1.38518E-07,5.42522E-08,4.92114E-08,5.26769E-08,4.91043E-08,4.82535E-08
NPS-Ref,MEA,YEM,EU,SWE,,1.15197E-07,5.89976E-07,5.40365E-07,7.04739E-07,8.19033E-07,9.2689E-07,1.04472E-06
NPS-Ref,MEA,YEM,ROE,CHE,,1.69967E-07,2.49244E-07,7.66464E-08,8.84904E-08,1.11628E-07,1.04026E-07,1.04142E-07
NPS-Ref,MEA,YEM,ROE,SRB,,4.21498E-08,2.1371E-08,2.0611E-08,2.54186E-08,3.14872E-08,3.58296E-08,3.83421E-08
NPS-Ref,MEA,YEM,ROE,TUR,,6.82748E-09,9.26704E-09,1.05108E-08,1.28718E-08,1.70022E-08,2.01627E-08,2.50426E-08
NPS-Ref,MEA,YEM,ROE,UKR,,1.28412E-08,1.56075E-08,1.46095E-08,1.77486E-08,2.37713E-08,2.72082E-08,3.31184E-08
NPS-Ref,MEA,YEM,AFR,EGY,,5.81025E-09,8.96344E-09,1.02107E-08,1.37142E-08,1.66729E-08,2.08102E-08,2.25445E-08
NPS-Ref,MEA,YEM,ASP,BGD,,9.95813E-09,4.86669E-08,8.72259E-08,1.40469E-07,2.02474E-07,2.64957E-07,3.13043E-07
NPS-Ref,MEA,YEM,ASP,CHN,,3.48429E-06,4.50965E-05,0.749187414,0.114889696,0.131596735,0.16701762,0.155029512
NPS-Ref,MEA,YEM,ASP,IDN,,1.90894E-09,6.18484E-09,7.93694E-09,1.00556E-08,1.3964E-08,1.7317E-08,2.3155E-08
NPS-Ref,MEA,YEM,ASP,IND,,0.930807989,0.945524514,0.001353003,0.001647732,0.0017969,0.001818681,0.002360165
NPS-Ref,MEA,YEM,ASP,JPN,,6.71648E-07,2.8057E-06,4.32336E-06,6.78001E-06,1.32464E-05,0.000670968,0.003537114
NPS-Ref,MEA,YEM,ASP,KOR,,1.80653E-06,0.000140988,0.162100209,0.182086894,1.50958529,2.533091471,3.305535219
NPS-Ref,MEA,YEM,ASP,MYS,,6.43021E-09,1.12675E-08,1.4781E-08,1.8881E-08,2.49908E-08,3.11454E-08,4.04002E-08
NPS-Ref,MEA,YEM,ASP,PAK,,2.27733E-09,1.02227E-08,1.11556E-08,1.28516E-08,1.72014E-08,2.15697E-08,2.85554E-08
NPS-Ref,MEA,YEM,ASP,PHL,,5.91866E-09,2.87872E-08,5.0752E-08,7.98435E-08,1.18936E-07,1.46033E-07,1.58964E-07
NPS-Ref,MEA,YEM,ASP,SGP,,1.01714E-07,4.9788E-08,3.39901E-08,4.34042E-08,5.60217E-08,7.11979E-08,9.45129E-08
NPS-Ref,MEA,YEM,ASP,THA,,1.7667E-08,8.70582E-08,1.92217E-07,3.66258E-07,4.25972E-07,5.57481E-07,6.91087E-07
NPS-Ref,MEA,YEM,ASP,TWN,,1.79176E-06,0.154390299,0.409241937,1.441916297,0.76820408,0.564207353,0.403227665
NPS-Ref,MEA,YEM,ASP,VNM,,,1.23358E-08,2.02524E-08,3.50617E-08,7.87168E-08,9.03844E-08,9.85084E-08
NPS-Ref,AFR,AGO,NAM,CAN,,4.40205E-09,5.97823E-09,8.87671E-09,1.09667E-08,1.24416E-08,1.51002E-08,1.60859E-08
NPS-Ref,AFR,AGO,NAM,MEX,,3.85253E-09,8.88479E-09,1.04871E-08,1.17496E-08,1.55715E-08,1.66115E-08,1.78047E-08
NPS-Ref,AFR,AGO,NAM,USA,,2.09686E-08,3.56949E-08,4.9862E-08,6.01538E-08,7.19821E-08,7.73795E-08,8.29566E-08
NPS-Ref,AFR,AGO,SAM,ARG,,2.27838E-08,4.93644E-08,2.52984E-08,1.3357E-08,1.59867E-08,1.76377E-08,2.11312E-08
NPS-Ref,AFR,AGO,SAM,BRA,,2.31435E-08,4.06807E-08,1.70906E-08,1.97607E-08,2.08351E-08,2.49433E-08,2.7859E-08
NPS-Ref,AFR,AGO,SAM,CHL,,7.03394E-08,1.55331E-07,1.46178E-07,6.78051E-08,5.80644E-08,5.05478E-08,5.59268E-08
NPS-Ref,AFR,AGO,SAM,COL,,5.82175E-09,2.45474E-08,5.01477E-08,1.08863E-07,1.48064E-07,1.8442E-07,1.93943E-07
NPS-Ref,AFR,AGO,SAM,TTO,,,2.02321E-09,2.38856E-09,2.85858E-09,3.40407E-09,6.56126E-09,8.34061E-09
NPS-Ref,AFR,AGO,SAM,VEN,,5.7082E-09,2.3442E-08,4.82231E-08,9.45597E-08,1.24893E-07,1.57697E-07,1.66121E-07
NPS-Ref,AFR,AGO,EU,AUT,,4.26986E-08,6.88302E-08,3.24098E-08,4.10011E-08,5.6599E-08,5.24277E-08,5.25543E-08
NPS-Ref,AFR,AGO,EU,BEL,,6.22405E-08,3.02857E-07,1.85553E-07,4.25786E-07,7.1632E-07,7.46382E-07,7.82361E-07
NPS-Ref,AFR,AGO,EU,BGR,,1.18125E-08,1.34185E-08,1.47937E-08,1.75354E-08,2.11425E-08,2.51779E-08,2.72341E-08
NPS-Ref,AFR,AGO,EU,CZE,,5.80297E-08,5.98893E-08,3.46103E-08,3.90423E-08,4.68539E-08,4.75136E-08,4.99526E-08
NPS-Ref,AFR,AGO,EU,DEU,,3.53696E-08,9.12092E-08,6.76041E-08,8.67792E-08,1.09652E-07,9.04763E-08,7.91253E-08
NPS-Ref,AFR,AGO,EU,DNK,,1.30976E-08,2.6089E-08,3.54771E-08,5.42141E-08,7.39671E-08,8.47363E-08,8.75367E-08
NPS-Ref,AFR,AGO,EU,ESP,,0.129662883,0.288793201,8.38134E-06,7.03457E-06,7.22029E-06,9.76309E-06,8.2039E-06
NPS-Ref,AFR,AGO,EU,EST,,4.31349E-07,5.03195E-07,5.25156E-07,3.83407E-07,1.12202E-07,5.0451E-08,3.96208E-08
NPS-Ref,AFR,AGO,EU,FIN,,7.32964E-07,2.61012E-06,2.4148E-06,2.85322E-06,2.99613E-06,2.18574E-06,7.67256E-07
NPS-Ref,AFR,AGO,EU,FRA,,3.22509E-06,0.000121477,3.24726E-06,3.64991E-06,5.02316E-06,6.34817E-06,5.5789E-06
NPS-Ref,AFR,AGO,EU,GBR,,3.35609E-08,6.98533E-08,7.77112E-08,1.18002E-07,2.17299E-07,2.85267E-07,4.58867E-07
NPS-Ref,AFR,AGO,EU,GRC,,1.8366E-08,1.99478E-08,2.17047E-08,2.55743E-08,2.97521E-08,3.514E-08,3.91322E-08
NPS-Ref,AFR,AGO,EU,HRV,,4.78122E-08,7.85645E-08,4.34396E-08,5.20597E-08,6.1972E-08,5.29005E-08,5.13838E-08
NPS-Ref,AFR,AGO,EU,HUN,,4.74171E-08,4.11635E-08,2.6858E-08,2.94114E-08,3.32185E-08,3.3682E-08,3.54972E-08
NPS-Ref,AFR,AGO,EU,IRL,,6.62942E-08,1.49745E-07,1.46887E-07,2.23585E-07,2.74784E-07,2.62456E-07,2.04053E-07
NPS-Ref,AFR,AGO,EU,ITA,,4.92328E-08,8.21788E-08,3.82448E-08,4.88143E-08,6.40015E-08,6.18018E-08,6.32704E-08
NPS-Ref,AFR,AGO,EU,LTU,,4.05582E-07,1.56212E-06,1.86232E-06,1.31045E-06,7.93225E-07,1.31681E-07,7.30944E-08
NPS-Ref,AFR,AGO,EU,LVA,,2.81419E-07,1.03171E-06,6.03787E-07,8.75602E-07,9.83647E-07,1.362E-07,6.94933E-08
NPS-Ref,AFR,AGO,EU,NLD,,2.89931E-08,7.04742E-08,7.84086E-08,2.04294E-07,2.79084E-07,2.93938E-07,2.0706E-07
NPS-Ref,AFR,AGO,EU,POL,,5.60662E-08,9.66608E-08,3.41382E-08,4.14943E-08,4.86474E-08,4.11602E-08,4.4981E-08
NPS-Ref,AFR,AGO,EU,PRT,,3.1536E-06,0.000134282,5.30214E-06,6.98733E-06,6.50402E-06,9.81479E-06,7.68509E-06
NPS-Ref,AFR,AGO,EU,ROM,,1.0032E-08,1.19373E-08,1.50028E-08,1.75417E-08,2.03068E-08,2.19844E-08,2.41752E-08
NPS-Ref,AFR,AGO,EU,SVK,,2.80155E-08,3.01402E-08,2.31517E-08,2.74095E-08,3.38998E-08,3.60463E-08,3.8445E-08
NPS-Ref,AFR,AGO,EU,SVN,,9.51406E-08,1.32882E-07,5.29742E-08,4.6186E-08,4.87251E-08,4.48883E-08,4.4812E-08
NPS-Ref,AFR,AGO,EU,SWE,,1.38396E-07,3.75345E-06,2.97693E-06,3.78875E-06,3.29523E-06,3.70412E-06,4.75747E-06
NPS-Ref,AFR,AGO,ROE,CHE,,2.00097E-07,2.38636E-07,6.96269E-08,8.07225E-08,1.01771E-07,9.19606E-08,9.33003E-08
NPS-Ref,AFR,AGO,ROE,SRB,,3.86559E-08,1.9248E-08,1.91925E-08,2.35483E-08,2.87819E-08,3.27743E-08,3.54692E-08
NPS-Ref,AFR,AGO,ROE,TUR,,4.64768E-09,8.68281E-09,1.00391E-08,1.22513E-08,1.61287E-08,1.91149E-08,2.38793E-08
NPS-Ref,AFR,AGO,ROE,UKR,,1.19807E-08,1.43927E-08,1.39375E-08,1.68491E-08,2.24523E-08,2.56927E-08,3.14905E-08
NPS-Ref,AFR,AGO,MEA,ARE,,4.87345E-09,7.64808E-09,9.11685E-09,1.03176E-08,1.21453E-08,1.32609E-08,1.65253E-08
NPS-Ref,AFR,AGO,MEA,BHR,,7.10712E-10,7.0313E-09,8.79178E-09,1.12744E-08,1.23351E-08,1.56927E-08,1.75631E-08
NPS-Ref,AFR,AGO,MEA,ISR,,7.12542E-10,7.0525E-09,8.92493E-09,1.14006E-08,1.22751E-08,1.55355E-08,1.74209E-08
NPS-Ref,AFR,AGO,MEA,KWT,,7.73763E-09,1.11224E-08,1.54876E-08,1.80839E-08,1.71285E-08,1.71477E-08,2.01105E-08
NPS-Ref,AFR,AGO,MEA,OMN,,9.00696E-10,3.12282E-09,5.90823E-09,6.89461E-09,7.98139E-09,8.93126E-09,9.74855E-09
NPS-Ref,AFR,AGO,ASP,BGD,,8.61909E-09,3.96344E-08,7.17921E-08,1.12762E-07,1.6087E-07,2.08687E-07,2.45437E-07
NPS-Ref,AFR,AGO,ASP,CHN,,1.71888E-06,0.27206287,0.765650978,0.926421141,1.098094595,1.277091495,1.445480637
NPS-Ref,AFR,AGO,ASP,IDN,,6.88076E-10,5.81006E-09,7.5647E-09,9.54049E-09,1.32075E-08,1.63267E-08,2.18407E-08
NPS-Ref,AFR,AGO,ASP,IND,,0.272806425,6.93679E-06,6.35583E-06,1.07854E-05,1.28493E-05,1.44587E-05,1.60823E-05
NPS-Ref,AFR,AGO,ASP,JPN,,1.27436E-06,1.76992E-06,4.89409E-06,7.99477E-06,1.35607E-05,5.00483E-05,7.30569E-05
NPS-Ref,AFR,AGO,ASP,KOR,,1.88755E-06,7.60099E-05,0.000213803,6.67085E-05,8.16874E-05,9.25126E-05,0.000105108
NPS-Ref,AFR,AGO,ASP,MYS,,6.06693E-09,1.05778E-08,1.40987E-08,1.79308E-08,2.36281E-08,2.93568E-08,3.80572E-08
NPS-Ref,AFR,AGO,ASP,PAK,,2.16186E-09,9.06694E-09,1.03856E-08,1.19805E-08,1.59313E-08,1.97661E-08,2.43941E-08
NPS-Ref,AFR,AGO,ASP,PHL,,5.73282E-09,2.85975E-08,5.42253E-08,9.11462E-08,1.45213E-07,1.82778E-07,1.98039E-07
NPS-Ref,AFR,AGO,ASP,SGP,,8.25994E-08,4.41812E-08,3.22397E-08,4.09645E-08,5.2532E-08,6.63633E-08,8.76683E-08
NPS-Ref,AFR,AGO,ASP,THA,,1.48473E-08,6.94654E-08,1.72181E-07,3.4775E-07,3.83389E-07,5.09415E-07,6.39211E-07
NPS-Ref,AFR,AGO,ASP,TWN,,1.09955E-06,0.000534231,0.001576478,4.01366E-05,4.76571E-05,5.4503E-05,6.14466E-05
NPS-Ref,AFR,AGO,ASP,VNM,,,1.13066E-08,1.87378E-08,3.17084E-08,6.85934E-08,7.87684E-08,8.68599E-08
NPS-Ref,AFR,DZA,NAM,CAN,8.60633E-10,4.51074E-09,5.56415E-09,8.89456E-09,1.08168E-08,1.20148E-08,1.48813E-08,1.62442E-08
NPS-Ref,AFR,DZA,NAM,MEX,8.82251E-10,3.9614E-09,8.42374E-09,1.0519E-08,1.1426E-08,1.52065E-08,1.65747E-08,1.82258E-08
NPS-Ref,AFR,DZA,NAM,USA,4.30793E-09,2.14385E-08,3.10612E-08,5.01014E-08,5.77131E-08,6.98284E-08,7.63812E-08,8.3937E-08
NPS-Ref,AFR,DZA,SAM,ARG,9.90663E-08,1.82551E-08,1.99519E-08,2.03506E-08,1.26768E-08,1.51599E-08,1.71963E-08,2.12941E-08
NPS-Ref,AFR,DZA,SAM,BRA,2.3985E-08,2.10719E-08,2.64623E-08,1.6786E-08,1.91597E-08,2.03399E-08,2.47902E-08,2.83023E-08
NPS-Ref,AFR,DZA,SAM,CHL,0.112683741,4.88735E-08,5.30676E-08,7.21772E-08,5.07357E-08,4.77948E-08,4.62013E-08,5.23608E-08
NPS-Ref,AFR,DZA,SAM,COL,,5.85777E-09,1.69424E-08,4.09571E-08,7.59442E-08,9.87823E-08,1.70286E-07,2.75217E-07
NPS-Ref,AFR,DZA,SAM,TTO,,,2.01253E-09,2.42374E-09,2.86998E-09,3.47826E-09,6.67096E-09,8.63712E-09
NPS-Ref,AFR,DZA,SAM,VEN,,5.7427E-09,1.59657E-08,3.9124E-08,7.08471E-08,8.76043E-08,1.46165E-07,2.25431E-07
NPS-Ref,AFR,DZA,EU,AUT,0.418702989,1.456018639,1.307902155,0.918615358,0.883726578,0.719542605,0.388995734,0.221085349
NPS-Ref,AFR,DZA,EU,BEL,0.636142454,1.154998705,1.365780914,1.236289673,1.088715023,1.198830718,1.200079941,1.285791795
NPS-Ref,AFR,DZA,EU,BGR,2.73416E-08,2.35638E-08,1.97738E-08,2.40251E-08,2.69519E-08,3.10182E-08,3.81004E-08,4.22298E-08
NPS-Ref,AFR,DZA,EU,CZE,0.011209798,0.860258704,0.574799071,0.20506745,0.020805719,5.19846E-07,3.10978E-07,2.77376E-07
NPS-Ref,AFR,DZA,EU,DEU,2.752887171,5.257241131,5.661672125,6.342187174,5.300837108,3.538345125,2.893148543,1.141987546
NPS-Ref,AFR,DZA,EU,DNK,2.71896E-08,1.13975E-07,1.23436E-07,0.003483998,0.014786262,0.020089091,0.01288968,6.16031E-07
NPS-Ref,AFR,DZA,EU,ESP,9.481759418,8.520871513,9.397521149,9.345814537,9.85192225,9.687834223,9.766829911,9.74277841
NPS-Ref,AFR,DZA,EU,EST,0.028005642,1.374E-07,3.48004E-08,6.67673E-08,6.05366E-08,5.03651E-08,4.26962E-08,3.96342E-08
NPS-Ref,AFR,DZA,EU,FIN,,0.006706458,1.15792E-07,2.76769E-07,4.24318E-07,3.88096E-07,0.009095783,0.013681526
NPS-Ref,AFR,DZA,EU,FRA,4.207312224,4.69374271,4.74408219,5.690567388,5.411977551,5.376888471,5.424559985,4.954088492
NPS-Ref,AFR,DZA,EU,GBR,9.28917E-08,0.14527952,1.36278E-07,2.15221E-07,2.82409E-07,5.28766E-07,8.67365E-07,4.44742E-06
NPS-Ref,AFR,DZA,EU,GRC,6.40141E-08,3.82829E-08,3.10095E-08,3.77172E-08,4.05527E-08,4.55573E-08,5.64151E-08,6.43684E-08
NPS-Ref,AFR,DZA,EU,HRV,0.017824678,0.352091917,0.433430229,0.321986724,0.255732477,0.103891415,0.007640464,5.20994E-07
NPS-Ref,AFR,DZA,EU,HUN,1.40816E-07,1.312904756,0.714294127,0.233169199,6.73288E-07,1.69101E-07,1.14222E-07,1.05388E-07
NPS-Ref,AFR,DZA,EU,IRL,1.37016E-07,0.008702976,2.15035E-07,3.04058E-07,3.80443E-07,4.79789E-07,4.81695E-07,3.23049E-07
NPS-Ref,AFR,DZA,EU,ITA,8.754308399,14.69663822,17.42538909,13.92409179,12.70094097,10.40214727,9.279661933,8.10480878
NPS-Ref,AFR,DZA,EU,LTU,0.099147029,8.88855E-08,5.23907E-08,1.8157E-07,1.15694E-07,8.92468E-08,8.13209E-08,7.1499E-08
NPS-Ref,AFR,DZA,EU,LVA,0.081450322,1.00931E-07,3.6528E-08,6.69476E-08,6.64996E-08,6.19002E-08,6.94192E-08,6.30431E-08
NPS-Ref,AFR,DZA,EU,NLD,0.102354324,1.308246348,0.397848452,0.974611897,1.297699467,1.173147867,1.172157961,0.597860956
NPS-Ref,AFR,DZA,EU,POL,8.59854E-08,0.182213456,2.81335E-07,1.42636E-07,1.32969E-07,9.84462E-08,7.93541E-08,9.22328E-08
NPS-Ref,AFR,DZA,EU,PRT,1.622301742,0.930825407,1.175018378,1.38358685,1.411591406,1.315125571,1.442372554,1.535185039
NPS-Ref,AFR,DZA,EU,ROM,2.19536E-08,2.25011E-08,1.92374E-08,2.83372E-08,3.06275E-08,3.1879E-08,3.35296E-08,3.73592E-08
NPS-Ref,AFR,DZA,EU,SVK,0.006144358,0.679502379,0.452654717,0.122559733,0.012796266,2.42792E-07,1.68276E-07,1.52569E-07
NPS-Ref,AFR,DZA,EU,SVN,0.065140097,0.15378971,0.124229084,0.132557494,0.099774071,0.049882715,0.022507434,0.005168728
NPS-Ref,AFR,DZA,EU,SWE,6.83272E-08,0.009672517,8.02071E-07,0.00280299,0.013803363,0.021748026,0.012814079,0.05260234
NPS-Ref,AFR,DZA,ROE,CHE,0.24630926,0.487089946,0.628689905,0.538096275,0.570517513,0.519187924,0.477666478,0.43354654
NPS-Ref,AFR,DZA,ROE,SRB,1.20208E-07,0.171487389,3.35687E-08,3.71864E-08,4.32803E-08,4.96602E-08,5.79637E-08,6.42424E-08
NPS-Ref,AFR,DZA,ROE,TUR,5.54528E-08,7.77536E-09,9.5833E-09,1.1915E-08,1.43157E-08,1.85384E-08,2.26386E-08,2.89849E-08
NPS-Ref,AFR,DZA,ROE,UKR,9.21257E-09,8.89343E-08,3.1082E-08,2.75672E-08,3.04187E-08,3.63183E-08,4.11354E-08,5.10623E-08
NPS-Ref,AFR,DZA,MEA,ARE,1.12188E-09,4.99399E-09,7.2901E-09,9.18871E-09,1.01691E-08,1.1975E-08,1.33351E-08,1.69779E-08
NPS-Ref,AFR,DZA,MEA,BHR,,7.65302E-10,6.8533E-09,8.88169E-09,1.1186E-08,1.23388E-08,1.58779E-08,1.81088E-08
NPS-Ref,AFR,DZA,MEA,ISR,,7.76602E-10,6.9703E-09,9.1461E-09,1.14485E-08,1.2411E-08,1.58682E-08,1.81198E-08
NPS-Ref,AFR,DZA,MEA,KWT,6.83637E-09,8.03985E-09,1.01127E-08,1.52042E-08,1.72963E-08,1.64958E-08,1.71313E-08,2.06616E-08
NPS-Ref,AFR,DZA,MEA,OMN,6.54091E-10,9.14249E-10,3.02937E-09,5.95459E-09,6.83637E-09,7.86158E-09,8.94657E-09,9.99582E-09
NPS-Ref,AFR,DZA,ASP,BGD,,8.50326E-09,2.9656E-08,6.10526E-08,8.90729E-08,1.26373E-07,2.03859E-07,3.11376E-07
NPS-Ref,AFR,DZA,ASP,CHN,0.250635441,0.156455743,3.07383E-07,4.69763E-07,8.43607E-07,8.76169E-07,0.120754096,0.869218097
NPS-Ref,AFR,DZA,ASP,IDN,,7.34803E-10,5.56629E-09,7.56503E-09,9.3704E-09,1.2932E-08,1.63035E-08,2.25036E-08
NPS-Ref,AFR,DZA,ASP,IND,0.548917264,0.12789564,3.49592E-07,3.86866E-07,5.89936E-07,5.67576E-07,0.039981538,0.340537388
NPS-Ref,AFR,DZA,ASP,JPN,7.086275368,0.918545771,1.78353E-07,2.76466E-07,7.49685E-07,5.41892E-07,0.056217423,3.164420489
NPS-Ref,AFR,DZA,ASP,KOR,2.295182543,0.363517114,2.21487E-07,3.09658E-07,5.94499E-07,5.2769E-07,0.133555228,0.989769835
NPS-Ref,AFR,DZA,ASP,MYS,5.84801E-09,6.13639E-09,1.00963E-08,1.41034E-08,1.76387E-08,2.30931E-08,2.9251E-08,3.91814E-08
NPS-Ref,AFR,DZA,ASP,PAK,6.31238E-10,2.17633E-09,8.20245E-09,1.04367E-08,1.17504E-08,1.56845E-08,1.98713E-08,2.54718E-08
NPS-Ref,AFR,DZA,ASP,PHL,,5.64187E-09,1.95788E-08,4.07882E-08,5.85591E-08,7.95197E-08,1.17467E-07,1.51676E-07
NPS-Ref,AFR,DZA,ASP,SGP,7.15516E-08,5.60321E-08,3.63826E-08,3.21993E-08,4.01082E-08,5.09421E-08,6.57712E-08,9.00904E-08
NPS-Ref,AFR,DZA,ASP,THA,8.34128E-09,1.39666E-08,3.67079E-08,8.73561E-08,1.59737E-07,1.74678E-07,3.91565E-07,1.83426E-06
NPS-Ref,AFR,DZA,ASP,TWN,1.397326637,0.160677946,1.36949E-07,1.68676E-07,3.25037E-07,3.04834E-07,0.049169936,0.362032185
NPS-Ref,AFR,DZA,ASP,VNM,,,1.0368E-08,1.8224E-08,2.92184E-08,5.79869E-08,7.23763E-08,8.7699E-08
NPS-Ref,AFR,EGY,NAM,CAN,7.03222E-10,4.01538E-09,6.1846E-09,9.55827E-09,1.16878E-08,1.32217E-08,1.58957E-08,1.68163E-08
NPS-Ref,AFR,EGY,NAM,MEX,7.27495E-10,3.556E-09,9.24171E-09,1.12666E-08,1.26111E-08,1.64979E-08,1.74654E-08,2.23337E-08
NPS-Ref,AFR,EGY,NAM,USA,1.29809E-09,1.83322E-08,3.87262E-08,5.31375E-08,6.39118E-08,7.62468E-08,8.14879E-08,8.87191E-08
NPS-Ref,AFR,EGY,SAM,ARG,6.47213E-09,1.00097E-08,2.76469E-08,2.61678E-08,1.39671E-08,1.66308E-08,1.8277E-08,2.17386E-08
NPS-Ref,AFR,EGY,SAM,BRA,1.09713E-08,1.41107E-08,3.33717E-08,1.7799E-08,2.0518E-08,2.15142E-08,2.56436E-08,2.85322E-08
NPS-Ref,AFR,EGY,SAM,CHL,1.97884E-08,2.6348E-08,7.17725E-08,1.1733E-07,7.20768E-08,6.24946E-08,5.41042E-08,5.93764E-08
NPS-Ref,AFR,EGY,SAM,COL,,3.24203E-09,2.34194E-08,5.86375E-08,1.21011E-07,1.58692E-07,1.90726E-07,2.02354E-07
NPS-Ref,AFR,EGY,SAM,TTO,,,2.11621E-09,2.46662E-09,2.9577E-09,5.3879E-09,6.79209E-09,8.64001E-09
NPS-Ref,AFR,EGY,SAM,VEN,,3.17764E-09,2.22891E-08,5.60293E-08,1.06861E-07,1.36537E-07,1.6604E-07,1.7545E-07
NPS-Ref,AFR,EGY,EU,AUT,3.73062E-09,3.21106E-08,5.90793E-08,4.35554E-08,5.33528E-08,7.35561E-08,6.73217E-08,6.41448E-08
NPS-Ref,AFR,EGY,EU,BEL,8.01744E-09,4.12212E-08,1.31608E-07,2.30136E-07,4.57848E-07,7.29411E-07,7.33452E-07,8.00045E-07
NPS-Ref,AFR,EGY,EU,BGR,4.19426E-09,1.13872E-08,1.46077E-08,1.69272E-08,2.01267E-08,2.43701E-08,2.88122E-08,3.0629E-08
NPS-Ref,AFR,EGY,EU,CZE,3.71289E-09,3.97828E-08,5.96979E-08,4.46051E-08,4.94124E-08,5.93921E-08,5.9371E-08,6.10293E-08
NPS-Ref,AFR,EGY,EU,DEU,7.18363E-09,2.8666E-08,6.90883E-08,1.01029E-07,1.22394E-07,1.5235E-07,1.19751E-07,1.01683E-07
NPS-Ref,AFR,EGY,EU,DNK,3.31834E-09,1.25292E-08,2.65232E-08,4.11621E-08,6.25083E-08,8.39935E-08,9.51607E-08,9.80527E-08
NPS-Ref,AFR,EGY,EU,ESP,2.747454215,7.63693E-07,3.086526084,1.737854533,0.595308149,0.013558618,0.002148783,0.002319893
NPS-Ref,AFR,EGY,EU,EST,1.36664E-07,9.22353E-08,6.15929E-08,4.13427E-07,3.21197E-07,1.10664E-07,5.29923E-08,4.15662E-08
NPS-Ref,AFR,EGY,EU,FIN,,2.28117E-07,5.18899E-07,1.64899E-06,2.00123E-06,2.16968E-06,1.66811E-06,7.07385E-07
NPS-Ref,AFR,EGY,EU,FRA,1.51717E-08,0.257766023,1.202821785,1.665818727,0.481778694,0.013747155,0.001878469,0.005068771
NPS-Ref,AFR,EGY,EU,GBR,7.70456E-09,3.14247E-08,7.53029E-08,1.0753E-07,1.60485E-07,2.81569E-07,3.4485E-07,5.54912E-07
NPS-Ref,AFR,EGY,EU,GRC,2.2154E-08,1.81246E-08,2.26121E-08,2.55276E-08,3.04292E-08,3.48223E-08,4.09993E-08,4.44793E-08
NPS-Ref,AFR,EGY,EU,HRV,4.04931E-09,4.17008E-08,7.73328E-08,5.6651E-08,6.76482E-08,7.94525E-08,6.65326E-08,6.36257E-08
NPS-Ref,AFR,EGY,EU,HUN,3.71284E-09,4.04291E-08,4.33036E-08,3.38698E-08,3.66922E-08,4.10525E-08,4.06713E-08,4.14883E-08
NPS-Ref,AFR,EGY,EU,IRL,1.2149E-08,5.72831E-08,1.37394E-07,1.68486E-07,2.44273E-07,2.94816E-07,2.79333E-07,2.23122E-07
NPS-Ref,AFR,EGY,EU,ITA,8.53024E-09,4.72594E-08,8.49222E-08,5.23942E-08,6.66938E-08,8.7949E-08,8.43259E-08,8.35538E-08
NPS-Ref,AFR,EGY,EU,LTU,2.73348E-07,1.06082E-07,4.34045E-07,1.55121E-06,1.0977E-06,6.82472E-07,1.44458E-07,8.30493E-08
NPS-Ref,AFR,EGY,EU,LVA,8.44853E-08,8.03839E-08,6.72642E-08,3.9386E-07,5.72112E-07,6.86975E-07,1.41698E-07,7.50037E-08
NPS-Ref,AFR,EGY,EU,NLD,6.44553E-09,2.46315E-08,5.30708E-08,1.00719E-07,2.2297E-07,3.07054E-07,3.09855E-07,2.61435E-07
NPS-Ref,AFR,EGY,EU,POL,7.1815E-09,4.3298E-08,7.56425E-08,4.42728E-08,5.22546E-08,5.80258E-08,4.92525E-08,5.44649E-08
NPS-Ref,AFR,EGY,EU,PRT,3.55447E-07,2.77323E-07,1.44829E-06,4.57061E-06,6.06774E-06,5.64087E-06,8.38989E-06,6.88162E-06
NPS-Ref,AFR,EGY,EU,ROM,3.57912E-09,9.77789E-09,1.27659E-08,1.70739E-08,1.999E-08,2.30849E-08,2.47082E-08,2.67655E-08
NPS-Ref,AFR,EGY,EU,SVK,3.09728E-09,2.57051E-08,3.19875E-08,2.837E-08,3.34347E-08,4.14724E-08,4.31596E-08,4.48309E-08
NPS-Ref,AFR,EGY,EU,SVN,6.2642E-09,6.49575E-08,1.03768E-07,6.57607E-08,5.78472E-08,6.03734E-08,5.48142E-08,5.26687E-08
NPS-Ref,AFR,EGY,EU,SWE,9.63865E-09,9.16346E-08,8.48335E-07,1.99164E-06,2.5679E-06,2.29003E-06,2.78981E-06,3.55162E-06
NPS-Ref,AFR,EGY,ROE,CHE,1.62343E-08,1.83198E-07,2.06161E-07,9.45815E-08,1.0936E-07,1.39157E-07,1.24433E-07,1.19974E-07
NPS-Ref,AFR,EGY,ROE,SRB,9.87383E-09,3.54003E-08,2.12515E-08,2.26695E-08,2.78605E-08,3.42967E-08,3.86756E-08,4.09846E-08
NPS-Ref,AFR,EGY,ROE,TUR,1.74002E-08,4.59864E-09,9.39639E-09,1.1097E-08,1.35671E-08,1.77726E-08,2.09966E-08,2.59371E-08
NPS-Ref,AFR,EGY,ROE,UKR,1.19203E-09,1.14179E-08,1.512E-08,1.57187E-08,1.90212E-08,2.52992E-08,2.87443E-08,3.47275E-08
NPS-Ref,AFR,EGY,MEA,ARE,9.22746E-10,2.7597E-09,8.128E-09,9.98591E-09,1.12541E-08,1.30319E-08,1.41139E-08,1.74411E-08
NPS-Ref,AFR,EGY,MEA,BHR,,1.98147E-09,7.45191E-09,9.44599E-09,1.20338E-08,1.30645E-08,1.64997E-08,1.83836E-08
NPS-Ref,AFR,EGY,MEA,ISR,,,2.17608E-09,3.45813E-09,6.15033E-09,6.83524E-09,9.11973E-09,1.02986E-08
NPS-Ref,AFR,EGY,MEA,KWT,2.77559E-09,4.12532E-09,1.16475E-08,1.82248E-08,2.06896E-08,1.88353E-08,2.03075E-08,2.1286E-08
NPS-Ref,AFR,EGY,MEA,OMN,,8.54658E-10,3.27189E-09,6.31748E-09,7.36372E-09,8.51874E-09,9.48701E-09,1.02968E-08
NPS-Ref,AFR,EGY,ASP,BGD,,5.22406E-09,4.40099E-08,9.77812E-08,1.58014E-07,2.20653E-07,2.83348E-07,3.31103E-07
NPS-Ref,AFR,EGY,ASP,CHN,6.43021E-08,3.02292E-07,0.132649254,7.442755138,12.60435322,14.29858447,15.73940262,15.73602598
NPS-Ref,AFR,EGY,ASP,IDN,,1.90616E-09,6.10231E-09,8.15604E-09,1.03261E-08,1.4244E-08,1.76081E-08,2.34967E-08
NPS-Ref,AFR,EGY,ASP,IND,7.79643E-08,4.30236E-07,0.615775236,1.33426E-05,2.10709E-05,2.83237E-05,3.27124E-05,3.74962E-05
NPS-Ref,AFR,EGY,ASP,JPN,2.00005E-05,2.03779E-07,1.01889E-06,3.34104E-06,4.88769E-06,6.43586E-06,1.42184E-05,1.79926E-05
NPS-Ref,AFR,EGY,ASP,KOR,0.264440245,2.67229E-07,3.57387E-05,0.000147166,2.55263E-05,2.97799E-05,3.41316E-05,4.06131E-05
NPS-Ref,AFR,EGY,ASP,MYS,4.4275E-09,3.51864E-09,1.10888E-08,1.51774E-08,1.93735E-08,2.5492E-08,3.16677E-08,4.10065E-08
NPS-Ref,AFR,EGY,ASP,PAK,,2.27523E-09,1.0556E-08,1.15877E-08,1.33078E-08,1.76698E-08,2.21277E-08,2.91818E-08
NPS-Ref,AFR,EGY,ASP,PHL,,3.34051E-09,2.67362E-08,5.80607E-08,9.32361E-08,1.40363E-07,1.7106E-07,1.83128E-07
NPS-Ref,AFR,EGY,ASP,SGP,2.20516E-08,5.53264E-08,4.54726E-08,3.50236E-08,4.46941E-08,5.73337E-08,7.26727E-08,9.6358E-08
NPS-Ref,AFR,EGY,ASP,THA,3.25148E-09,1.16194E-08,7.37761E-08,2.40507E-07,4.61582E-07,5.15809E-07,6.496E-07,7.8768E-07
NPS-Ref,AFR,EGY,ASP,TWN,0.138204426,1.333E-07,0.539212003,0.694653282,1.31055E-05,1.5774E-05,1.87062E-05,2.16347E-05
NPS-Ref,AFR,EGY,ASP,VNM,,,1.19374E-08,2.12173E-08,3.70126E-08,8.34662E-08,9.45266E-08,1.02027E-07
NPS-Ref,AFR,GNQ,NAM,CAN,7.42078E-10,4.85111E-09,6.73934E-09,9.75116E-09,1.18843E-08,1.34406E-08,1.6106E-08,1.70309E-08
NPS-Ref,AFR,GNQ,NAM,MEX,7.64811E-10,4.24053E-09,9.94272E-09,1.15377E-08,1.28898E-08,1.68089E-08,1.7736E-08,2.26341E-08
NPS-Ref,AFR,GNQ,NAM,USA,2.63598E-09,2.27985E-08,4.13375E-08,5.58727E-08,6.49069E-08,7.74266E-08,8.25721E-08,8.9873E-08
NPS-Ref,AFR,GNQ,SAM,ARG,9.61131E-09,3.22106E-08,6.86088E-08,3.11181E-08,1.46144E-08,1.729E-08,1.88943E-08,2.23668E-08
NPS-Ref,AFR,GNQ,SAM,BRA,1.34012E-08,2.87204E-08,5.25523E-08,1.84981E-08,2.11638E-08,2.20851E-08,2.62192E-08,2.91377E-08
NPS-Ref,AFR,GNQ,SAM,CHL,3.72886E-08,1.09958E-07,2.01624E-07,1.8207E-07,8.63696E-08,6.88513E-08,5.74336E-08,6.41053E-08
NPS-Ref,AFR,GNQ,SAM,COL,,6.578E-09,3.22712E-08,7.05254E-08,1.62276E-07,2.19903E-07,2.63108E-07,2.83477E-07
NPS-Ref,AFR,GNQ,SAM,TTO,,,2.13453E-09,2.49166E-09,2.98632E-09,5.43837E-09,6.85905E-09,8.7363E-09
NPS-Ref,AFR,GNQ,SAM,VEN,,6.4479E-09,3.09239E-08,6.73807E-08,1.38501E-07,1.81322E-07,2.20982E-07,2.36952E-07
NPS-Ref,AFR,GNQ,EU,AUT,4.06368E-09,6.33098E-08,9.58338E-08,4.2099E-08,5.14631E-08,7.12983E-08,6.57542E-08,6.36391E-08
NPS-Ref,AFR,GNQ,EU,BEL,9.15812E-09,9.13022E-08,3.65272E-07,2.52904E-07,5.42134E-07,9.58536E-07,9.10319E-07,1.09742E-06
NPS-Ref,AFR,GNQ,EU,BGR,4.49141E-09,1.32963E-08,1.5307E-08,1.66321E-08,1.97995E-08,2.40492E-08,2.84135E-08,3.03596E-08
NPS-Ref,AFR,GNQ,EU,CZE,5.98201E-09,8.95542E-08,8.98044E-08,4.43578E-08,4.92044E-08,5.95677E-08,5.93109E-08,6.14574E-08
NPS-Ref,AFR,GNQ,EU,DEU,8.14167E-09,5.34649E-08,1.45591E-07,1.04382E-07,1.25608E-07,1.58464E-07,1.2239E-07,1.04129E-07
NPS-Ref,AFR,GNQ,EU,DNK,3.60789E-09,1.59145E-08,3.2534E-08,4.17654E-08,6.35707E-08,8.60457E-08,9.69284E-08,1.00108E-07
NPS-Ref,AFR,GNQ,EU,ESP,3.456039364,3.934243442,3.341274402,6.188504835,5.906281841,5.956119729,5.903105182,5.91233808
NPS-Ref,AFR,GNQ,EU,EST,1.00944E-06,6.99922E-07,3.82473E-07,6.63754E-07,5.75618E-07,1.20623E-07,5.40571E-08,4.20693E-08
NPS-Ref,AFR,GNQ,EU,FIN,,8.62877E-07,1.37213E-06,0.000426432,0.014732663,7.0823E-06,4.09505E-06,1.00471E-06
NPS-Ref,AFR,GNQ,EU,FRA,1.89061E-08,6.80069E-06,1.526324651,3.57228E-05,1.11725E-05,0.119700798,0.961221395,1.15490539
NPS-Ref,AFR,GNQ,EU,GBR,8.71554E-09,4.69025E-08,1.05833E-07,1.13718E-07,1.70781E-07,3.13605E-07,3.75773E-07,6.49289E-07
NPS-Ref,AFR,GNQ,EU,GRC,2.28869E-08,2.12686E-08,2.34133E-08,2.49113E-08,2.97068E-08,3.42294E-08,4.02705E-08,4.39621E-08
NPS-Ref,AFR,GNQ,EU,HRV,4.38624E-09,6.46093E-08,1.01587E-07,5.35699E-08,6.39802E-08,7.61663E-08,6.45476E-08,6.27845E-08
NPS-Ref,AFR,GNQ,EU,HUN,3.99551E-09,7.24099E-08,5.71491E-08,3.28561E-08,3.57471E-08,4.03229E-08,4.00319E-08,4.12032E-08
NPS-Ref,AFR,GNQ,EU,IRL,1.43295E-08,8.86445E-08,1.88934E-07,1.76541E-07,2.60128E-07,3.23582E-07,2.98516E-07,2.36057E-07
NPS-Ref,AFR,GNQ,EU,ITA,9.5901E-09,8.48207E-08,1.36638E-07,5.11132E-08,6.50176E-08,8.64573E-08,8.28226E-08,8.31041E-08
NPS-Ref,AFR,GNQ,EU,LTU,3.92043E-06,4.15125E-07,6.48387E-07,2.40036E-06,1.96399E-06,1.7487E-06,1.52089E-07,8.5591E-08
NPS-Ref,AFR,GNQ,EU,LVA,4.22832E-07,4.85516E-07,5.19537E-07,6.45516E-07,1.28661E-06,2.18238E-06,1.52428E-07,7.75393E-08
NPS-Ref,AFR,GNQ,EU,NLD,7.22365E-09,4.20624E-08,1.01912E-07,1.08199E-07,2.62918E-07,3.82974E-07,3.67437E-07,3.04375E-07
NPS-Ref,AFR,GNQ,EU,POL,8.11921E-09,8.76273E-08,1.40509E-07,4.52677E-08,5.34097E-08,5.97E-08,4.98264E-08,5.53006E-08
NPS-Ref,AFR,GNQ,EU,PRT,0.482122752,2.57672E-05,0.663810464,0.430055281,0.121590634,1.942657649,1.311860588,1.101455086
NPS-Ref,AFR,GNQ,EU,ROM,3.81052E-09,1.11807E-08,1.3381E-08,1.6803E-08,1.97026E-08,2.28356E-08,2.44461E-08,2.6608E-08
NPS-Ref,AFR,GNQ,EU,SVK,3.3316E-09,4.06605E-08,3.99811E-08,2.7939E-08,3.29607E-08,4.11037E-08,4.27402E-08,4.47509E-08
NPS-Ref,AFR,GNQ,EU,SVN,6.87293E-09,1.12952E-07,1.44641E-07,6.16239E-08,5.53312E-08,5.86186E-08,5.3456E-08,5.20778E-08
NPS-Ref,AFR,GNQ,EU,SWE,1.05253E-08,1.67328E-07,0.049662623,0.012448669,0.087693025,7.25838E-06,7.3752E-06,1.98611E-05
NPS-Ref,AFR,GNQ,ROE,CHE,1.92944E-08,2.61809E-07,3.28806E-07,9.33782E-08,1.07562E-07,1.38088E-07,1.23422E-07,1.20475E-07
NPS-Ref,AFR,GNQ,ROE,SRB,1.06039E-08,4.59292E-08,2.26976E-08,2.21966E-08,2.72999E-08,3.37303E-08,3.80336E-08,4.05608E-08
NPS-Ref,AFR,GNQ,ROE,TUR,1.79839E-08,7.0241E-09,9.59855E-09,1.09368E-08,1.33838E-08,1.7578E-08,2.07698E-08,2.57234E-08
NPS-Ref,AFR,GNQ,ROE,UKR,2.51194E-09,1.41485E-08,1.67199E-08,1.5635E-08,1.89276E-08,2.52502E-08,2.86415E-08,3.47056E-08
NPS-Ref,AFR,GNQ,MEA,ARE,9.44758E-10,5.21552E-09,8.32879E-09,9.76889E-09,1.10368E-08,1.2846E-08,1.39294E-08,1.72487E-08
NPS-Ref,AFR,GNQ,MEA,BHR,,1.96728E-09,7.5049E-09,9.28289E-09,1.18622E-08,1.29091E-08,1.63254E-08,1.82076E-08
NPS-Ref,AFR,GNQ,MEA,ISR,,2.00316E-09,7.63885E-09,9.56638E-09,1.21484E-08,1.29804E-08,1.63042E-08,1.82117E-08
NPS-Ref,AFR,GNQ,MEA,KWT,3.20334E-09,9.06611E-09,1.24354E-08,1.73645E-08,1.99485E-08,1.84358E-08,1.99973E-08,2.10275E-08
NPS-Ref,AFR,GNQ,MEA,OMN,,9.36476E-10,3.31619E-09,6.2218E-09,7.25943E-09,8.40985E-09,9.36839E-09,1.0183E-08
NPS-Ref,AFR,GNQ,ASP,BGD,,1.01227E-08,5.01752E-08,9.39845E-08,1.511E-07,2.13984E-07,2.7193E-07,3.21771E-07
NPS-Ref,AFR,GNQ,ASP,CHN,7.04612E-08,5.92761E-07,2.84696E-06,1.05795E-05,1.69583E-05,2.32691E-05,2.50862E-05,3.62794E-05
NPS-Ref,AFR,GNQ,ASP,IDN,,1.92115E-09,6.30301E-09,8.1313E-09,1.02995E-08,1.42254E-08,1.75731E-08,2.34717E-08
NPS-Ref,AFR,GNQ,ASP,IND,8.31595E-08,0.303561092,1.63581E-06,1.9363E-06,3.19827E-06,4.03009E-06,4.31207E-06,5.41001E-06
NPS-Ref,AFR,GNQ,ASP,JPN,1.31068E-05,1.87688E-06,1.19319E-06,2.63693E-06,4.53046E-06,7.03916E-06,1.20728E-05,2.00895E-05
NPS-Ref,AFR,GNQ,ASP,KOR,0.789449179,0.488695152,1.060409994,2.562407383,5.740421633,7.288717853,7.990616386,7.990624567
NPS-Ref,AFR,GNQ,ASP,MYS,4.64871E-09,6.50248E-09,1.14786E-08,1.51327E-08,1.93249E-08,2.54587E-08,3.16041E-08,4.09624E-08
NPS-Ref,AFR,GNQ,ASP,PAK,,2.27001E-09,1.09571E-08,1.13555E-08,1.3078E-08,1.73894E-08,2.17277E-08,2.86663E-08
NPS-Ref,AFR,GNQ,ASP,PHL,,6.35093E-09,3.31594E-08,6.51928E-08,1.09897E-07,1.77234E-07,2.14477E-07,2.33201E-07
NPS-Ref,AFR,GNQ,ASP,SGP,2.4171E-08,1.05814E-07,5.08181E-08,3.49065E-08,4.45649E-08,5.72445E-08,7.24923E-08,9.62205E-08
NPS-Ref,AFR,GNQ,ASP,THA,5.29065E-09,1.83364E-08,9.11481E-08,2.21508E-07,4.23145E-07,4.95134E-07,6.09049E-07,7.6467E-07
NPS-Ref,AFR,GNQ,ASP,TWN,8.96819E-07,1.22697E-06,3.50861E-06,8.07903E-06,1.03358E-05,1.31254E-05,1.47149E-05,1.88416E-05
NPS-Ref,AFR,GNQ,ASP,VNM,,,1.2663E-08,2.11136E-08,3.681E-08,8.3235E-08,9.38645E-08,1.01917E-07
NPS-Ref,AFR,LBY,NAM,CAN,,1.36584E-09,4.03196E-09,9.02749E-09,1.14677E-08,1.31261E-08,1.57896E-08,1.66975E-08
NPS-Ref,AFR,LBY,NAM,MEX,,1.36711E-09,3.53622E-09,1.03346E-08,1.20944E-08,1.63839E-08,1.73548E-08,2.21951E-08
NPS-Ref,AFR,LBY,NAM,USA,,8.68819E-09,1.958E-08,5.0647E-08,6.27719E-08,7.57158E-08,8.09385E-08,8.80678E-08
NPS-Ref,AFR,LBY,SAM,ARG,,6.06162E-09,9.29806E-09,2.27016E-08,1.34971E-08,1.64944E-08,1.81378E-08,2.15795E-08
NPS-Ref,AFR,LBY,SAM,BRA,,9.46091E-09,1.53975E-08,1.65478E-08,1.99113E-08,2.14012E-08,2.5526E-08,2.83932E-08
NPS-Ref,AFR,LBY,SAM,CHL,,1.61146E-08,2.71181E-08,9.67142E-08,6.7728E-08,6.14175E-08,5.32647E-08,5.82592E-08
NPS-Ref,AFR,LBY,SAM,COL,,7.66704E-10,8.17036E-09,4.20577E-08,1.01007E-07,1.59711E-07,1.96725E-07,2.03478E-07
NPS-Ref,AFR,LBY,SAM,TTO,,,7.17349E-10,2.33092E-09,2.87531E-09,5.36618E-09,6.76574E-09,8.59813E-09
NPS-Ref,AFR,LBY,SAM,VEN,,7.51447E-10,8.00587E-09,4.02546E-08,8.9448E-08,1.37668E-07,1.71021E-07,1.77734E-07
NPS-Ref,AFR,LBY,EU,AUT,1.50692E-08,3.63619E-07,1.02047E-07,1.22532E-07,1.28755E-07,1.66006E-07,1.72941E-07,2.11428E-07
NPS-Ref,AFR,LBY,EU,BEL,1.17901E-08,1.97214E-08,3.37798E-08,2.02283E-07,4.52492E-07,7.5689E-07,7.85387E-07,8.59775E-07
NPS-Ref,AFR,LBY,EU,BGR,9.44635E-09,9.84216E-09,1.16428E-08,1.78798E-08,2.16193E-08,2.63993E-08,3.27611E-08,3.71148E-08
NPS-Ref,AFR,LBY,EU,CZE,1.0603E-08,5.48378E-08,5.38921E-08,7.30246E-08,7.29298E-08,8.20455E-08,9.3422E-08,1.18853E-07
NPS-Ref,AFR,LBY,EU,DEU,1.52768E-08,2.35731E-08,4.05352E-08,1.74505E-07,2.01721E-07,2.33507E-07,2.36871E-07,2.67719E-07
NPS-Ref,AFR,LBY,EU,DNK,7.56132E-09,1.1365E-08,2.029E-08,4.6917E-08,7.13581E-08,9.41051E-08,1.33583E-07,1.70188E-07
NPS-Ref,AFR,LBY,EU,ESP,5.75441E-09,2.54928E-08,4.81707E-08,0.03504657,0.51795505,0.727439896,0.874733565,0.665144565
NPS-Ref,AFR,LBY,EU,EST,,1.21247E-08,1.64218E-08,4.29518E-07,3.51193E-07,1.16367E-07,5.36151E-08,4.17497E-08
NPS-Ref,AFR,LBY,EU,FIN,,2.59773E-08,3.65675E-08,1.21734E-06,7.97414E-06,0.05280302,0.057409259,1.24496E-06
NPS-Ref,AFR,LBY,EU,FRA,1.99147E-08,5.92496E-08,7.73721E-08,0.035905629,0.381624578,2.047660568,0.942568728,1.165759156
NPS-Ref,AFR,LBY,EU,GBR,9.355E-09,1.46827E-08,2.43488E-08,8.35301E-08,1.46429E-07,2.75911E-07,3.41079E-07,5.45946E-07
NPS-Ref,AFR,LBY,EU,GRC,2.1541E-08,1.40671E-08,1.51919E-08,2.60688E-08,3.16178E-08,3.83733E-08,4.77651E-08,5.51595E-08
NPS-Ref,AFR,LBY,EU,HRV,1.25172E-08,4.27622E-08,5.99637E-08,1.06572E-07,1.21274E-07,1.26924E-07,1.23468E-07,1.34564E-07
NPS-Ref,AFR,LBY,EU,HUN,1.03215E-08,6.22227E-08,4.60323E-08,5.32166E-08,5.25531E-08,5.44416E-08,5.81432E-08,6.71903E-08
NPS-Ref,AFR,LBY,EU,IRL,1.56506E-08,2.49681E-08,4.45826E-08,1.47151E-07,2.38187E-07,2.94965E-07,2.79777E-07,2.22217E-07
NPS-Ref,AFR,LBY,EU,ITA,7.427791636,8.494544024,11.69798717,13.22817052,13.4592567,13.64798344,14.6048408,15.36773087
NPS-Ref,AFR,LBY,EU,LTU,,1.10299E-08,1.8268E-08,1.51962E-06,1.26825E-06,7.77099E-07,1.46937E-07,8.45432E-08
NPS-Ref,AFR,LBY,EU,LVA,,1.08171E-08,1.60104E-08,3.84809E-07,7.31505E-07,9.07538E-07,1.47422E-07,7.60872E-08
NPS-Ref,AFR,LBY,EU,NLD,9.2532E-09,1.48736E-08,2.33279E-08,8.89067E-08,2.18415E-07,3.12203E-07,3.22132E-07,2.67238E-07
NPS-Ref,AFR,LBY,EU,POL,1.2708E-08,2.21292E-08,2.85898E-08,4.60656E-08,5.7267E-08,6.32103E-08,5.69999E-08,7.04864E-08
NPS-Ref,AFR,LBY,EU,PRT,5.39628E-09,3.01763E-08,4.851E-08,3.15489E-06,0.330466046,8.13409E-06,0.174386046,8.20649E-06
NPS-Ref,AFR,LBY,EU,ROM,8.12496E-09,9.01445E-09,1.11151E-08,1.88167E-08,2.2231E-08,2.54165E-08,2.82104E-08,3.25476E-08
NPS-Ref,AFR,LBY,EU,SVK,8.90534E-09,5.12169E-08,3.6693E-08,4.40913E-08,4.83458E-08,5.6851E-08,6.58117E-08,7.98905E-08
NPS-Ref,AFR,LBY,EU,SVN,2.23163E-08,0.011479408,9.69147E-08,1.95791E-07,1.09544E-07,9.33372E-08,9.9527E-08,1.13033E-07
NPS-Ref,AFR,LBY,EU,SWE,1.53442E-08,3.65328E-08,6.60906E-08,1.65116E-06,1.05882E-05,0.112713137,0.343254074,0.281210441
NPS-Ref,AFR,LBY,ROE,CHE,0.083472508,0.179968135,0.316803683,0.473409734,0.519455256,0.556680627,0.58543664,0.568048683
NPS-Ref,AFR,LBY,ROE,SRB,1.90925E-08,4.27643E-08,1.65257E-08,2.48205E-08,3.11766E-08,3.85225E-08,4.62679E-08,5.35307E-08
NPS-Ref,AFR,LBY,ROE,TUR,1.36601E-08,3.6885E-09,4.85372E-09,1.08181E-08,1.36011E-08,1.81301E-08,2.18236E-08,2.76652E-08
NPS-Ref,AFR,LBY,ROE,UKR,3.44364E-09,1.16913E-08,1.36975E-08,1.73606E-08,2.09976E-08,2.76818E-08,3.30035E-08,4.29044E-08
NPS-Ref,AFR,LBY,MEA,ARE,,1.0692E-09,4.89514E-09,9.21769E-09,1.07846E-08,1.28351E-08,1.39242E-08,1.72187E-08
NPS-Ref,AFR,LBY,MEA,BHR,,6.30938E-10,5.45145E-09,8.7009E-09,1.15557E-08,1.29092E-08,1.63277E-08,1.81922E-08
NPS-Ref,AFR,LBY,MEA,ISR,,,3.48129E-09,8.54463E-09,1.13593E-08,1.253E-08,1.58167E-08,1.76804E-08
NPS-Ref,AFR,LBY,MEA,KWT,,2.73912E-09,7.1722E-09,1.60049E-08,1.94783E-08,1.84199E-08,1.99887E-08,2.09926E-08
NPS-Ref,AFR,LBY,MEA,OMN,,7.25567E-10,2.45618E-09,5.97766E-09,7.14585E-09,8.40084E-09,9.36322E-09,1.01625E-08
NPS-Ref,AFR,LBY,ASP,BGD,,2.33506E-09,1.66425E-08,6.66129E-08,1.22966E-07,1.95407E-07,2.54549E-07,2.95372E-07
NPS-Ref,AFR,LBY,ASP,CHN,,4.33351E-08,8.6567E-08,9.645E-07,4.02837E-06,0.183887884,1.035059364,1.509723119
NPS-Ref,AFR,LBY,ASP,IDN,,,2.16894E-09,7.47691E-09,9.8669E-09,1.39757E-08,1.72694E-08,2.30053E-08
NPS-Ref,AFR,LBY,ASP,IND,,4.29955E-08,9.59201E-08,5.37524E-07,2.66248E-06,1.34198E-05,2.96831E-05,3.32774E-05
NPS-Ref,AFR,LBY,ASP,JPN,,1.90907E-08,3.35148E-08,6.06597E-07,1.78087E-06,4.19103E-06,1.12167E-05,1.53454E-05
NPS-Ref,AFR,LBY,ASP,KOR,,1.97276E-08,3.90333E-08,7.81282E-07,3.53975E-06,0.000192377,0.000545837,0.000687836
NPS-Ref,AFR,LBY,ASP,MYS,,2.49841E-09,7.8917E-09,1.39847E-08,1.85555E-08,2.50103E-08,3.10573E-08,4.01312E-08
NPS-Ref,AFR,LBY,ASP,PAK,,6.82781E-10,5.39135E-09,1.01162E-08,1.23631E-08,1.71444E-08,2.13847E-08,2.81322E-08
NPS-Ref,AFR,LBY,ASP,PHL,,8.3074E-10,1.09909E-08,4.51331E-08,8.30833E-08,1.33592E-07,1.65148E-07,1.76248E-07
NPS-Ref,AFR,LBY,ASP,SGP,,1.70802E-08,2.40163E-08,3.19157E-08,4.25294E-08,5.60615E-08,7.09402E-08,9.36314E-08
NPS-Ref,AFR,LBY,ASP,THA,,5.33565E-09,1.51907E-08,1.07137E-07,2.59722E-07,3.77056E-07,5.00951E-07,6.14144E-07
NPS-Ref,AFR,LBY,ASP,TWN,,9.08821E-09,2.0293E-08,2.56854E-07,2.16778E-06,0.000868096,0.001784865,0.002029273
NPS-Ref,AFR,LBY,ASP,VNM,,,7.37953E-09,1.83339E-08,3.36271E-08,7.77582E-08,8.84786E-08,9.56286E-08
NPS-Ref,AFR,MOZ,NAM,CAN,,,6.36938E-09,9.22336E-09,1.13525E-08,1.28835E-08,1.55591E-08,1.65018E-08
NPS-Ref,AFR,MOZ,NAM,MEX,,,9.41932E-09,1.08998E-08,1.22376E-08,1.61089E-08,1.71149E-08,2.19675E-08
NPS-Ref,AFR,MOZ,NAM,USA,,,3.96228E-08,5.16388E-08,6.22609E-08,7.44712E-08,7.97825E-08,8.70469E-08
NPS-Ref,AFR,MOZ,SAM,ARG,,,5.19097E-08,2.69144E-08,1.40693E-08,1.67358E-08,1.83802E-08,2.18438E-08
NPS-Ref,AFR,MOZ,SAM,BRA,,,4.41201E-08,1.78035E-08,2.05278E-08,2.1529E-08,2.56626E-08,2.85563E-08
NPS-Ref,AFR,MOZ,SAM,CHL,,,1.42694E-07,1.26039E-07,7.44837E-08,6.36254E-08,5.4748E-08,6.02327E-08
NPS-Ref,AFR,MOZ,SAM,COL,,,2.58839E-08,4.7809E-08,9.05974E-08,1.1775E-07,1.40814E-07,1.49193E-07
NPS-Ref,AFR,MOZ,SAM,TTO,,,2.08299E-09,2.43361E-09,2.92185E-09,5.32626E-09,6.71041E-09,8.52653E-09
NPS-Ref,AFR,MOZ,SAM,VEN,,,2.47031E-08,4.56367E-08,8.20303E-08,1.03976E-07,1.25444E-07,1.33399E-07
NPS-Ref,AFR,MOZ,EU,AUT,,,8.02914E-08,3.74085E-08,4.53061E-08,6.09618E-08,5.83471E-08,5.71779E-08
NPS-Ref,AFR,MOZ,EU,BEL,,,1.78766E-07,1.48104E-07,2.54376E-07,3.78457E-07,3.65318E-07,3.77732E-07
NPS-Ref,AFR,MOZ,EU,BGR,,,1.49374E-08,1.60225E-08,1.90474E-08,2.30733E-08,2.72501E-08,2.90921E-08
NPS-Ref,AFR,MOZ,EU,CZE,,,7.40428E-08,3.8739E-08,4.319E-08,5.20487E-08,5.29497E-08,5.51573E-08
NPS-Ref,AFR,MOZ,EU,DEU,,,9.43738E-08,7.77899E-08,9.52883E-08,1.19043E-07,9.91534E-08,8.86199E-08
NPS-Ref,AFR,MOZ,EU,DNK,,,2.91289E-08,3.69923E-08,5.58238E-08,7.42124E-08,8.35837E-08,8.72541E-08
NPS-Ref,AFR,MOZ,EU,ESP,,,8.56743E-07,8.79699E-07,1.05181E-06,1.25959E-06,1.26026E-06,1.29713E-06
NPS-Ref,AFR,MOZ,EU,EST,,,9.43988E-08,1.06001E-07,1.09733E-07,8.00878E-08,4.80588E-08,3.95074E-08
NPS-Ref,AFR,MOZ,EU,FIN,,,3.18361E-07,3.67327E-07,4.53175E-07,5.3526E-07,4.82658E-07,3.61444E-07
NPS-Ref,AFR,MOZ,EU,FRA,,,7.55723E-07,8.01483E-07,9.73297E-07,1.21384E-06,1.17078E-06,1.12173E-06
NPS-Ref,AFR,MOZ,EU,GBR,,,7.31699E-08,8.1597E-08,1.1897E-07,1.89501E-07,2.2863E-07,3.3872E-07
NPS-Ref,AFR,MOZ,EU,GRC,,,2.25545E-08,2.3684E-08,2.81506E-08,3.2528E-08,3.82557E-08,4.18781E-08
NPS-Ref,AFR,MOZ,EU,HRV,,,8.62419E-08,4.7047E-08,5.54961E-08,6.56794E-08,5.82578E-08,5.57984E-08
NPS-Ref,AFR,MOZ,EU,HUN,,,5.16513E-08,3.00765E-08,3.28368E-08,3.70641E-08,3.72821E-08,3.85041E-08
NPS-Ref,AFR,MOZ,EU,IRL,,,1.34232E-07,1.30608E-07,1.80082E-07,2.10263E-07,2.02521E-07,1.79663E-07
NPS-Ref,AFR,MOZ,EU,ITA,,,1.03626E-07,4.47338E-08,5.60515E-08,7.2557E-08,7.19864E-08,7.39002E-08
NPS-Ref,AFR,MOZ,EU,LTU,,,1.62723E-07,3.20198E-07,2.70436E-07,2.17118E-07,1.08804E-07,7.14074E-08
NPS-Ref,AFR,MOZ,EU,LVA,,,1.08242E-07,1.07605E-07,1.29407E-07,1.53585E-07,1.00732E-07,6.54166E-08
NPS-Ref,AFR,MOZ,EU,NLD,,,6.82395E-08,7.33952E-08,1.31619E-07,1.81203E-07,1.80582E-07,1.74079E-07
NPS-Ref,AFR,MOZ,EU,POL,,,9.28917E-08,3.74742E-08,4.44993E-08,5.01691E-08,4.46711E-08,4.81863E-08
NPS-Ref,AFR,MOZ,EU,PRT,,,4.63001E-07,4.76415E-07,6.16751E-07,7.37637E-07,9.38845E-07,1.14324E-06
NPS-Ref,AFR,MOZ,EU,ROM,,,1.30902E-08,1.61455E-08,1.89068E-08,2.18935E-08,2.35307E-08,2.55827E-08
NPS-Ref,AFR,MOZ,EU,SVK,,,3.67524E-08,2.56909E-08,3.02461E-08,3.74594E-08,3.94171E-08,4.14021E-08
NPS-Ref,AFR,MOZ,EU,SVN,,,1.2048E-07,5.26615E-08,4.8734E-08,5.20081E-08,4.86022E-08,4.77403E-08
NPS-Ref,AFR,MOZ,EU,SWE,,,4.16502E-07,4.12521E-07,5.23337E-07,6.17834E-07,7.01526E-07,7.89087E-07
NPS-Ref,AFR,MOZ,ROE,CHE,,,2.4935E-07,7.99088E-08,9.0429E-08,1.11421E-07,1.04161E-07,1.03705E-07
NPS-Ref,AFR,MOZ,ROE,SRB,,,2.202E-08,2.11951E-08,2.59784E-08,3.19493E-08,3.60671E-08,3.84192E-08
NPS-Ref,AFR,MOZ,ROE,TUR,,,9.44187E-09,1.06868E-08,1.30679E-08,1.71632E-08,2.02907E-08,2.51314E-08
NPS-Ref,AFR,MOZ,ROE,UKR,,,1.59869E-08,1.49029E-08,1.80218E-08,2.39808E-08,2.73184E-08,3.31669E-08
NPS-Ref,AFR,MOZ,MEA,ARE,,,8.52198E-09,9.91076E-09,1.11753E-08,1.29626E-08,1.40491E-08,1.73721E-08
NPS-Ref,AFR,MOZ,MEA,BHR,,,7.62569E-09,9.38506E-09,1.19687E-08,1.30051E-08,1.64367E-08,1.83196E-08
NPS-Ref,AFR,MOZ,MEA,ISR,,,7.5969E-09,9.47051E-09,1.20409E-08,1.28761E-08,1.61973E-08,1.80944E-08
NPS-Ref,AFR,MOZ,MEA,KWT,,,1.29539E-08,1.79357E-08,2.042E-08,1.86852E-08,2.01976E-08,2.11925E-08
NPS-Ref,AFR,MOZ,MEA,OMN,,,5.22296E-09,6.28452E-09,7.326E-09,8.47821E-09,9.44526E-09,1.02558E-08
NPS-Ref,AFR,MOZ,ASP,BGD,,,5.41806E-08,9.89259E-08,1.5991E-07,2.23379E-07,2.87048E-07,3.35747E-07
NPS-Ref,AFR,MOZ,ASP,CHN,,,1.8817E-05,10.55433019,12.80361943,19.59407855,25.20856605,24.20014992
NPS-Ref,AFR,MOZ,ASP,IDN,,,6.36869E-09,8.16846E-09,1.03418E-08,1.42687E-08,1.76424E-08,2.35475E-08
NPS-Ref,AFR,MOZ,ASP,IND,,,4.427188817,3.296722742,4.541337177,5.023374312,4.476241644,4.110888163
NPS-Ref,AFR,MOZ,ASP,JPN,,,2.58107E-06,4.77127E-06,7.54704E-06,1.28734E-05,0.000368304,0.001621392
NPS-Ref,AFR,MOZ,ASP,KOR,,,5.36879E-05,1.625810863,0.48617376,1.613059163,3.256136989,4.693470979
NPS-Ref,AFR,MOZ,ASP,MYS,,,1.16046E-08,1.52001E-08,1.9402E-08,2.55359E-08,3.17287E-08,4.10958E-08
NPS-Ref,AFR,MOZ,ASP,PAK,,,1.1306E-08,1.15089E-08,1.32277E-08,1.75732E-08,2.20044E-08,2.90122E-08
NPS-Ref,AFR,MOZ,ASP,PHL,,,3.08457E-08,5.53174E-08,8.73529E-08,1.29509E-07,1.57133E-07,1.69074E-07
NPS-Ref,AFR,MOZ,ASP,SGP,,,5.28585E-08,3.5084E-08,4.47697E-08,5.74514E-08,7.28477E-08,9.66339E-08
NPS-Ref,AFR,MOZ,ASP,THA,,,1.06441E-07,2.49187E-07,4.80144E-07,5.35436E-07,6.74989E-07,8.21018E-07
NPS-Ref,AFR,MOZ,ASP,TWN,,,0.898080709,4.110842087,17.08394256,23.58893657,26.76729787,26.6949165
NPS-Ref,AFR,MOZ,ASP,VNM,,,1.28627E-08,2.125E-08,3.70665E-08,8.36763E-08,9.47596E-08,1.02292E-07
NPS-Ref,AFR,NGA,NAM,CAN,9.13794E-10,5.56701E-09,9.44521E-09,1.15413E-08,1.25097E-08,1.4133E-08,1.67674E-08,1.76095E-08
NPS-Ref,AFR,NGA,NAM,MEX,9.40557E-10,6.74614E-09,1.09155E-08,1.2202E-08,1.36515E-08,1.76698E-08,1.84793E-08,2.33546E-08
NPS-Ref,AFR,NGA,NAM,USA,5.16685E-09,2.86397E-08,4.84721E-08,5.84754E-08,6.98166E-08,8.10471E-08,8.59243E-08,9.29578E-08
NPS-Ref,AFR,NGA,SAM,ARG,0.656587952,0.178766951,0.138687483,4.36169E-08,1.56132E-08,1.83438E-08,1.98477E-08,2.32265E-08
NPS-Ref,AFR,NGA,SAM,BRA,4.81306E-08,5.86512E-08,1.45209E-07,1.9447E-08,2.21119E-08,2.29601E-08,2.70775E-08,2.99543E-08
NPS-Ref,AFR,NGA,SAM,CHL,0.194074397,0.095601096,0.097999151,0.032126563,1.27984E-07,8.24383E-08,6.34745E-08,7.23542E-08
NPS-Ref,AFR,NGA,SAM,COL,,8.10122E-09,6.10958E-08,1.29731E-07,0.04430975,0.100794662,0.101337194,0.110269275
NPS-Ref,AFR,NGA,SAM,TTO,,,2.21199E-09,2.54345E-09,3.05281E-09,5.57007E-09,7.02987E-09,8.95958E-09
NPS-Ref,AFR,NGA,SAM,VEN,,7.94121E-09,5.93248E-08,1.25012E-07,6.0199E-07,0.018495276,0.006483993,0.001885639
NPS-Ref,AFR,NGA,EU,AUT,1.03435E-08,0.023290497,6.74666E-07,5.3173E-08,6.83929E-08,1.03702E-07,8.70293E-08,7.99058E-08
NPS-Ref,AFR,NGA,EU,BEL,3.10837E-08,0.109856478,0.487701649,7.9845E-07,0.179173241,0.330153104,0.220007142,0.080960921
NPS-Ref,AFR,NGA,EU,BGR,9.05593E-09,1.59735E-08,1.72062E-08,1.78584E-08,2.1451E-08,2.62533E-08,3.11349E-08,3.30617E-08
NPS-Ref,AFR,NGA,EU,CZE,1.07392E-08,6.54987E-07,1.61121E-07,5.4721E-08,6.15433E-08,7.59642E-08,7.34479E-08,7.4331E-08
NPS-Ref,AFR,NGA,EU,DEU,2.1222E-08,3.83196E-07,0.085587354,1.71433E-07,2.13155E-07,2.87043E-07,1.92994E-07,1.41762E-07
NPS-Ref,AFR,NGA,EU,DNK,8.74468E-09,2.2094E-08,4.42431E-08,5.06746E-08,8.25037E-08,1.19101E-07,1.36128E-07,1.33139E-07
NPS-Ref,AFR,NGA,EU,ESP,2.716711546,1.224524197,1.25070003,0.741238779,0.854933085,0.989231934,0.972818509,0.997111041
NPS-Ref,AFR,NGA,EU,EST,0.034704356,0.041974862,0.021851972,0.015176562,0.014743982,0.004681017,7.32406E-08,4.59381E-08
NPS-Ref,AFR,NGA,EU,FIN,,0.108179556,0.120692065,0.08001593,0.089883492,0.098767209,0.08657089,0.038513277
NPS-Ref,AFR,NGA,EU,FRA,0.133193706,1.25583158,1.415993327,0.893692059,1.016225393,1.137952224,1.133760442,0.933723843
NPS-Ref,AFR,NGA,EU,GBR,2.25996E-08,0.058366259,0.043648192,1.76936E-07,2.97106E-07,1.17725E-06,1.55181E-06,0.000218766
NPS-Ref,AFR,NGA,EU,GRC,4.25152E-08,2.74422E-08,2.77657E-08,2.74003E-08,3.32504E-08,3.81668E-08,4.51771E-08,4.87125E-08
NPS-Ref,AFR,NGA,EU,HRV,9.77551E-09,0.001309474,0.010344295,7.05275E-08,8.96711E-08,1.08799E-07,8.19434E-08,7.51217E-08
NPS-Ref,AFR,NGA,EU,HUN,8.77503E-09,0.004679886,1.06984E-07,3.91609E-08,4.28279E-08,4.8362E-08,4.68762E-08,4.72712E-08
NPS-Ref,AFR,NGA,EU,IRL,4.20531E-08,0.003496717,0.002701088,2.57826E-07,5.08994E-07,1.275E-06,7.5644E-07,3.34367E-07
NPS-Ref,AFR,NGA,EU,ITA,3.44906E-08,0.950695216,0.1460952,7.08236E-08,9.57364E-08,1.39163E-07,1.311E-07,1.2085E-07
NPS-Ref,AFR,NGA,EU,LTU,0.12294348,0.070000511,0.09385912,0.045020371,0.047754362,0.032845116,4.09562E-07,1.06631E-07
NPS-Ref,AFR,NGA,EU,LVA,0.102108916,0.03873351,0.036219282,0.024644824,0.027198456,0.024774435,1.17422E-06,1.01496E-07
NPS-Ref,AFR,NGA,EU,NLD,1.68089E-08,2.49163E-07,0.030710279,2.33057E-07,0.353589063,0.443978506,0.284864304,1.66881E-06
NPS-Ref,AFR,NGA,EU,POL,2.15055E-08,0.08646602,9.86811E-07,6.0288E-08,7.25242E-08,8.14214E-08,6.00427E-08,6.4738E-08
NPS-Ref,AFR,NGA,EU,PRT,0.53302739,0.155035325,0.19875252,0.130074082,0.14815243,0.164135861,0.166844977,0.167290461
NPS-Ref,AFR,NGA,EU,ROM,7.5915E-09,1.31532E-08,1.48556E-08,1.818E-08,2.14802E-08,2.49825E-08,2.66097E-08,2.87973E-08
NPS-Ref,AFR,NGA,EU,SVK,7.4245E-09,8.1978E-08,5.69646E-08,3.22372E-08,3.86758E-08,4.91275E-08,5.03111E-08,5.17531E-08
NPS-Ref,AFR,NGA,EU,SVN,1.32688E-08,0.009223516,0.002152138,8.53363E-08,7.1306E-08,7.4461E-08,6.51137E-08,6.15585E-08
NPS-Ref,AFR,NGA,EU,SWE,1.78146E-08,0.032962955,0.092870602,0.07280256,0.091274015,0.109948827,0.117571587,0.125925417
NPS-Ref,AFR,NGA,ROE,CHE,6.68406E-08,0.060497265,0.045633821,1.242E-07,1.57216E-07,2.25398E-07,1.89151E-07,1.72194E-07
NPS-Ref,AFR,NGA,ROE,SRB,1.60388E-08,7.25182E-08,2.61958E-08,2.41719E-08,3.01313E-08,3.76291E-08,4.2507E-08,4.5044E-08
NPS-Ref,AFR,NGA,ROE,TUR,1.98197E-07,8.04503E-09,1.04866E-08,1.15132E-08,1.41716E-08,1.86425E-08,2.2017E-08,2.71236E-08
NPS-Ref,AFR,NGA,ROE,UKR,3.38622E-09,1.89152E-08,1.93966E-08,1.68834E-08,2.06223E-08,2.7733E-08,3.13327E-08,3.76463E-08
NPS-Ref,AFR,NGA,MEA,ARE,1.17283E-09,5.83974E-09,9.03453E-09,1.02437E-08,1.15898E-08,1.34068E-08,1.44501E-08,1.77784E-08
NPS-Ref,AFR,NGA,MEA,BHR,,2.13633E-09,7.97091E-09,9.63684E-09,1.22973E-08,1.3364E-08,1.68089E-08,1.8679E-08
NPS-Ref,AFR,NGA,MEA,ISR,,2.18019E-09,8.12924E-09,9.9531E-09,1.26167E-08,1.34489E-08,1.67941E-08,1.8692E-08
NPS-Ref,AFR,NGA,MEA,KWT,1.04764E-08,1.57545E-08,1.43009E-08,1.92636E-08,2.18186E-08,1.9613E-08,2.08438E-08,2.17185E-08
NPS-Ref,AFR,NGA,MEA,OMN,6.71229E-10,9.92703E-10,5.42927E-09,6.43206E-09,7.52582E-09,8.74173E-09,9.7042E-09,1.05E-08
NPS-Ref,AFR,NGA,ASP,BGD,,1.44932E-08,8.43569E-08,1.56688E-07,3.86002E-07,6.83693E-07,9.02076E-07,1.02653E-06
NPS-Ref,AFR,NGA,ASP,CHN,1.674358647,2.281303256,2.805752461,2.313793907,3.13093399,5.328244043,5.785750298,5.906323101
NPS-Ref,AFR,NGA,ASP,IDN,6.36117E-10,2.07972E-09,6.75806E-09,8.50011E-09,1.08415E-08,1.50288E-08,1.85816E-08,2.47311E-08
NPS-Ref,AFR,NGA,ASP,IND,1.328331089,1.169320444,0.986865632,0.701183058,0.980675629,1.210439353,1.279645735,1.372748608
NPS-Ref,AFR,NGA,ASP,JPN,9.47197125,5.797041647,6.72559104,5.641856626,7.453372404,8.722378703,8.893256105,9.022669775
NPS-Ref,AFR,NGA,ASP,KOR,3.162378968,2.199248133,2.60394252,2.349933975,3.092898601,3.620433174,3.759917232,3.935154246
NPS-Ref,AFR,NGA,ASP,MYS,6.52185E-09,7.33444E-09,1.23349E-08,1.58004E-08,2.03159E-08,2.68927E-08,3.34124E-08,4.32058E-08
NPS-Ref,AFR,NGA,ASP,PAK,6.66656E-10,2.50693E-09,1.27509E-08,1.22026E-08,1.4055E-08,1.88146E-08,2.36172E-08,3.11096E-08
NPS-Ref,AFR,NGA,ASP,PHL,,7.65479E-09,5.02727E-08,9.92622E-08,3.47839E-07,0.023438125,0.026660725,0.017585468
NPS-Ref,AFR,NGA,ASP,SGP,0.056635113,0.378571443,6.51351E-08,3.66652E-08,4.7182E-08,6.10283E-08,7.74953E-08,1.03268E-07
NPS-Ref,AFR,NGA,ASP,THA,1.08516E-08,3.91664E-08,0.026483345,0.545899587,1.772388787,2.099578768,2.256991561,2.332160185
NPS-Ref,AFR,NGA,ASP,TWN,1.967839238,1.04384314,1.14396535,0.96638395,1.211110566,1.416534062,1.436896529,1.484074891
NPS-Ref,AFR,NGA,ASP,VNM,,,1.41768E-08,2.31813E-08,4.28208E-08,1.13338E-07,1.249E-07,1.29504E-07
NPS-Ref,AFR,TUN,EU,AUT,6.70766E-09,2.52052E-08,3.24318E-08,4.09559E-08,9.18329E-08,1.25835E-07,1.59775E-07,1.98651E-07
NPS-Ref,AFR,TUN,EU,BEL,4.10134E-09,1.13543E-08,1.86426E-08,3.54738E-08,8.01754E-08,1.07999E-07,1.57899E-07,1.8226E-07
NPS-Ref,AFR,TUN,EU,BGR,4.39242E-09,7.26741E-09,8.63036E-09,1.18188E-08,1.56907E-08,1.94435E-08,2.57168E-08,3.03224E-08
NPS-Ref,AFR,TUN,EU,CZE,3.79281E-09,1.81548E-08,2.4409E-08,3.13107E-08,5.07032E-08,6.12845E-08,8.08542E-08,1.05853E-07
NPS-Ref,AFR,TUN,EU,DEU,6.40022E-09,1.25889E-08,2.10608E-08,4.47851E-08,1.02989E-07,1.29276E-07,1.79455E-07,2.21207E-07
NPS-Ref,AFR,TUN,EU,DNK,3.04201E-09,8.0044E-09,1.40439E-08,2.64564E-08,5.2015E-08,6.96845E-08,1.08037E-07,1.40812E-07
NPS-Ref,AFR,TUN,EU,ESP,3.63664E-09,1.05633E-08,1.51995E-08,1.91206E-08,2.84617E-08,3.41086E-08,4.54772E-08,4.83732E-08
NPS-Ref,AFR,TUN,EU,EST,,7.45944E-09,8.8014E-09,1.29413E-08,1.74255E-08,2.01975E-08,2.07918E-08,2.07488E-08
NPS-Ref,AFR,TUN,EU,FIN,,1.1949E-08,1.34615E-08,2.05896E-08,2.92458E-08,3.55709E-08,4.32474E-08,4.98062E-08
NPS-Ref,AFR,TUN,EU,FRA,7.57416E-09,1.93519E-08,2.96593E-08,2.58681E-07,0.069690318,4.37695E-07,2.35815E-06,0.113749468
NPS-Ref,AFR,TUN,EU,GBR,3.87974E-09,9.59626E-09,1.51337E-08,2.54218E-08,4.31962E-08,6.00691E-08,8.82171E-08,1.37417E-07
NPS-Ref,AFR,TUN,EU,GRC,1.46428E-08,7.44667E-09,1.00051E-08,1.40454E-08,1.85421E-08,2.24206E-08,3.00712E-08,3.56727E-08
NPS-Ref,AFR,TUN,EU,HRV,6.6012E-09,2.0444E-08,3.1217E-08,4.87743E-08,8.96879E-08,9.53239E-08,1.06848E-07,1.17573E-07
NPS-Ref,AFR,TUN,EU,HUN,4.14601E-09,2.26091E-08,2.38474E-08,2.81789E-08,4.03526E-08,4.46929E-08,5.29668E-08,6.21962E-08
NPS-Ref,AFR,TUN,EU,IRL,5.86523E-09,1.48908E-08,2.39984E-08,3.97281E-08,6.80615E-08,7.78522E-08,9.30322E-08,1.00919E-07
NPS-Ref,AFR,TUN,EU,ITA,1.86399E-08,4.90166E-08,0.247903638,0.601302366,1.156024886,1.434384934,2.840499427,3.800958613
NPS-Ref,AFR,TUN,EU,LTU,,6.93384E-09,9.78347E-09,1.5772E-08,2.12352E-08,2.57851E-08,2.95189E-08,3.1312E-08
NPS-Ref,AFR,TUN,EU,LVA,,6.87806E-09,8.97054E-09,1.31988E-08,1.85448E-08,2.28958E-08,2.72346E-08,2.95221E-08
NPS-Ref,AFR,TUN,EU,NLD,3.45147E-09,9.54346E-09,1.48884E-08,2.5286E-08,4.87936E-08,6.47319E-08,8.96549E-08,1.01367E-07
NPS-Ref,AFR,TUN,EU,POL,4.39243E-09,1.14912E-08,1.58237E-08,1.95758E-08,2.99127E-08,3.45886E-08,3.86364E-08,4.98094E-08
NPS-Ref,AFR,TUN,EU,PRT,3.52124E-09,1.18167E-08,1.63144E-08,1.97017E-08,2.78838E-08,3.34059E-08,4.67315E-08,4.89968E-08
NPS-Ref,AFR,TUN,EU,ROM,3.80302E-09,6.92039E-09,8.63998E-09,1.29632E-08,1.73012E-08,2.03164E-08,2.41567E-08,2.86376E-08
NPS-Ref,AFR,TUN,EU,SVK,3.48535E-09,1.77139E-08,2.03475E-08,2.4745E-08,3.8404E-08,4.77522E-08,6.17364E-08,7.60816E-08
NPS-Ref,AFR,TUN,EU,SVN,8.7786E-09,5.22355E-08,4.37874E-08,7.98216E-08,8.76338E-08,7.86852E-08,9.27903E-08,1.06817E-07
NPS-Ref,AFR,TUN,EU,SWE,8.81126E-09,2.08517E-08,3.59419E-08,6.49587E-08,1.20986E-07,1.59795E-07,2.5653E-07,3.15155E-07
NPS-Ref,AFR,TUN,ROE,CHE,2.58924E-08,5.96856E-08,0.146382595,0.252552054,0.328045272,0.376307539,0.508257452,0.492369277
NPS-Ref,AFR,TUN,ROE,SRB,1.09996E-08,2.5989E-08,1.1519E-08,1.53899E-08,2.17593E-08,2.73581E-08,3.59046E-08,4.32779E-08
NPS-Ref,AFR,TUN,ROE,TUR,7.11955E-09,2.90386E-09,3.64552E-09,6.66692E-09,8.71774E-09,1.09206E-08,1.38989E-08,1.72133E-08
NPS-Ref,AFR,TUN,ROE,UKR,2.46805E-09,8.33942E-09,9.81363E-09,1.18879E-08,1.62996E-08,2.07671E-08,2.63268E-08,3.35589E-08
NPS-Ref,AFR,TZA,NAM,CAN,,,3.70954E-09,5.16202E-09,9.20569E-09,1.04861E-08,1.1384E-08,1.38232E-08
NPS-Ref,AFR,TZA,NAM,MEX,,,3.18575E-09,6.04897E-09,9.60307E-09,1.07526E-08,1.42775E-08,1.52155E-08
NPS-Ref,AFR,TZA,NAM,USA,,,1.4569E-08,2.95148E-08,4.57747E-08,5.82588E-08,6.68121E-08,7.09787E-08
NPS-Ref,AFR,TZA,SAM,ARG,,,9.01013E-09,1.28603E-08,1.09119E-08,1.33209E-08,1.49645E-08,1.61769E-08
NPS-Ref,AFR,TZA,SAM,BRA,,,1.39607E-08,1.32947E-08,1.57033E-08,1.80837E-08,2.02668E-08,2.43581E-08
NPS-Ref,AFR,TZA,SAM,CHL,,,2.59764E-08,4.11539E-08,4.38584E-08,4.21808E-08,3.93156E-08,3.94998E-08
NPS-Ref,AFR,TZA,SAM,COL,,,7.49459E-09,1.84275E-08,4.41056E-08,5.37698E-08,6.38236E-08,6.48815E-08
NPS-Ref,AFR,TZA,SAM,TTO,,,6.27316E-10,2.07374E-09,2.5632E-09,3.058E-09,5.89909E-09,7.29366E-09
NPS-Ref,AFR,TZA,SAM,VEN,,,7.34885E-09,1.73647E-08,4.09271E-08,4.91419E-08,5.75987E-08,5.85301E-08
NPS-Ref,AFR,TZA,EU,AUT,,,1.28352E-08,1.69483E-08,2.71249E-08,3.46145E-08,3.34242E-08,3.37733E-08
NPS-Ref,AFR,TZA,EU,BEL,,,1.46254E-08,3.30977E-08,1.12214E-07,1.41562E-07,1.27978E-07,1.15029E-07
NPS-Ref,AFR,TZA,EU,BGR,,,7.48818E-09,1.045E-08,1.38375E-08,1.63862E-08,1.95096E-08,2.07457E-08
NPS-Ref,AFR,TZA,EU,CZE,,,1.31604E-08,1.7651E-08,2.5893E-08,2.97478E-08,3.1449E-08,3.25691E-08
NPS-Ref,AFR,TZA,EU,DEU,,,1.35439E-08,2.48306E-08,4.64319E-08,5.50646E-08,5.06834E-08,4.59754E-08
NPS-Ref,AFR,TZA,EU,DNK,,,1.03002E-08,1.93787E-08,3.72278E-08,4.80918E-08,5.42388E-08,5.55075E-08
NPS-Ref,AFR,TZA,EU,ESP,,,3.60904E-08,1.11395E-07,3.4883E-07,3.72331E-07,3.26898E-07,2.72552E-07
NPS-Ref,AFR,TZA,EU,EST,,,1.46512E-08,2.96086E-08,6.44424E-08,5.2618E-08,3.61196E-08,2.93409E-08
NPS-Ref,AFR,TZA,EU,FIN,,,3.24975E-08,8.28996E-08,2.36715E-07,2.53665E-07,2.4415E-07,1.97334E-07
NPS-Ref,AFR,TZA,EU,FRA,,,1.96684E-08,8.57499E-08,3.14489E-07,3.50594E-07,3.20481E-07,2.51716E-07
NPS-Ref,AFR,TZA,EU,GBR,,,1.3752E-08,2.83115E-08,5.63557E-08,8.09472E-08,9.61945E-08,1.24445E-07
NPS-Ref,AFR,TZA,EU,GRC,,,7.11632E-09,1.39411E-08,1.90362E-08,2.11044E-08,2.61617E-08,2.73967E-08
NPS-Ref,AFR,TZA,EU,HRV,,,1.30531E-08,2.04349E-08,3.33566E-08,3.66434E-08,3.47514E-08,3.44679E-08
NPS-Ref,AFR,TZA,EU,HUN,,,1.17944E-08,1.53662E-08,2.1026E-08,2.33338E-08,2.42033E-08,2.52809E-08
NPS-Ref,AFR,TZA,EU,IRL,,,2.48602E-08,5.31832E-08,1.14789E-07,1.25793E-07,1.20303E-07,1.04305E-07
NPS-Ref,AFR,TZA,EU,ITA,,,1.36189E-08,1.91378E-08,3.1021E-08,3.68421E-08,3.86013E-08,3.96588E-08
NPS-Ref,AFR,TZA,EU,LTU,,,1.49866E-08,4.74073E-08,1.14187E-07,9.54939E-08,6.24399E-08,4.52055E-08
NPS-Ref,AFR,TZA,EU,LVA,,,1.3859E-08,2.65401E-08,6.49328E-08,7.05764E-08,5.71085E-08,4.21786E-08
NPS-Ref,AFR,TZA,EU,NLD,,,1.18649E-08,2.37692E-08,6.1664E-08,7.43263E-08,7.41956E-08,6.91359E-08
NPS-Ref,AFR,TZA,EU,POL,,,1.21206E-08,1.67275E-08,2.60414E-08,2.92471E-08,2.85613E-08,3.08752E-08
NPS-Ref,AFR,TZA,EU,PRT,,,3.6058E-08,8.66445E-08,2.38888E-07,2.542E-07,3.12934E-07,3.75599E-07
NPS-Ref,AFR,TZA,EU,ROM,,,7.07537E-09,1.06347E-08,1.39558E-08,1.59916E-08,1.7539E-08,1.89794E-08
NPS-Ref,AFR,TZA,EU,SVK,,,1.06679E-08,1.39548E-08,1.97564E-08,2.35041E-08,2.56828E-08,2.70884E-08
NPS-Ref,AFR,TZA,EU,SVN,,,1.47792E-08,2.1883E-08,3.04927E-08,3.13072E-08,2.99507E-08,3.01405E-08
NPS-Ref,AFR,TZA,EU,SWE,,,4.61845E-08,1.01969E-07,2.68019E-07,2.91931E-07,3.23256E-07,3.41586E-07
NPS-Ref,AFR,TZA,ROE,CHE,,,2.50009E-08,3.05592E-08,4.88794E-08,5.55203E-08,5.29944E-08,5.30926E-08
NPS-Ref,AFR,TZA,ROE,SRB,,,9.30684E-09,1.26691E-08,1.77135E-08,2.10108E-08,2.40027E-08,2.54845E-08
NPS-Ref,AFR,TZA,ROE,TUR,,,3.75442E-09,7.85947E-09,1.03003E-08,1.23863E-08,1.61367E-08,1.82058E-08
NPS-Ref,AFR,TZA,ROE,UKR,,,7.37298E-09,1.0157E-08,1.3543E-08,1.78338E-08,2.06137E-08,2.32257E-08
NPS-Ref,AFR,TZA,MEA,ARE,,,2.89251E-09,7.30889E-09,8.91436E-09,1.06899E-08,1.18303E-08,1.28566E-08
NPS-Ref,AFR,TZA,MEA,BHR,,,3.31262E-09,7.30239E-09,8.83897E-09,1.10539E-08,1.42661E-08,1.57511E-08
NPS-Ref,AFR,TZA,MEA,ISR,,,3.30408E-09,7.35603E-09,8.896E-09,1.09592E-08,1.40851E-08,1.55832E-08
NPS-Ref,AFR,TZA,MEA,KWT,,,6.71795E-09,1.08909E-08,1.37319E-08,1.45972E-08,1.50582E-08,1.76843E-08
NPS-Ref,AFR,TZA,MEA,OMN,,,2.33973E-09,3.23819E-09,6.13289E-09,7.07774E-09,7.99198E-09,8.60445E-09
NPS-Ref,AFR,TZA,ASP,BGD,,,1.62588E-08,3.59673E-08,7.74378E-08,1.04535E-07,1.2933E-07,1.40548E-07
NPS-Ref,AFR,TZA,ASP,CHN,,,8.05582E-08,2.01311E-07,7.34243E-07,7.94805E-07,8.48442E-07,8.83981E-07
NPS-Ref,AFR,TZA,ASP,IDN,,,2.04464E-09,6.12172E-09,8.19418E-09,1.13461E-08,1.39868E-08,1.64923E-08
NPS-Ref,AFR,TZA,ASP,IND,,,9.14574E-08,1.79089E-07,5.74852E-07,5.41173E-07,5.7928E-07,5.94352E-07
NPS-Ref,AFR,TZA,ASP,JPN,,,3.15682E-08,9.33476E-08,5.08151E-07,3.77204E-07,3.82312E-07,3.72486E-07
NPS-Ref,AFR,TZA,ASP,KOR,,,3.68613E-08,1.07031E-07,5.0757E-07,4.75506E-07,4.7605E-07,4.72271E-07
NPS-Ref,AFR,TZA,ASP,MYS,,,6.90226E-09,1.14621E-08,1.54459E-08,2.02836E-08,2.51365E-08,2.98211E-08
NPS-Ref,AFR,TZA,ASP,PAK,,,5.09874E-09,7.87352E-09,1.00075E-08,1.21439E-08,1.63153E-08,1.92569E-08
NPS-Ref,AFR,TZA,ASP,PHL,,,1.01083E-08,2.37403E-08,5.00056E-08,6.56253E-08,7.86231E-08,8.15414E-08
NPS-Ref,AFR,TZA,ASP,SGP,,,2.25377E-08,2.55862E-08,3.47283E-08,4.41885E-08,5.54383E-08,6.99205E-08
NPS-Ref,AFR,TZA,ASP,THA,,,1.44204E-08,3.88834E-08,1.33555E-07,1.39977E-07,1.59656E-07,1.70418E-07
NPS-Ref,AFR,TZA,ASP,TWN,,,1.86331E-08,5.51267E-08,2.79924E-07,2.67136E-07,2.62538E-07,2.54971E-07
NPS-Ref,AFR,TZA,ASP,VNM,,,6.37232E-09,1.31397E-08,2.41394E-08,4.58923E-08,5.34418E-08,5.55797E-08
NPS-Ref,ASP,AUS,NAM,CAN,6.90495E-10,4.40347E-09,6.08206E-09,8.78663E-09,1.08587E-08,1.2465E-08,1.51678E-08,1.61442E-08
NPS-Ref,ASP,AUS,NAM,MEX,7.00574E-10,3.88251E-09,8.99052E-09,1.01359E-08,1.1247E-08,1.55173E-08,1.67579E-08,2.16247E-08
NPS-Ref,ASP,AUS,NAM,USA,1.27223E-09,2.10979E-08,3.83305E-08,4.96755E-08,5.97972E-08,7.22847E-08,7.78207E-08,8.33505E-08
NPS-Ref,ASP,AUS,SAM,ARG,6.95717E-09,1.83675E-08,3.25746E-08,2.152E-08,1.27065E-08,1.56679E-08,1.74873E-08,2.09735E-08
NPS-Ref,ASP,AUS,SAM,BRA,1.03965E-08,2.05954E-08,3.41174E-08,1.62609E-08,1.87535E-08,2.03823E-08,2.47381E-08,2.76422E-08
NPS-Ref,ASP,AUS,SAM,CHL,2.33946E-08,5.43381E-08,9.40792E-08,8.8177E-08,6.10005E-08,5.69438E-08,5.0868E-08,5.53892E-08
NPS-Ref,ASP,AUS,SAM,COL,,5.72377E-09,2.1617E-08,3.71961E-08,5.76332E-08,7.90094E-08,1.03633E-07,1.12393E-07
NPS-Ref,ASP,AUS,SAM,TTO,,,2.00916E-09,2.30239E-09,2.71704E-09,3.34452E-09,6.5841E-09,8.368E-09
NPS-Ref,ASP,AUS,SAM,VEN,,5.61097E-09,2.11569E-08,3.54709E-08,5.25755E-08,7.02427E-08,9.35231E-08,1.01674E-07
NPS-Ref,ASP,AUS,EU,AUT,3.46708E-09,3.44293E-08,5.21914E-08,3.06321E-08,3.66089E-08,4.83109E-08,4.8201E-08,4.89007E-08
NPS-Ref,ASP,AUS,EU,BEL,7.10766E-09,3.74831E-08,9.28281E-08,9.21476E-08,1.44441E-07,2.15823E-07,1.99204E-07,1.95126E-07
NPS-Ref,ASP,AUS,EU,BGR,3.93287E-09,1.18219E-08,1.37449E-08,1.45744E-08,1.7155E-08,2.11035E-08,2.49906E-08,2.69024E-08
NPS-Ref,ASP,AUS,EU,CZE,3.4525E-09,4.12613E-08,5.45505E-08,3.20484E-08,3.58974E-08,4.35568E-08,4.51469E-08,4.79256E-08
NPS-Ref,ASP,AUS,EU,DEU,6.52563E-09,2.92332E-08,6.16783E-08,5.67562E-08,6.94614E-08,8.79975E-08,7.80492E-08,7.40073E-08
NPS-Ref,ASP,AUS,EU,DNK,3.1069E-09,1.27888E-08,2.51453E-08,3.18292E-08,4.75192E-08,6.28847E-08,7.02155E-08,7.45347E-08
NPS-Ref,ASP,AUS,EU,ESP,1.09833E-07,1.86864E-07,3.61619E-07,4.03289E-07,4.88944E-07,6.01682E-07,6.09282E-07,6.1882E-07
NPS-Ref,ASP,AUS,EU,EST,4.92716E-08,6.1676E-08,5.02944E-08,5.75676E-08,6.30026E-08,5.92687E-08,4.24457E-08,3.67953E-08
NPS-Ref,ASP,AUS,EU,FIN,,1.37092E-07,1.59444E-07,1.7333E-07,2.06345E-07,2.53183E-07,2.63886E-07,2.27394E-07
NPS-Ref,ASP,AUS,EU,FRA,1.2004E-08,1.51555E-07,2.58864E-07,3.49006E-07,4.48624E-07,5.64661E-07,5.56406E-07,5.03637E-07
NPS-Ref,ASP,AUS,EU,GBR,5.07229E-09,2.81662E-08,5.58443E-08,6.35727E-08,8.9514E-08,1.39628E-07,1.64467E-07,2.32098E-07
NPS-Ref,ASP,AUS,EU,GRC,1.95222E-08,1.80739E-08,1.91237E-08,2.00325E-08,2.28382E-08,2.86828E-08,3.43029E-08,3.82487E-08
NPS-Ref,ASP,AUS,EU,HRV,3.78563E-09,3.93369E-08,5.49742E-08,3.68489E-08,4.26289E-08,5.16882E-08,4.87137E-08,4.85231E-08
NPS-Ref,ASP,AUS,EU,HUN,3.49265E-09,4.15057E-08,3.92438E-08,2.55204E-08,2.80288E-08,3.21114E-08,3.28887E-08,3.45789E-08
NPS-Ref,ASP,AUS,EU,IRL,1.04915E-08,5.21411E-08,1.04108E-07,1.04272E-07,1.3958E-07,1.65374E-07,1.59056E-07,1.49295E-07
NPS-Ref,ASP,AUS,EU,ITA,7.54821E-09,3.91355E-08,6.6828E-08,3.60842E-08,4.42706E-08,5.69777E-08,5.83674E-08,6.0712E-08
NPS-Ref,ASP,AUS,EU,LTU,4.58151E-08,5.08349E-08,8.09315E-08,1.33743E-07,1.17903E-07,1.14291E-07,8.01504E-08,6.05206E-08
NPS-Ref,ASP,AUS,EU,LVA,3.46746E-08,5.48478E-08,5.70234E-08,6.08844E-08,7.18148E-08,8.44226E-08,7.26223E-08,5.52298E-08
NPS-Ref,ASP,AUS,EU,NLD,5.88676E-09,2.39481E-08,4.64512E-08,5.25818E-08,8.30687E-08,1.15982E-07,1.14988E-07,1.18002E-07
NPS-Ref,ASP,AUS,EU,POL,6.4877E-09,3.97285E-08,5.83968E-08,3.03165E-08,3.59241E-08,4.17713E-08,3.90734E-08,4.27291E-08
NPS-Ref,ASP,AUS,EU,PRT,7.25391E-08,1.23039E-07,1.88671E-07,2.12031E-07,2.59612E-07,3.19287E-07,3.98246E-07,5.00716E-07
NPS-Ref,ASP,AUS,EU,ROM,3.38334E-09,1.01061E-08,1.22044E-08,1.47704E-08,1.72135E-08,2.01591E-08,2.18236E-08,2.38854E-08
NPS-Ref,ASP,AUS,EU,SVK,2.91912E-09,2.72681E-08,3.01987E-08,2.23694E-08,2.62397E-08,3.25297E-08,3.46423E-08,3.69757E-08
NPS-Ref,ASP,AUS,EU,SVN,4.0395E-09,5.42631E-08,7.12481E-08,3.97702E-08,3.86154E-08,4.25849E-08,4.11827E-08,4.16579E-08
NPS-Ref,ASP,AUS,EU,SWE,8.99456E-09,7.98825E-08,1.85445E-07,2.01933E-07,2.5679E-07,3.20798E-07,3.76625E-07,4.25318E-07
NPS-Ref,ASP,AUS,ROE,CHE,1.35349E-08,9.74728E-08,1.64731E-07,6.37605E-08,7.035E-08,8.48355E-08,8.25997E-08,8.52607E-08
NPS-Ref,ASP,AUS,ROE,SRB,9.29691E-09,3.62443E-08,1.98541E-08,1.9002E-08,2.29905E-08,2.85797E-08,3.24197E-08,3.48662E-08
NPS-Ref,ASP,AUS,ROE,TUR,1.41142E-08,4.70435E-09,8.85802E-09,9.91377E-09,1.19765E-08,1.6122E-08,1.92003E-08,2.39217E-08
NPS-Ref,ASP,AUS,ROE,UKR,1.1408E-09,1.17925E-08,1.46072E-08,1.37082E-08,1.64911E-08,2.21315E-08,2.53379E-08,3.10103E-08
NPS-Ref,ASP,AUS,MEA,ARE,9.14918E-10,5.11997E-09,8.08589E-09,9.25572E-09,1.0308E-08,1.2377E-08,1.36158E-08,1.69194E-08
NPS-Ref,ASP,AUS,MEA,BHR,,1.91365E-09,7.2392E-09,8.68649E-09,1.10054E-08,1.24179E-08,1.60106E-08,1.79027E-08
NPS-Ref,ASP,AUS,MEA,ISR,,1.89242E-09,7.15211E-09,8.69034E-09,1.09907E-08,1.22257E-08,1.57024E-08,1.76015E-08
NPS-Ref,ASP,AUS,MEA,KWT,2.38777E-09,8.51429E-09,1.19334E-08,1.59921E-08,1.83397E-08,1.75591E-08,1.94843E-08,2.05892E-08
NPS-Ref,ASP,AUS,MEA,OMN,,9.26881E-10,3.25143E-09,6.00316E-09,6.92141E-09,8.14255E-09,9.16868E-09,9.98673E-09
NPS-Ref,ASP,AUS,AFR,EGY,,5.8722E-09,8.95054E-09,9.91652E-09,1.31841E-08,1.63947E-08,2.06698E-08,2.2408E-08
NPS-Ref,ASP,BRN,NAM,CAN,6.93553E-10,4.39191E-09,6.07906E-09,8.82048E-09,1.09427E-08,1.24568E-08,1.51227E-08,1.60862E-08
NPS-Ref,ASP,BRN,NAM,MEX,7.17521E-10,3.86496E-09,9.09882E-09,1.05011E-08,1.18179E-08,1.56545E-08,1.66876E-08,1.96812E-08
NPS-Ref,ASP,BRN,NAM,USA,1.28047E-09,2.10325E-08,3.82888E-08,4.98239E-08,6.0238E-08,7.22289E-08,7.75737E-08,8.30262E-08
NPS-Ref,ASP,BRN,SAM,ARG,6.89949E-09,1.74865E-08,3.13063E-08,2.12175E-08,1.30587E-08,1.57159E-08,1.73773E-08,2.08256E-08
NPS-Ref,ASP,BRN,SAM,BRA,1.05815E-08,1.99297E-08,3.30414E-08,1.65955E-08,1.939E-08,2.05294E-08,2.46162E-08,2.74663E-08
NPS-Ref,ASP,BRN,SAM,CHL,2.26394E-08,4.9296E-08,8.48792E-08,8.22211E-08,5.91384E-08,5.56504E-08,4.99009E-08,5.40613E-08
NPS-Ref,ASP,BRN,SAM,COL,,5.62826E-09,2.1384E-08,3.65857E-08,6.3651E-08,8.0598E-08,9.72832E-08,1.04249E-07
NPS-Ref,ASP,BRN,SAM,TTO,,,2.03454E-09,2.37847E-09,2.85861E-09,3.40235E-09,6.55662E-09,8.3103E-09
NPS-Ref,ASP,BRN,SAM,VEN,,5.51739E-09,2.03156E-08,3.48403E-08,5.86952E-08,7.35539E-08,8.80194E-08,9.4503E-08
NPS-Ref,ASP,BRN,EU,AUT,3.49001E-09,3.46505E-08,5.2704E-08,3.07902E-08,3.69318E-08,4.84759E-08,4.8459E-08,4.89903E-08
NPS-Ref,ASP,BRN,EU,BEL,7.14793E-09,3.65781E-08,9.04213E-08,9.13293E-08,1.45694E-07,2.12069E-07,1.97862E-07,1.92703E-07
NPS-Ref,ASP,BRN,EU,BGR,3.96458E-09,1.18235E-08,1.38012E-08,1.47481E-08,1.75178E-08,2.12057E-08,2.5013E-08,2.68751E-08
NPS-Ref,ASP,BRN,EU,CZE,3.46982E-09,4.07237E-08,5.42055E-08,3.20573E-08,3.60243E-08,4.34691E-08,4.51447E-08,4.78063E-08
NPS-Ref,ASP,BRN,EU,DEU,6.56285E-09,2.88141E-08,6.04825E-08,5.65292E-08,6.97905E-08,8.74671E-08,7.78556E-08,7.35018E-08
NPS-Ref,ASP,BRN,EU,DNK,3.11918E-09,1.27187E-08,2.50476E-08,3.18573E-08,4.76275E-08,6.26271E-08,7.01791E-08,7.43759E-08
NPS-Ref,ASP,BRN,EU,ESP,1.21569E-07,1.83107E-07,3.57017E-07,4.00845E-07,5.00332E-07,5.95962E-07,6.06998E-07,6.12885E-07
NPS-Ref,ASP,BRN,EU,EST,4.76865E-08,5.77072E-08,4.81968E-08,5.58042E-08,6.17691E-08,5.82789E-08,4.20856E-08,3.65623E-08
NPS-Ref,ASP,BRN,EU,FIN,,1.29098E-07,1.5381E-07,1.79512E-07,2.15485E-07,2.54317E-07,2.54905E-07,2.20264E-07
NPS-Ref,ASP,BRN,EU,FRA,1.21979E-08,1.47166E-07,2.51802E-07,3.4367E-07,4.52055E-07,5.54723E-07,5.53409E-07,4.98797E-07
NPS-Ref,ASP,BRN,EU,GBR,5.10054E-09,2.75255E-08,5.51019E-08,6.32231E-08,9.06998E-08,1.37099E-07,1.61816E-07,2.26984E-07
NPS-Ref,ASP,BRN,EU,GRC,2.01941E-08,1.81595E-08,2.01623E-08,2.11793E-08,2.50444E-08,2.93308E-08,3.44291E-08,3.8213E-08
NPS-Ref,ASP,BRN,EU,HRV,3.81048E-09,3.99394E-08,5.65791E-08,3.74256E-08,4.3696E-08,5.21892E-08,4.90863E-08,4.86764E-08
NPS-Ref,ASP,BRN,EU,HUN,3.51346E-09,4.20373E-08,3.95355E-08,2.56667E-08,2.8273E-08,3.21876E-08,3.29862E-08,3.45972E-08
NPS-Ref,ASP,BRN,EU,IRL,1.05467E-08,5.08583E-08,1.01822E-07,1.03547E-07,1.39681E-07,1.62627E-07,1.57295E-07,1.47802E-07
NPS-Ref,ASP,BRN,EU,ITA,7.6436E-09,3.95948E-08,6.73996E-08,3.6447E-08,4.49759E-08,5.72211E-08,5.85438E-08,6.05905E-08
NPS-Ref,ASP,BRN,EU,LTU,4.46966E-08,4.76378E-08,7.63804E-08,1.25173E-07,1.12722E-07,1.09107E-07,7.86579E-08,5.96969E-08
NPS-Ref,ASP,BRN,EU,LVA,3.35987E-08,5.11418E-08,5.40193E-08,5.82722E-08,6.91556E-08,8.08777E-08,7.11919E-08,5.45027E-08
NPS-Ref,ASP,BRN,EU,NLD,5.91454E-09,2.36329E-08,4.56305E-08,5.21352E-08,8.27412E-08,1.14279E-07,1.14558E-07,1.16743E-07
NPS-Ref,ASP,BRN,EU,POL,6.5351E-09,3.91799E-08,5.76382E-08,3.03448E-08,3.62176E-08,4.16441E-08,3.90039E-08,4.25853E-08
NPS-Ref,ASP,BRN,EU,PRT,7.61658E-08,1.21595E-07,1.86599E-07,2.11528E-07,2.64309E-07,3.17162E-07,4.00067E-07,5.04618E-07
NPS-Ref,ASP,BRN,EU,ROM,3.40454E-09,1.01075E-08,1.22308E-08,1.48609E-08,1.7404E-08,2.02054E-08,2.18415E-08,2.38716E-08
NPS-Ref,ASP,BRN,EU,SVK,2.93372E-09,2.72528E-08,3.02625E-08,2.24236E-08,2.63682E-08,3.25473E-08,3.47175E-08,3.6979E-08
NPS-Ref,ASP,BRN,EU,SVN,4.07322E-09,5.49525E-08,7.25954E-08,4.03316E-08,3.92708E-08,4.28597E-08,4.14757E-08,4.18152E-08
NPS-Ref,ASP,BRN,EU,SWE,9.03188E-09,7.79726E-08,1.82649E-07,2.07778E-07,2.67493E-07,3.21405E-07,3.65889E-07,4.11443E-07
NPS-Ref,ASP,BRN,ROE,CHE,1.37611E-08,9.65253E-08,1.63893E-07,6.40245E-08,7.11013E-08,8.49207E-08,8.28489E-08,8.52072E-08
NPS-Ref,ASP,BRN,ROE,SRB,9.35157E-09,3.64852E-08,1.99103E-08,1.91656E-08,2.33959E-08,2.86971E-08,3.24587E-08,3.48362E-08
NPS-Ref,ASP,BRN,ROE,TUR,1.46884E-08,4.70191E-09,8.91163E-09,1.00866E-08,1.2328E-08,1.62395E-08,1.9201E-08,2.38766E-08
NPS-Ref,ASP,BRN,ROE,UKR,1.14511E-09,1.17713E-08,1.46244E-08,1.37962E-08,1.66633E-08,2.21716E-08,2.53448E-08,3.09766E-08
NPS-Ref,ASP,BRN,MEA,ARE,9.24705E-10,5.11298E-09,8.1485E-09,9.46378E-09,1.07052E-08,1.25192E-08,1.36118E-08,1.68851E-08
NPS-Ref,ASP,BRN,MEA,BHR,,1.92736E-09,7.36442E-09,9.04219E-09,1.15878E-08,1.26353E-08,1.60218E-08,1.78783E-08
NPS-Ref,ASP,BRN,MEA,ISR,,1.90487E-09,7.27172E-09,9.04134E-09,1.1568E-08,1.24333E-08,1.57076E-08,1.75717E-08
NPS-Ref,ASP,BRN,MEA,KWT,2.40255E-09,8.48827E-09,1.20373E-08,1.63269E-08,1.89498E-08,1.77812E-08,1.94896E-08,2.05555E-08
NPS-Ref,ASP,BRN,MEA,OMN,,9.26355E-10,3.26816E-09,6.08378E-09,7.09652E-09,8.21612E-09,9.16479E-09,9.96686E-09
NPS-Ref,ASP,BRN,AFR,EGY,,5.75872E-09,8.98247E-09,1.01677E-08,1.36365E-08,1.64812E-08,1.87077E-08,2.22366E-08
NPS-Ref,ASP,IDN,NAM,CAN,6.95569E-10,4.41565E-09,6.11137E-09,8.8622E-09,1.09913E-08,1.25143E-08,1.51897E-08,1.61555E-08
NPS-Ref,ASP,IDN,NAM,MEX,7.19448E-10,3.88501E-09,9.14118E-09,1.05484E-08,1.1872E-08,1.57242E-08,1.67613E-08,2.15955E-08
NPS-Ref,ASP,IDN,NAM,USA,1.28392E-09,2.1128E-08,3.84479E-08,5.00216E-08,6.04888E-08,7.25425E-08,7.7919E-08,8.33984E-08
NPS-Ref,ASP,IDN,SAM,ARG,7.09931E-09,1.84488E-08,3.33807E-08,2.1875E-08,1.32105E-08,1.58815E-08,1.75517E-08,2.10153E-08
NPS-Ref,ASP,IDN,SAM,BRA,1.094E-08,2.10521E-08,3.51868E-08,1.68684E-08,1.96488E-08,2.07677E-08,2.4875E-08,2.77441E-08
NPS-Ref,ASP,IDN,SAM,CHL,2.31981E-08,5.11064E-08,8.78703E-08,8.46899E-08,6.02765E-08,5.641E-08,5.0473E-08,5.47599E-08
NPS-Ref,ASP,IDN,SAM,COL,,5.61873E-09,2.12829E-08,3.64293E-08,6.34033E-08,8.05176E-08,9.73629E-08,1.0454E-07
NPS-Ref,ASP,IDN,SAM,TTO,,,2.03373E-09,2.37842E-09,2.85885E-09,3.40489E-09,6.56392E-09,8.32311E-09
NPS-Ref,ASP,IDN,SAM,VEN,,5.50802E-09,2.02161E-08,3.46861E-08,5.84688E-08,7.34806E-08,8.80781E-08,9.47446E-08
NPS-Ref,ASP,IDN,EU,AUT,3.55389E-09,3.6977E-08,5.62639E-08,3.1845E-08,3.83005E-08,5.04971E-08,5.02228E-08,5.05638E-08
NPS-Ref,ASP,IDN,EU,BEL,7.37191E-09,4.0719E-08,1.04379E-07,1.01141E-07,1.63838E-07,2.39356E-07,2.24709E-07,2.2136E-07
NPS-Ref,ASP,IDN,EU,BGR,4.02727E-09,1.20625E-08,1.40426E-08,1.49965E-08,1.78265E-08,2.1596E-08,2.54919E-08,2.73673E-08
NPS-Ref,ASP,IDN,EU,CZE,3.54003E-09,4.46721E-08,5.79098E-08,3.32541E-08,3.73644E-08,4.51052E-08,4.67387E-08,4.93851E-08
NPS-Ref,ASP,IDN,EU,DEU,6.73953E-09,3.11134E-08,6.65661E-08,6.03093E-08,7.44503E-08,9.33011E-08,8.21106E-08,7.68448E-08
NPS-Ref,ASP,IDN,EU,DNK,3.17746E-09,1.31399E-08,2.59746E-08,3.29085E-08,4.93547E-08,6.50663E-08,7.29968E-08,7.712E-08
NPS-Ref,ASP,IDN,EU,ESP,1.3328E-07,2.04907E-07,3.91138E-07,4.35317E-07,5.42707E-07,6.47209E-07,6.62262E-07,6.69601E-07
NPS-Ref,ASP,IDN,EU,EST,5.76628E-08,6.91675E-08,5.49625E-08,6.34755E-08,6.98494E-08,6.29605E-08,4.36497E-08,3.73844E-08
NPS-Ref,ASP,IDN,EU,FIN,,1.53785E-07,1.79555E-07,2.09032E-07,2.52859E-07,2.98944E-07,2.93732E-07,2.46886E-07
NPS-Ref,ASP,IDN,EU,FRA,1.28274E-08,1.77669E-07,3.03587E-07,3.96933E-07,5.17518E-07,6.36739E-07,6.34014E-07,5.80656E-07
NPS-Ref,ASP,IDN,EU,GBR,5.27184E-09,2.96122E-08,5.988E-08,6.7721E-08,9.77152E-08,1.49809E-07,1.77798E-07,2.53224E-07
NPS-Ref,ASP,IDN,EU,GRC,2.05603E-08,1.86501E-08,2.06522E-08,2.16611E-08,2.5646E-08,2.99842E-08,3.52364E-08,3.90176E-08
NPS-Ref,ASP,IDN,EU,HRV,3.87622E-09,4.22743E-08,6.01571E-08,3.88323E-08,4.54838E-08,5.42665E-08,5.0659E-08,5.00054E-08
NPS-Ref,ASP,IDN,EU,HUN,3.56956E-09,4.48362E-08,4.13921E-08,2.63858E-08,2.90631E-08,3.3062E-08,3.38115E-08,3.53963E-08
NPS-Ref,ASP,IDN,EU,IRL,1.09819E-08,5.49824E-08,1.10059E-07,1.10145E-07,1.49612E-07,1.74344E-07,1.68517E-07,1.56137E-07
NPS-Ref,ASP,IDN,EU,ITA,7.83573E-09,4.26785E-08,7.23641E-08,3.7756E-08,4.67711E-08,5.96958E-08,6.09852E-08,6.29226E-08
NPS-Ref,ASP,IDN,EU,LTU,5.40752E-08,5.68355E-08,9.05364E-08,1.535E-07,1.37073E-07,1.26951E-07,8.54635E-08,6.27147E-08
NPS-Ref,ASP,IDN,EU,LVA,4.03446E-08,6.17847E-08,6.25503E-08,6.64568E-08,7.90767E-08,9.24207E-08,7.76023E-08,5.7263E-08
NPS-Ref,ASP,IDN,EU,NLD,6.06428E-09,2.53574E-08,4.97216E-08,5.59176E-08,9.0723E-08,1.25365E-07,1.25455E-07,1.2729E-07
NPS-Ref,ASP,IDN,EU,POL,6.70588E-09,4.29331E-08,6.3266E-08,3.16281E-08,3.77731E-08,4.32741E-08,4.0202E-08,4.38109E-08
NPS-Ref,ASP,IDN,EU,PRT,8.45961E-08,1.37526E-07,2.10858E-07,2.36331E-07,2.97847E-07,3.5767E-07,4.50452E-07,5.65649E-07
NPS-Ref,ASP,IDN,EU,ROM,3.45294E-09,1.02784E-08,1.24062E-08,1.51034E-08,1.76982E-08,2.05469E-08,2.21993E-08,2.42487E-08
NPS-Ref,ASP,IDN,EU,SVK,2.97994E-09,2.87002E-08,3.13955E-08,2.29937E-08,2.70744E-08,3.34562E-08,3.56407E-08,3.78932E-08
NPS-Ref,ASP,IDN,EU,SVN,4.15628E-09,5.9418E-08,7.79725E-08,4.20775E-08,4.07493E-08,4.43402E-08,4.27097E-08,4.29103E-08
NPS-Ref,ASP,IDN,EU,SWE,9.2087E-09,8.64439E-08,2.15699E-07,2.40045E-07,3.07565E-07,3.68699E-07,4.18604E-07,4.71961E-07
NPS-Ref,ASP,IDN,ROE,CHE,1.43107E-08,1.07415E-07,1.77441E-07,6.67443E-08,7.44048E-08,8.93297E-08,8.67471E-08,8.88846E-08
NPS-Ref,ASP,IDN,ROE,SRB,9.49738E-09,3.76048E-08,2.03434E-08,1.95525E-08,2.39038E-08,2.93524E-08,3.32086E-08,3.56115E-08
NPS-Ref,ASP,IDN,ROE,TUR,1.51433E-08,4.77706E-09,9.03182E-09,1.02129E-08,1.24873E-08,1.64479E-08,1.94573E-08,2.41815E-08
NPS-Ref,ASP,IDN,ROE,UKR,1.15849E-09,1.20658E-08,1.49059E-08,1.40101E-08,1.69362E-08,2.25437E-08,2.57669E-08,3.14651E-08
NPS-Ref,ASP,IDN,MEA,ARE,9.33282E-10,5.18038E-09,8.2536E-09,9.57762E-09,1.08281E-08,1.26425E-08,1.3739E-08,1.7032E-08
NPS-Ref,ASP,IDN,MEA,BHR,,1.94522E-09,7.43608E-09,9.12926E-09,1.16859E-08,1.27375E-08,1.61416E-08,1.80108E-08
NPS-Ref,ASP,IDN,MEA,ISR,,1.91762E-09,7.32319E-09,9.10602E-09,1.16415E-08,1.25096E-08,1.57978E-08,1.76735E-08
NPS-Ref,ASP,IDN,MEA,KWT,3.1011E-09,8.8828E-09,1.22845E-08,1.67085E-08,1.93168E-08,1.80239E-08,1.96913E-08,2.0745E-08
NPS-Ref,ASP,IDN,MEA,OMN,,9.32817E-10,3.29553E-09,6.13572E-09,7.15745E-09,8.28933E-09,9.24625E-09,1.00539E-08
NPS-Ref,ASP,IDN,AFR,EGY,,5.87004E-09,9.06714E-09,1.02535E-08,1.37499E-08,1.66322E-08,2.07116E-08,2.24178E-08
NPS-Ref,ASP,MYS,NAM,CAN,6.93615E-10,4.39327E-09,6.08357E-09,8.82198E-09,1.09075E-08,1.24696E-08,1.51452E-08,1.61147E-08
NPS-Ref,ASP,MYS,NAM,MEX,7.17596E-10,3.8663E-09,9.10554E-09,1.04841E-08,1.16304E-08,1.56661E-08,1.67131E-08,1.97182E-08
NPS-Ref,ASP,MYS,NAM,USA,1.28059E-09,2.10389E-08,3.83154E-08,4.98343E-08,6.00551E-08,7.23029E-08,7.76915E-08,8.31832E-08
NPS-Ref,ASP,MYS,SAM,ARG,6.96521E-09,1.77875E-08,3.20121E-08,2.14131E-08,1.29561E-08,1.57716E-08,1.74481E-08,2.09129E-08
NPS-Ref,ASP,MYS,SAM,BRA,1.06509E-08,2.01335E-08,3.34502E-08,1.66263E-08,1.9209E-08,2.0581E-08,2.46884E-08,2.75561E-08
NPS-Ref,ASP,MYS,SAM,CHL,2.27309E-08,4.95044E-08,8.53035E-08,8.25073E-08,5.88628E-08,5.5793E-08,5.00771E-08,5.42959E-08
NPS-Ref,ASP,MYS,SAM,COL,,5.63012E-09,2.14095E-08,3.65412E-08,5.88559E-08,8.06228E-08,9.7752E-08,1.05073E-07
NPS-Ref,ASP,MYS,SAM,TTO,,,2.03508E-09,2.37483E-09,2.81705E-09,3.40314E-09,6.56468E-09,8.32578E-09
NPS-Ref,ASP,MYS,SAM,VEN,,5.51917E-09,2.03396E-08,3.4798E-08,5.41045E-08,7.35572E-08,8.84192E-08,9.52178E-08
NPS-Ref,ASP,MYS,EU,AUT,3.51101E-09,3.54528E-08,5.40492E-08,3.11704E-08,3.73239E-08,4.92031E-08,4.91318E-08,4.96228E-08
NPS-Ref,ASP,MYS,EU,BEL,7.21439E-09,3.77305E-08,9.4455E-08,9.4051E-08,1.48535E-07,2.19539E-07,2.05393E-07,2.01005E-07
NPS-Ref,ASP,MYS,EU,BGR,3.98452E-09,1.18941E-08,1.38819E-08,1.48185E-08,1.74819E-08,2.13402E-08,2.51932E-08,2.70738E-08
NPS-Ref,ASP,MYS,EU,CZE,3.4915E-09,4.18596E-08,5.54553E-08,3.24566E-08,3.6386E-08,4.40362E-08,4.57512E-08,4.84466E-08
NPS-Ref,ASP,MYS,EU,DEU,6.61602E-09,2.94707E-08,6.2341E-08,5.76968E-08,7.08718E-08,8.93418E-08,7.93405E-08,7.48605E-08
NPS-Ref,ASP,MYS,EU,DNK,3.13673E-09,1.28435E-08,2.53426E-08,3.21534E-08,4.79966E-08,6.33928E-08,7.10998E-08,7.53241E-08
NPS-Ref,ASP,MYS,EU,ESP,1.26749E-07,1.92185E-07,3.73211E-07,4.16137E-07,5.09868E-07,6.19152E-07,6.32322E-07,6.41017E-07
NPS-Ref,ASP,MYS,EU,EST,5.15936E-08,6.199E-08,5.08437E-08,5.87774E-08,6.39595E-08,6.00999E-08,4.27268E-08,3.69158E-08
NPS-Ref,ASP,MYS,EU,FIN,,1.38434E-07,1.63925E-07,1.90487E-07,2.15745E-07,2.70877E-07,2.69623E-07,2.30598E-07
NPS-Ref,ASP,MYS,EU,FRA,1.23778E-08,1.54525E-07,2.65301E-07,3.57217E-07,4.62631E-07,5.76153E-07,5.75504E-07,5.22519E-07
NPS-Ref,ASP,MYS,EU,GBR,5.14638E-09,2.80055E-08,5.6267E-08,6.42364E-08,9.09662E-08,1.40091E-07,1.65821E-07,2.34023E-07
NPS-Ref,ASP,MYS,EU,GRC,2.0298E-08,1.83038E-08,2.03175E-08,2.1257E-08,2.43395E-08,2.95288E-08,3.47184E-08,3.85321E-08
NPS-Ref,ASP,MYS,EU,HRV,3.83182E-09,4.07903E-08,5.79682E-08,3.79246E-08,4.40088E-08,5.29318E-08,4.96883E-08,4.92163E-08
NPS-Ref,ASP,MYS,EU,HUN,3.53159E-09,4.30381E-08,4.02586E-08,2.59276E-08,2.8485E-08,3.25166E-08,3.33169E-08,3.49355E-08
NPS-Ref,ASP,MYS,EU,IRL,1.0662E-08,5.17867E-08,1.03755E-07,1.05054E-07,1.40703E-07,1.65236E-07,1.59887E-07,1.49925E-07
NPS-Ref,ASP,MYS,EU,ITA,7.71092E-09,4.0746E-08,6.94054E-08,3.69283E-08,4.54226E-08,5.81801E-08,5.95992E-08,6.16826E-08
NPS-Ref,ASP,MYS,EU,LTU,4.83734E-08,5.10973E-08,8.19259E-08,1.36047E-07,1.2027E-07,1.1576E-07,8.13712E-08,6.09801E-08
NPS-Ref,ASP,MYS,EU,LVA,3.62362E-08,5.5126E-08,5.73765E-08,6.14807E-08,7.24909E-08,8.52064E-08,7.37183E-08,5.56485E-08
NPS-Ref,ASP,MYS,EU,NLD,5.95853E-09,2.40967E-08,4.68007E-08,5.31834E-08,8.43718E-08,1.17265E-07,1.1764E-07,1.20126E-07
NPS-Ref,ASP,MYS,EU,POL,6.58636E-09,4.02297E-08,5.93102E-08,3.07283E-08,3.64991E-08,4.21515E-08,3.9441E-08,4.30643E-08
NPS-Ref,ASP,MYS,EU,PRT,7.85249E-08,1.25674E-07,1.93267E-07,2.18128E-07,2.68992E-07,3.27765E-07,4.13562E-07,5.22254E-07
NPS-Ref,ASP,MYS,EU,ROM,3.42E-09,1.01599E-08,1.22913E-08,1.49388E-08,1.7434E-08,2.03276E-08,2.19804E-08,2.40273E-08
NPS-Ref,ASP,MYS,EU,SVK,2.94855E-09,2.77289E-08,3.06831E-08,2.26248E-08,2.65668E-08,3.28753E-08,3.50744E-08,3.73507E-08
NPS-Ref,ASP,MYS,EU,SVN,4.10087E-09,5.64965E-08,7.46279E-08,4.09501E-08,3.95999E-08,4.33851E-08,4.19349E-08,4.22404E-08
NPS-Ref,ASP,MYS,EU,SWE,9.08506E-09,8.12633E-08,1.95234E-07,2.18961E-07,2.67564E-07,3.3929E-07,3.85416E-07,4.34172E-07
NPS-Ref,ASP,MYS,ROE,CHE,1.39394E-08,9.96158E-08,1.68244E-07,6.49152E-08,7.18839E-08,8.64241E-08,8.42759E-08,8.66192E-08
NPS-Ref,ASP,MYS,ROE,SRB,9.39847E-09,3.68897E-08,2.00543E-08,1.9282E-08,2.34098E-08,2.89215E-08,3.27381E-08,3.51458E-08
NPS-Ref,ASP,MYS,ROE,TUR,1.4813E-08,4.72295E-09,8.94937E-09,1.01146E-08,1.22527E-08,1.63063E-08,1.92975E-08,2.40028E-08
NPS-Ref,ASP,MYS,ROE,UKR,1.14933E-09,1.18623E-08,1.47249E-08,1.38665E-08,1.66988E-08,2.23047E-08,2.55085E-08,3.11796E-08
NPS-Ref,ASP,MYS,MEA,ARE,9.27209E-10,5.1326E-09,8.18242E-09,9.48717E-09,1.06192E-08,1.25566E-08,1.36591E-08,1.69465E-08
NPS-Ref,ASP,MYS,MEA,BHR,,1.93251E-09,7.38684E-09,9.04995E-09,1.14459E-08,1.26635E-08,1.60656E-08,1.79339E-08
NPS-Ref,ASP,MYS,MEA,ISR,,1.91113E-09,7.29826E-09,9.05484E-09,1.14319E-08,1.24663E-08,1.57561E-08,1.76322E-08
NPS-Ref,ASP,MYS,MEA,KWT,2.42459E-09,8.59655E-09,1.21154E-08,1.64243E-08,1.88676E-08,1.78555E-08,1.9564E-08,2.06346E-08
NPS-Ref,ASP,MYS,MEA,OMN,,9.28211E-10,3.27683E-09,6.09528E-09,7.06054E-09,8.23853E-09,9.19481E-09,1.00029E-08
NPS-Ref,ASP,MYS,AFR,EGY,,5.7823E-09,9.00552E-09,1.01714E-08,1.34998E-08,1.65183E-08,1.87651E-08,2.23074E-08
NPS-Ref,ASP,PNG,NAM,CAN,,7.80772E-10,7.95656E-10,8.41028E-10,9.26146E-10,1.74408E-09,2.00108E-09,3.53786E-09
NPS-Ref,ASP,PNG,NAM,MEX,,7.66119E-10,8.0677E-10,8.54945E-10,9.48036E-10,1.0578E-09,2.63215E-09,4.37694E-09
NPS-Ref,ASP,PNG,NAM,USA,,2.03815E-09,3.99901E-09,5.64258E-09,7.06173E-09,8.02127E-09,9.93954E-09,1.53435E-08
NPS-Ref,ASP,PNG,SAM,ARG,3.26531E-09,9.68327E-10,1.01201E-09,9.52981E-10,1.05713E-09,1.83255E-09,3.59623E-09,6.38038E-09
NPS-Ref,ASP,PNG,SAM,BRA,6.30426E-09,5.27136E-09,5.90528E-09,5.14377E-09,5.80267E-09,7.15548E-09,8.37402E-09,9.95297E-09
NPS-Ref,ASP,PNG,SAM,CHL,1.4022E-08,8.75145E-09,1.01906E-08,1.0171E-08,9.7347E-09,1.15246E-08,1.21787E-08,1.29655E-08
NPS-Ref,ASP,PNG,SAM,COL,,,6.37002E-10,2.10151E-09,2.65148E-09,3.18735E-09,6.85645E-09,8.67958E-09
NPS-Ref,ASP,PNG,SAM,TTO,,,,,,6.94732E-10,8.60601E-10,2.37435E-09
NPS-Ref,ASP,PNG,SAM,VEN,,,6.24749E-10,2.06116E-09,2.60041E-09,3.11658E-09,5.9995E-09,7.64285E-09
NPS-Ref,ASP,PNG,EU,AUT,1.00449E-09,2.88084E-09,2.86517E-09,2.7243E-09,3.17957E-09,3.67539E-09,6.36517E-09,7.75505E-09
NPS-Ref,ASP,PNG,EU,BEL,2.73961E-09,2.74396E-09,3.02013E-09,3.17517E-09,3.84845E-09,6.35795E-09,8.20083E-09,1.01046E-08
NPS-Ref,ASP,PNG,EU,BGR,1.22424E-09,1.27852E-09,1.21197E-09,1.25997E-09,2.75586E-09,3.15466E-09,3.80302E-09,6.5345E-09
NPS-Ref,ASP,PNG,EU,CZE,1.01694E-09,2.94495E-09,2.92943E-09,2.80674E-09,3.22274E-09,3.63681E-09,6.32292E-09,7.70745E-09
NPS-Ref,ASP,PNG,EU,DEU,2.48904E-09,2.66368E-09,2.9302E-09,3.02105E-09,3.58831E-09,6.56707E-09,7.67975E-09,9.22294E-09
NPS-Ref,ASP,PNG,EU,DNK,9.51603E-10,1.07763E-09,2.65378E-09,3.00823E-09,4.02353E-09,4.6799E-09,7.60094E-09,9.53952E-09
NPS-Ref,ASP,PNG,EU,ESP,5.40039E-08,5.07801E-09,4.66646E-09,6.37682E-09,7.72193E-09,9.40771E-09,1.18958E-08,1.48859E-08
NPS-Ref,ASP,PNG,EU,EST,3.67512E-08,3.51801E-09,3.71093E-09,3.55936E-09,4.07226E-09,5.21589E-09,7.79165E-09,8.82689E-09
NPS-Ref,ASP,PNG,EU,FIN,,9.89818E-09,6.29136E-09,5.55075E-09,8.12538E-09,8.92152E-09,1.17682E-08,1.51459E-08
NPS-Ref,ASP,PNG,EU,FRA,4.75743E-09,3.50604E-09,3.38818E-09,3.62189E-09,4.40088E-09,6.98941E-09,9.65114E-09,1.16126E-08
NPS-Ref,ASP,PNG,EU,GBR,2.75319E-09,2.75923E-09,3.07492E-09,3.23431E-09,3.89929E-09,6.38844E-09,8.28474E-09,1.0561E-08
NPS-Ref,ASP,PNG,EU,GRC,1.21775E-08,1.77081E-09,1.43782E-09,1.45039E-09,2.97554E-09,3.36438E-09,4.77974E-09,7.65762E-09
NPS-Ref,ASP,PNG,EU,HRV,1.07366E-09,3.09933E-09,2.93211E-09,2.88038E-09,3.2814E-09,3.69243E-09,6.98825E-09,8.43375E-09
NPS-Ref,ASP,PNG,EU,HUN,9.97724E-10,3.07032E-09,2.77104E-09,2.65924E-09,3.01504E-09,3.39481E-09,5.85788E-09,7.08889E-09
NPS-Ref,ASP,PNG,EU,IRL,4.34804E-09,3.90838E-09,4.34433E-09,4.19504E-09,4.99921E-09,8.13254E-09,9.26407E-09,1.13194E-08
NPS-Ref,ASP,PNG,EU,ITA,2.9219E-09,2.74998E-09,2.94954E-09,2.7992E-09,3.26348E-09,3.69329E-09,7.17892E-09,8.75813E-09
NPS-Ref,ASP,PNG,EU,LTU,2.55202E-08,2.99177E-09,3.16658E-09,3.53989E-09,3.85741E-09,6.29808E-09,8.23495E-09,9.6266E-09
NPS-Ref,ASP,PNG,EU,LVA,1.8688E-08,3.07002E-09,3.30409E-09,3.23366E-09,3.76378E-09,6.36203E-09,7.62544E-09,9.01233E-09
NPS-Ref,ASP,PNG,EU,NLD,1.12095E-09,2.46316E-09,2.7463E-09,2.93642E-09,3.57019E-09,6.048E-09,7.86742E-09,9.67004E-09
NPS-Ref,ASP,PNG,EU,POL,2.55401E-09,2.76867E-09,2.76551E-09,2.64463E-09,3.11391E-09,3.50779E-09,6.64504E-09,8.13813E-09
NPS-Ref,ASP,PNG,EU,PRT,4.23024E-08,6.81763E-09,4.74204E-09,6.54369E-09,7.77992E-09,8.18936E-09,1.09283E-08,1.41347E-08
NPS-Ref,ASP,PNG,EU,ROM,1.05458E-09,1.09844E-09,1.075E-09,1.18093E-09,2.69924E-09,3.06456E-09,3.57742E-09,6.38491E-09
NPS-Ref,ASP,PNG,EU,SVK,8.75992E-10,2.70115E-09,2.65784E-09,2.59383E-09,3.00047E-09,3.41551E-09,5.98279E-09,7.28261E-09
NPS-Ref,ASP,PNG,EU,SVN,1.18241E-09,3.46079E-09,3.11934E-09,2.9684E-09,3.25362E-09,3.61349E-09,6.1974E-09,7.51842E-09
NPS-Ref,ASP,PNG,EU,SWE,3.78149E-09,1.17669E-08,1.47065E-08,1.54945E-08,1.8568E-08,2.20973E-08,2.74013E-08,3.50006E-08
NPS-Ref,ASP,PNG,ROE,CHE,5.58461E-09,3.80329E-09,3.88251E-09,3.32676E-09,3.8229E-09,6.14804E-09,7.16164E-09,8.73811E-09
NPS-Ref,ASP,PNG,ROE,SRB,3.75724E-09,7.05198E-09,2.61495E-09,2.56711E-09,3.00428E-09,3.4227E-09,4.07015E-09,7.05399E-09
NPS-Ref,ASP,PNG,ROE,TUR,6.39274E-09,8.68087E-10,9.07662E-10,9.8716E-10,1.15401E-09,2.67321E-09,3.97407E-09,4.83158E-09
NPS-Ref,ASP,PNG,ROE,UKR,7.26186E-10,1.06769E-09,1.09187E-09,1.08909E-09,2.55717E-09,3.60626E-09,4.31452E-09,7.41964E-09
NPS-Ref,ASP,PNG,MEA,ARE,6.2061E-10,6.71865E-10,7.35532E-10,8.0607E-10,9.07629E-10,1.00523E-09,1.90602E-09,3.64193E-09
NPS-Ref,ASP,PNG,MEA,BHR,,,,7.12469E-10,1.45116E-09,1.69324E-09,3.35743E-09,5.19871E-09
NPS-Ref,ASP,PNG,MEA,ISR,,,,7.10337E-10,1.44422E-09,1.67783E-09,3.31257E-09,5.14331E-09
NPS-Ref,ASP,PNG,MEA,KWT,,,6.2594E-10,7.34788E-10,1.47864E-09,2.95893E-09,5.31374E-09,7.38931E-09
NPS-Ref,ASP,PNG,MEA,OMN,,,6.28721E-10,7.18326E-10,8.31035E-10,9.55216E-10,1.12301E-09,2.64503E-09
NPS-Ref,ASP,PNG,AFR,EGY,,,,7.11293E-10,1.46903E-09,2.97033E-09,5.50197E-09,7.74474E-09
