,,,,,2015,2020,2025,2030,2035,2040,2045,2050
SDS-Vision,NOR,NOR,NAM,CAN,8.34988E-10,5.24599E-09,1.13806E-08,1.23332E-08,1.4878E-08,2.06325E-08,2.1677E-08,2.20225E-08
SDS-Vision,NOR,NOR,NAM,MEX,8.58644E-10,6.36648E-09,1.46551E-08,1.44744E-08,1.66226E-08,2.31885E-08,2.47321E-08,2.92479E-08
SDS-Vision,NOR,NOR,NAM,USA,4.2385E-09,2.98184E-08,7.21308E-08,7.24914E-08,8.48648E-08,1.04095E-07,1.10081E-07,1.14355E-07
SDS-Vision,NOR,NOR,SAM,ARG,1.23415E-08,2.76069E-08,3.60556E-07,4.53583E-07,7.89166E-07,1.06727E-06,1.49658E-06,8.27872E-07
SDS-Vision,NOR,NOR,SAM,BRA,1.57321E-08,2.05452E-08,4.80866E-08,4.45791E-08,1.71139E-07,5.3559E-07,3.37626E-06,2.21844E-06
SDS-Vision,NOR,NOR,SAM,CHL,8.98446E-08,4.96088E-08,4.45716E-07,4.6958E-07,4.1812E-07,5.82745E-07,6.14026E-07,5.10048E-07
SDS-Vision,NOR,NOR,SAM,COL,,4.17825E-09,9.36892E-09,9.35992E-09,1.19187E-08,1.54299E-08,1.82928E-08,2.27547E-08
SDS-Vision,NOR,NOR,SAM,TTO,,,4.77683E-09,6.23226E-09,7.97113E-09,1.00419E-08,1.25758E-08,1.54706E-08
SDS-Vision,NOR,NOR,SAM,VEN,,4.09566E-09,8.44186E-09,8.25143E-09,9.31488E-09,1.21439E-08,1.43055E-08,1.62042E-08
SDS-Vision,NOR,NOR,EU,AUT,1.93674415,2.669431733,2.113469624,1.800018382,2.049710319,2.523305258,2.296397964,2.11976358
SDS-Vision,NOR,NOR,EU,BEL,5.25236675,5.204868016,5.218806113,5.617162966,5.832503149,6.311496163,7.229974439,8.023045436
SDS-Vision,NOR,NOR,EU,BGR,0.056872818,2.47312E-08,2.51982E-08,3.55267E-08,1.45563E-07,0.013610234,0.029368435,0.037096198
SDS-Vision,NOR,NOR,EU,CZE,1.778037578,2.646034707,2.110700984,1.554241266,1.672218725,2.038197135,1.742767874,1.473091275
SDS-Vision,NOR,NOR,EU,DEU,28.24898305,29.54984771,30.8361128,28.3787866,26.61455968,24.1501395,23.26044496,24.55072183
SDS-Vision,NOR,NOR,EU,DNK,0.581527672,0.560796284,0.579900613,0.746530251,0.81068366,0.870970932,0.797773213,0.563424454
SDS-Vision,NOR,NOR,EU,ESP,1.594406097,0.847753675,0.901987107,1.947534078,2.482544805,2.94868346,3.006871346,3.181033483
SDS-Vision,NOR,NOR,EU,EST,0.024343229,4.04291E-07,0.010392609,0.032778529,0.033457666,0.018877059,7.61752E-05,2.0133E-06
SDS-Vision,NOR,NOR,EU,FIN,,3.3209E-07,0.024743626,7.95623E-07,7.84161E-07,6.52041E-07,3.3508E-07,2.17274E-07
SDS-Vision,NOR,NOR,EU,FRA,13.15391272,12.34771484,11.34554759,11.08057401,10.83065955,10.89148554,9.978966,8.706553305
SDS-Vision,NOR,NOR,EU,GBR,22.99501838,19.38583067,15.41233402,12.3594419,11.66947101,11.97955701,10.17019679,10.42370488
SDS-Vision,NOR,NOR,EU,GRC,0.052492787,4.50397E-08,4.8081E-08,6.43115E-08,2.71531E-07,0.014559943,0.029802556,0.032572164
SDS-Vision,NOR,NOR,EU,HRV,0.153565095,0.229421785,0.09932097,0.146749938,0.155463532,0.171335232,0.183493641,0.20866754
SDS-Vision,NOR,NOR,EU,HUN,0.740346051,1.578001678,0.65939804,0.397502268,0.505463888,0.711713958,0.767966947,1.128301064
SDS-Vision,NOR,NOR,EU,IRL,1.720687996,1.398959078,1.125029038,0.935884981,0.784491191,0.651697742,0.512710124,0.511683322
SDS-Vision,NOR,NOR,EU,ITA,14.30372416,7.786035643,4.965645009,4.767348744,4.741053522,3.756713891,3.902929391,3.679779424
SDS-Vision,NOR,NOR,EU,LTU,0.086677526,1.98115E-06,0.060174014,0.101148325,0.064536083,0.020634851,2.20578E-06,8.46079E-07
SDS-Vision,NOR,NOR,EU,LVA,0.065296795,3.02315E-07,0.020600954,0.076944848,0.067248562,0.033776102,8.64578E-06,9.58559E-07
SDS-Vision,NOR,NOR,EU,NLD,9.93951557,9.825799174,8.571607771,8.09531377,8.15318407,8.536594471,8.411344624,8.736680465
SDS-Vision,NOR,NOR,EU,POL,2.723973571,3.22978701,2.110699972,1.519970034,0.740909678,0.240133764,1.9199E-06,6.6515E-07
SDS-Vision,NOR,NOR,EU,PRT,0.297729453,2.55969E-07,0.102145353,0.130855985,0.307881876,0.434828332,0.49418236,0.552770567
SDS-Vision,NOR,NOR,EU,ROM,0.18209309,1.93313E-08,1.97323E-08,2.88059E-08,1.14051E-07,0.034088968,0.070919984,0.08789112
SDS-Vision,NOR,NOR,EU,SVK,0.482295576,1.029596343,0.517558092,0.265968347,0.334326589,0.529312885,0.590126385,0.64606388
SDS-Vision,NOR,NOR,EU,SVN,0.195828456,0.249494769,0.110696588,0.135107593,0.137609954,0.15324009,0.190047274,0.24673726
SDS-Vision,NOR,NOR,EU,SWE,0.204996694,0.462495946,0.733793167,1.252011842,1.509982955,1.792669188,1.629537149,1.101239384
SDS-Vision,NOR,NOR,ROE,CHE,0.710557949,0.967110733,1.205589711,1.492412575,1.612094994,1.7476329,1.867444269,2.081162598
SDS-Vision,NOR,NOR,ROE,SRB,0.186099665,0.307591992,6.66078E-08,1.37441E-07,0.34019874,0.571591485,0.649594329,1.002383089
SDS-Vision,NOR,NOR,ROE,TUR,1.45439E-07,1.07762E-08,1.88441E-08,4.3624E-08,2.39098E-07,0.565808349,1.355907792,1.5934401
SDS-Vision,NOR,NOR,ROE,UKR,2.83865E-08,3.57505E-07,4.11624E-08,4.44442E-08,6.34569E-08,1.12015E-07,1.89385E-07,9.38529E-07
SDS-Vision,NOR,NOR,MEA,ARE,1.06158E-09,5.27624E-09,9.6069E-09,1.00483E-08,1.26379E-08,1.50467E-08,1.76122E-08,2.00547E-08
SDS-Vision,NOR,NOR,MEA,BHR,,7.95484E-10,8.61702E-09,9.64608E-09,1.24512E-08,1.49072E-08,1.90717E-08,2.03039E-08
SDS-Vision,NOR,NOR,MEA,ISR,,8.06635E-10,8.76933E-09,9.80949E-09,1.26328E-08,1.67349E-08,1.89994E-08,2.02725E-08
SDS-Vision,NOR,NOR,MEA,KWT,4.08348E-09,8.11611E-09,2.55776E-08,2.30005E-08,2.1981E-08,2.14789E-08,2.32711E-08,2.26417E-08
SDS-Vision,NOR,NOR,MEA,OMN,6.49058E-10,9.88069E-10,6.05596E-09,7.20695E-09,9.52938E-09,1.29888E-08,1.63004E-08,1.60543E-08
SDS-Vision,NOR,NOR,AFR,EGY,,6.93123E-09,1.59843E-08,1.26838E-08,1.61295E-08,2.02871E-08,2.62709E-08,2.7894E-08
SDS-Vision,NOR,NOR,ASP,BGD,,6.28655E-09,2.54708E-08,2.47482E-08,2.21794E-08,2.51446E-08,2.87298E-08,2.89024E-08
SDS-Vision,NOR,NOR,ASP,CHN,9.54073E-08,0.286889989,1.493584038,3.024281251,3.328208227,3.046431833,2.615744525,1.336656549
SDS-Vision,NOR,NOR,ASP,IDN,,7.6781E-10,6.90495E-09,8.71016E-09,1.10187E-08,1.45714E-08,1.47084E-08,1.70335E-08
SDS-Vision,NOR,NOR,ASP,IND,1.5364E-07,0.063917506,1.79099055,1.420348087,1.234618747,1.617016762,2.077564198,3.619332255
SDS-Vision,NOR,NOR,ASP,JPN,2.707316744,0.242089592,4.12463E-06,3.02969E-06,3.08059E-06,3.2005E-06,2.89703E-06,1.32018E-06
SDS-Vision,NOR,NOR,ASP,KOR,0.890001248,0.201328377,0.249049067,0.495700526,0.4316992,0.368125984,0.351813284,0.180687911
SDS-Vision,NOR,NOR,ASP,MYS,5.20329E-09,6.27635E-09,1.20493E-08,1.55475E-08,2.17372E-08,2.6798E-08,2.8856E-08,2.96372E-08
SDS-Vision,NOR,NOR,ASP,PAK,6.24197E-10,4.44122E-09,2.01473E-08,4.87577E-08,7.30759E-08,1.2204E-07,1.27452E-07,1.92184E-07
SDS-Vision,NOR,NOR,ASP,PHL,,4.8604E-09,1.37572E-08,1.44271E-08,1.60849E-08,1.85945E-08,2.19534E-08,2.27986E-08
SDS-Vision,NOR,NOR,ASP,SGP,2.97247E-08,4.23359E-08,4.0136E-08,4.19032E-08,4.85608E-08,5.92567E-08,5.89834E-08,5.95342E-08
SDS-Vision,NOR,NOR,ASP,THA,6.22714E-09,1.35343E-08,1.71026E-07,2.35163E-07,2.30506E-07,2.37107E-07,2.09083E-07,1.417E-07
SDS-Vision,NOR,NOR,ASP,TWN,0.565420245,0.094859014,0.162315692,0.302466025,0.248708945,0.215019853,0.205489922,0.125531673
SDS-Vision,NOR,NOR,ASP,VNM,,,9.0914E-09,1.03678E-08,1.25169E-08,1.44715E-08,1.79986E-08,1.93943E-08
SDS-Vision,RUS,RUS,NAM,CAN,9.44537E-10,1.19725E-08,1.51668E-08,1.43864E-08,1.7806E-08,2.54792E-08,2.59384E-08,2.55415E-08
SDS-Vision,RUS,RUS,NAM,MEX,1.04776E-09,1.60918E-08,2.02339E-08,1.91223E-08,2.50868E-08,3.18146E-08,3.59212E-08,3.56016E-08
SDS-Vision,RUS,RUS,NAM,USA,6.01739E-09,6.48001E-08,8.5986E-08,8.62448E-08,1.0097E-07,1.25683E-07,1.30299E-07,1.3231E-07
SDS-Vision,RUS,RUS,SAM,ARG,2.18929E-08,1.902887299,1.523020191,1.504133144,1.884662815,2.391794326,2.406048631,2.373622447
SDS-Vision,RUS,RUS,SAM,BRA,2.58885E-08,0.250536942,1.40574E-07,7.78793E-08,0.92059678,3.152927025,4.126135271,4.633828249
SDS-Vision,RUS,RUS,SAM,CHL,0.029011876,0.315039766,0.242938467,0.22181196,0.168803122,0.351718506,0.316616562,0.20787259
SDS-Vision,RUS,RUS,SAM,COL,,1.18543E-08,1.29579E-08,1.22825E-08,1.55225E-08,2.07796E-08,2.61265E-08,2.93181E-08
SDS-Vision,RUS,RUS,SAM,TTO,,,5.69364E-09,7.68683E-09,1.02369E-08,1.31884E-08,1.6614E-08,2.06958E-08
SDS-Vision,RUS,RUS,SAM,VEN,,1.0905E-08,1.18543E-08,1.09786E-08,1.25214E-08,1.69586E-08,1.95832E-08,2.19287E-08
SDS-Vision,RUS,RUS,EU,AUT,2.630199412,2.603814716,2.626216684,2.335928192,2.13234905,2.021348856,1.811559966,1.447811817
SDS-Vision,RUS,RUS,EU,BEL,4.168497402,4.450587528,4.986631588,4.977544357,4.460141812,4.001509998,4.452351897,4.16687793
SDS-Vision,RUS,RUS,EU,BGR,0.992296787,0.596642819,0.567477502,0.456288974,0.509046264,0.478843553,0.464791638,0.457892888
SDS-Vision,RUS,RUS,EU,CZE,2.161745044,2.407950956,2.331827109,1.976854012,1.739588029,1.600844311,1.366028014,1.006130026
SDS-Vision,RUS,RUS,EU,DEU,23.55369462,26.55397612,29.98794783,27.18489892,23.10549129,18.34146941,17.46166984,16.09512179
SDS-Vision,RUS,RUS,EU,DNK,0.639060419,0.773354174,0.967481995,1.069172294,0.887038328,0.717796719,0.600013729,0.368571738
SDS-Vision,RUS,RUS,EU,ESP,4.125584947,4.080213327,4.180106918,3.500244163,2.810595395,2.287392567,2.168768454,1.967506299
SDS-Vision,RUS,RUS,EU,EST,0.248751802,0.288258837,0.472105741,0.5141552,0.435215218,0.370251341,0.290772519,0.216580343
SDS-Vision,RUS,RUS,EU,FIN,2.921125978,3.031900874,3.795874497,4.508641251,4.590648944,4.569803535,4.043862506,3.512039441
SDS-Vision,RUS,RUS,EU,FRA,10.59739414,10.72119745,10.9375105,9.978582384,8.509905309,7.260317039,6.529184956,5.218497702
SDS-Vision,RUS,RUS,EU,GBR,12.83148391,11.09367602,8.883742586,7.209773119,5.748683555,4.18642361,3.139261842,2.675091901
SDS-Vision,RUS,RUS,EU,GRC,0.976401004,0.709009753,0.725688741,0.583701113,0.642699843,0.553640015,0.472634976,0.402039857
SDS-Vision,RUS,RUS,EU,HRV,0.508776182,0.435702176,0.415135443,0.350609572,0.267763936,0.208508305,0.194642453,0.159623718
SDS-Vision,RUS,RUS,EU,HUN,2.228695076,2.152754162,1.751557763,1.218515944,0.904636267,0.737983969,0.72962557,0.771464308
SDS-Vision,RUS,RUS,EU,IRL,0.980748081,0.812568845,0.660375626,0.553282733,0.38910344,0.235406047,0.164464268,0.135524012
SDS-Vision,RUS,RUS,EU,ITA,19.42520251,12.51571115,10.7281458,7.795544138,6.70351287,4.929462826,4.593983121,3.451288139
SDS-Vision,RUS,RUS,EU,LTU,0.811737968,0.822691083,1.117767977,0.992987519,0.86004233,0.739144923,0.638910806,0.556692189
SDS-Vision,RUS,RUS,EU,LVA,0.729657591,0.687286548,0.916232925,0.789420921,0.708288588,0.621299797,0.516443688,0.424099459
SDS-Vision,RUS,RUS,EU,NLD,8.048531702,8.356902046,8.13820609,7.095063189,6.258473962,5.38663263,5.1152996,4.453351758
SDS-Vision,RUS,RUS,EU,POL,4.316880668,5.172103096,6.058847181,5.927491347,4.051766151,2.475957078,1.490155334,0.413840219
SDS-Vision,RUS,RUS,EU,PRT,0.642675231,0.564224729,0.62401662,0.475980634,0.452754934,0.382346459,0.382795691,0.351015208
SDS-Vision,RUS,RUS,EU,ROM,3.204829499,1.430169281,1.147913298,0.926540365,1.335881515,1.191473617,1.122203056,1.084890694
SDS-Vision,RUS,RUS,EU,SVK,1.117142334,1.26281182,1.154841432,0.958768437,0.726803565,0.584610173,0.5345941,0.441265521
SDS-Vision,RUS,RUS,EU,SVN,0.265945255,0.251609603,0.217618216,0.218967915,0.186852731,0.156413225,0.175648538,0.175572975
SDS-Vision,RUS,RUS,EU,SWE,0.22523555,0.637769025,1.224053195,1.792904985,1.652229791,1.477302868,1.225871907,0.720563735
SDS-Vision,RUS,RUS,ROE,BLR,18.91255968,22.63842291,24.12372551,25.55287025,27.76606386,29.69424969,32.25106698,33.39491826
SDS-Vision,RUS,RUS,ROE,CHE,0.595295814,0.884133867,1.192938049,1.433377979,1.399036247,1.323361885,1.391145665,1.347708944
SDS-Vision,RUS,RUS,ROE,SRB,0.560223798,0.671142718,0.546858698,0.554148995,0.647748861,0.592689784,0.617162962,0.685377984
SDS-Vision,RUS,RUS,ROE,TUR,30.84457358,39.1968291,47.34112587,48.0008821,51.28882802,55.45134927,58.90430724,59.11592569
SDS-Vision,RUS,RUS,ROE,UKR,4.051243986,5.745040459,6.421077881,6.516726841,5.976154296,5.510601056,5.847932179,5.917817257
SDS-Vision,RUS,RUS,CAS,AZE,3.17545E-09,3.146034522,3.961591202,3.905437209,3.898377474,3.784684791,3.716467172,3.83236927
SDS-Vision,RUS,RUS,MEA,ARE,4.68703E-09,1.2213E-08,1.26325E-08,1.27633E-08,1.59078E-08,1.91748E-08,2.4025E-08,2.4455E-08
SDS-Vision,RUS,RUS,MEA,BHR,,1.21917E-08,1.33357E-08,1.59655E-08,1.85575E-08,2.46162E-08,2.75776E-08,2.88905E-08
SDS-Vision,RUS,RUS,MEA,ISR,2.10169E-09,1.22545E-08,1.3357E-08,1.60017E-08,1.85925E-08,2.43077E-08,2.71094E-08,2.8508E-08
SDS-Vision,RUS,RUS,MEA,KWT,1.19351E-08,0.152524464,5.95406E-08,4.30152E-08,3.72195E-08,3.53409E-08,3.51682E-08,3.29364E-08
SDS-Vision,RUS,RUS,MEA,OMN,7.72545E-10,5.14036E-09,7.21716E-09,8.65364E-09,1.18742E-08,1.71036E-08,2.16785E-08,2.07971E-08
SDS-Vision,RUS,RUS,AFR,EGY,6.53826E-09,1.06079E-07,2.8175E-08,2.11024E-08,2.50553E-08,3.25837E-08,4.07872E-08,4.24412E-08
SDS-Vision,RUS,RUS,ASP,BGD,,3.75165E-08,4.61416E-08,3.92496E-08,3.31162E-08,3.98444E-08,4.10715E-08,4.04125E-08
SDS-Vision,RUS,RUS,ASP,CHN,0.333192497,13.42219181,18.98948531,23.60959532,40.11500139,58.5963592,66.83054953,69.94946414
SDS-Vision,RUS,RUS,ASP,IDN,4.23962E-09,8.16612E-09,9.18817E-09,1.15042E-08,1.63539E-08,1.98085E-08,2.10309E-08,2.12835E-08
SDS-Vision,RUS,RUS,ASP,IND,0.278388094,6.928932707,8.928081361,8.453626792,13.9276487,20.88064396,23.85994618,25.46458583
SDS-Vision,RUS,RUS,ASP,JPN,7.456103703,11.09639833,7.943302274,7.808920979,7.830195734,6.931213819,4.710420612,2.443492378
SDS-Vision,RUS,RUS,ASP,KOR,2.374316157,4.092140112,3.449814968,3.738346786,4.608059266,5.66207042,5.395677765,5.489533235
SDS-Vision,RUS,RUS,ASP,MYS,8.01859E-09,1.66401E-08,1.63414E-08,2.086E-08,2.97463E-08,3.77018E-08,3.85057E-08,3.88465E-08
SDS-Vision,RUS,RUS,ASP,PAK,2.83218E-09,1.87838E-08,4.66785E-08,1.52714E-07,1.44011E-06,1.233348295,0.375010089,0.991551418
SDS-Vision,RUS,RUS,ASP,PHL,,2.1214E-08,2.25875E-08,2.39925E-08,2.48513E-08,3.10752E-08,3.24624E-08,3.29742E-08
SDS-Vision,RUS,RUS,ASP,SGP,8.68678E-08,0.934808244,6.04126E-08,6.05643E-08,7.28184E-08,9.16148E-08,8.54534E-08,8.43139E-08
SDS-Vision,RUS,RUS,ASP,THA,1.64863E-08,1.786098248,2.382734533,2.540648171,3.004297569,4.040917702,2.022686471,0.098810529
SDS-Vision,RUS,RUS,ASP,TWN,1.462240525,2.169848191,1.834655955,1.893386702,2.255958863,2.771078372,2.68427625,2.774602675
SDS-Vision,RUS,RUS,ASP,VNM,,,1.46826E-08,1.77019E-08,1.91919E-08,2.43408E-08,2.64055E-08,2.80581E-08
SDS-Vision,NAM,CAN,SAM,ARG,,4.53434E-08,8.74139E-08,8.66941E-08,9.27843E-08,1.37184E-07,1.58123E-07,1.65398E-07
SDS-Vision,NAM,CAN,SAM,BRA,,2.52498E-08,3.83281E-08,3.9134E-08,9.78134E-08,1.83973E-07,2.78165E-07,3.39434E-07
SDS-Vision,NAM,CAN,SAM,CHL,,1.025E-07,2.03831E-07,2.07995E-07,2.12141E-07,2.96912E-07,3.44164E-07,3.27045E-07
SDS-Vision,NAM,CAN,SAM,COL,,4.55562E-09,9.26194E-09,9.42286E-09,1.21052E-08,1.56993E-08,1.88065E-08,2.33706E-08
SDS-Vision,NAM,CAN,SAM,TTO,,,4.74561E-09,6.26483E-09,8.09205E-09,1.02134E-08,1.29678E-08,1.59707E-08
SDS-Vision,NAM,CAN,SAM,VEN,,4.46552E-09,8.33503E-09,8.30481E-09,9.47746E-09,1.23841E-08,1.47696E-08,1.67354E-08
SDS-Vision,NAM,CAN,EU,AUT,,2.80217E-08,1.95492E-08,1.37235E-08,1.29255E-08,1.4832E-08,1.44071E-08,1.42753E-08
SDS-Vision,NAM,CAN,EU,BEL,,3.58796E-08,2.44145E-08,1.92285E-08,1.62593E-08,1.91112E-08,1.85364E-08,2.07251E-08
SDS-Vision,NAM,CAN,EU,BGR,,1.20209E-08,1.20084E-08,1.11759E-08,1.32309E-08,1.66158E-08,1.69911E-08,1.76221E-08
SDS-Vision,NAM,CAN,EU,CZE,,3.52204E-08,1.88521E-08,1.38067E-08,1.2659E-08,1.49138E-08,1.41552E-08,1.40592E-08
SDS-Vision,NAM,CAN,EU,DEU,,2.69511E-08,2.15611E-08,1.67669E-08,1.60391E-08,1.7665E-08,1.97491E-08,2.06687E-08
SDS-Vision,NAM,CAN,EU,DNK,,1.36067E-08,1.66356E-08,1.75126E-08,1.68394E-08,1.62473E-08,1.52233E-08,1.48397E-08
SDS-Vision,NAM,CAN,EU,ESP,,2.77339E-07,3.35385E-07,2.9068E-07,1.20093E-07,8.66441E-08,5.55312E-08,5.03175E-08
SDS-Vision,NAM,CAN,EU,EST,,8.13713E-08,7.44452E-08,2.86546E-08,2.41698E-08,2.51549E-08,2.62852E-08,2.63605E-08
SDS-Vision,NAM,CAN,EU,FIN,,1.45315E-07,1.13715E-07,6.46001E-08,4.03703E-08,4.10037E-08,3.4852E-08,3.22922E-08
SDS-Vision,NAM,CAN,EU,FRA,,1.68194E-07,4.91364E-08,2.79109E-08,2.07899E-08,2.46421E-08,2.37665E-08,2.82067E-08
SDS-Vision,NAM,CAN,EU,GBR,,2.26494E-08,1.81569E-08,1.54873E-08,1.42154E-08,1.72209E-08,1.73065E-08,2.06042E-08
SDS-Vision,NAM,CAN,EU,GRC,,2.12728E-08,2.22185E-08,1.91303E-08,1.91775E-08,2.47471E-08,2.44631E-08,2.65629E-08
SDS-Vision,NAM,CAN,EU,HRV,,2.54332E-08,1.86267E-08,1.4732E-08,1.38897E-08,1.70944E-08,1.79001E-08,2.07194E-08
SDS-Vision,NAM,CAN,EU,HUN,,3.54998E-08,1.76899E-08,1.3014E-08,1.24473E-08,1.45874E-08,1.47369E-08,1.55294E-08
SDS-Vision,NAM,CAN,EU,IRL,,4.26955E-08,3.31841E-08,2.42472E-08,2.07328E-08,2.17333E-08,2.24551E-08,2.33906E-08
SDS-Vision,NAM,CAN,EU,ITA,,3.16607E-08,2.50846E-08,1.81897E-08,1.56629E-08,1.80412E-08,1.84366E-08,2.08302E-08
SDS-Vision,NAM,CAN,EU,LTU,,1.41759E-07,7.88754E-08,2.71919E-08,2.08294E-08,2.32787E-08,2.28598E-08,2.54158E-08
SDS-Vision,NAM,CAN,EU,LVA,,7.39941E-08,6.35803E-08,2.66912E-08,2.05176E-08,2.10833E-08,1.98473E-08,1.95985E-08
SDS-Vision,NAM,CAN,EU,NLD,,2.38937E-08,1.90152E-08,1.64913E-08,1.47744E-08,1.78408E-08,1.77233E-08,2.01013E-08
SDS-Vision,NAM,CAN,EU,POL,,4.05113E-08,1.97992E-08,1.35844E-08,1.21075E-08,1.4794E-08,1.54154E-08,1.82842E-08
SDS-Vision,NAM,CAN,EU,PRT,,1.7487E-07,2.87786E-07,2.44375E-07,1.98885E-07,7.73396E-08,4.91341E-08,3.78973E-08
SDS-Vision,NAM,CAN,EU,ROM,,9.50419E-09,9.78152E-09,9.54756E-09,1.13869E-08,1.43596E-08,1.5015E-08,1.58766E-08
SDS-Vision,NAM,CAN,EU,SVK,,2.47024E-08,1.51617E-08,1.20431E-08,1.1595E-08,1.36846E-08,1.39428E-08,1.44593E-08
SDS-Vision,NAM,CAN,EU,SVN,,4.08035E-08,1.9907E-08,1.45986E-08,1.31742E-08,1.44635E-08,1.43486E-08,1.45343E-08
SDS-Vision,NAM,CAN,EU,SWE,,7.78942E-08,1.40972E-07,1.20722E-07,1.06377E-07,1.03255E-07,7.28451E-08,5.59862E-08
SDS-Vision,NAM,CAN,ROE,CHE,,6.65136E-08,4.45408E-08,2.47948E-08,1.78603E-08,1.79963E-08,1.60631E-08,1.53593E-08
SDS-Vision,NAM,CAN,ROE,SRB,,3.12059E-08,1.79756E-08,1.58517E-08,1.75963E-08,2.0031E-08,1.90444E-08,1.9531E-08
SDS-Vision,NAM,CAN,ROE,TUR,,8.49831E-09,1.25317E-08,1.55832E-08,2.06161E-08,2.98933E-08,3.35014E-08,4.68126E-08
SDS-Vision,NAM,CAN,ROE,UKR,,1.22742E-08,1.10438E-08,1.01594E-08,1.20161E-08,1.46381E-08,1.81244E-08,2.03572E-08
SDS-Vision,NAM,CAN,MEA,ARE,,5.56225E-09,9.10489E-09,9.64258E-09,1.10229E-08,1.46156E-08,1.72532E-08,1.99076E-08
SDS-Vision,NAM,CAN,MEA,BHR,,1.99165E-09,9.29906E-09,1.19107E-08,1.39411E-08,1.87555E-08,2.18126E-08,2.33639E-08
SDS-Vision,NAM,CAN,MEA,ISR,,1.99348E-09,9.31892E-09,1.19513E-08,1.39897E-08,1.86178E-08,2.15771E-08,2.31741E-08
SDS-Vision,NAM,CAN,MEA,KWT,,9.44652E-09,2.12743E-08,2.10016E-08,2.22415E-08,2.3199E-08,2.62223E-08,2.59173E-08
SDS-Vision,NAM,CAN,MEA,OMN,,2.22787E-09,5.82042E-09,6.9549E-09,9.18889E-09,1.25194E-08,1.58458E-08,1.5867E-08
SDS-Vision,NAM,CAN,AFR,EGY,,8.43253E-09,1.60811E-08,1.39263E-08,1.79032E-08,2.26438E-08,2.97004E-08,3.1826E-08
SDS-Vision,NAM,CAN,ASP,BGD,,7.30125E-09,2.48692E-08,2.53148E-08,2.39056E-08,2.74684E-08,3.19842E-08,3.25014E-08
SDS-Vision,NAM,CAN,ASP,CHN,,9.75138E-07,0.204359176,1.797664263,2.774860422,2.774857741,2.521192617,2.089923557
SDS-Vision,NAM,CAN,ASP,IDN,,2.04494E-09,7.00849E-09,8.85531E-09,1.1269E-08,1.49504E-08,1.71575E-08,1.78309E-08
SDS-Vision,NAM,CAN,ASP,IND,,4.35084E-07,9.74849E-07,9.42141E-07,1.13032E-06,1.48418E-06,1.87455E-06,2.32287E-06
SDS-Vision,NAM,CAN,ASP,JPN,,8.634117049,1.043327412,8.7903E-06,1.01602E-05,1.23991E-05,1.19417E-05,7.32981E-06
SDS-Vision,NAM,CAN,ASP,KOR,,7.719804271,15.09280419,14.54000998,13.56244169,13.56243173,13.81617972,14.24771613
SDS-Vision,NAM,CAN,ASP,MYS,,6.91156E-09,1.22806E-08,1.59189E-08,2.23875E-08,2.77693E-08,3.05664E-08,3.16818E-08
SDS-Vision,NAM,CAN,ASP,PAK,,4.74146E-09,1.64051E-08,3.28836E-08,4.59795E-08,7.24358E-08,8.11304E-08,1.14813E-07
SDS-Vision,NAM,CAN,ASP,PHL,,5.32886E-09,1.4355E-08,1.55937E-08,1.78712E-08,2.27661E-08,2.51898E-08,2.6363E-08
SDS-Vision,NAM,CAN,ASP,SGP,,8.38317E-08,4.09987E-08,4.37061E-08,5.14371E-08,6.32327E-08,6.47757E-08,6.602E-08
SDS-Vision,NAM,CAN,ASP,THA,,2.1865E-08,1.03793E-07,1.31083E-07,1.44202E-07,1.65772E-07,1.66509E-07,1.28196E-07
SDS-Vision,NAM,CAN,ASP,TWN,,5.23041E-07,3.379E-06,4.6876E-06,2.52538E-06,6.67816E-06,9.81308E-06,1.1514E-05
SDS-Vision,NAM,CAN,ASP,VNM,,,1.01604E-08,1.30593E-08,1.44624E-08,1.87366E-08,2.12364E-08,2.29585E-08
SDS-Vision,NAM,USA,SAM,ARG,7.41216E-09,2.64706E-07,4.68646E-07,3.03929E-07,5.63067E-07,8.19435E-07,1.10495E-06,1.21361E-06
SDS-Vision,NAM,USA,SAM,BRA,1.13865E-08,5.70177E-08,6.67948E-08,6.8544E-08,2.37461E-07,6.34612E-07,2.09093E-06,2.84234E-06
SDS-Vision,NAM,USA,SAM,CHL,2.61683E-08,1.47779E-06,0.120199456,9.2202E-07,9.98789E-07,1.4278E-06,1.57012E-06,1.51216E-06
SDS-Vision,NAM,USA,SAM,COL,,8.74414E-09,1.2795E-08,1.30646E-08,1.63839E-08,2.13197E-08,2.74999E-08,3.14232E-08
SDS-Vision,NAM,USA,SAM,TTO,,,5.6629E-09,8.06361E-09,1.08055E-08,1.35456E-08,1.7564E-08,2.22941E-08
SDS-Vision,NAM,USA,SAM,VEN,,7.93751E-09,1.16885E-08,1.17141E-08,1.33228E-08,1.74704E-08,2.08189E-08,2.37797E-08
SDS-Vision,NAM,USA,EU,AUT,3.62733E-09,4.41243E-08,2.53988E-08,1.80046E-08,1.71366E-08,1.9629E-08,1.87513E-08,1.85832E-08
SDS-Vision,NAM,USA,EU,BEL,7.47341E-09,7.19767E-08,3.42469E-08,2.82E-08,2.40881E-08,2.56276E-08,2.59046E-08,2.63216E-08
SDS-Vision,NAM,USA,EU,BGR,4.11747E-09,1.59534E-08,1.42852E-08,1.39005E-08,1.73819E-08,2.2251E-08,2.28548E-08,2.40497E-08
SDS-Vision,NAM,USA,EU,CZE,3.63676E-09,6.34777E-08,2.41989E-08,1.81719E-08,1.66931E-08,1.98232E-08,1.83606E-08,1.82517E-08
SDS-Vision,NAM,USA,EU,DEU,6.8506E-09,4.34984E-08,2.84281E-08,2.41042E-08,2.12431E-08,2.29158E-08,2.5047E-08,2.65225E-08
SDS-Vision,NAM,USA,EU,DNK,3.29522E-09,1.67491E-08,2.00169E-08,2.3365E-08,2.32115E-08,2.1698E-08,2.0052E-08,1.95252E-08
SDS-Vision,NAM,USA,EU,ESP,1.13383E-07,2.76280436,4.97269E-06,1.53543E-06,2.99369E-07,1.71055E-07,1.1126E-07,8.36986E-08
SDS-Vision,NAM,USA,EU,EST,5.40638E-08,0.185893185,3.22877E-07,4.10364E-08,3.42146E-08,3.49914E-08,3.61233E-08,3.65033E-08
SDS-Vision,NAM,USA,EU,FIN,,0.119002916,2.63552E-07,1.13621E-07,7.00004E-08,6.80227E-08,5.85744E-08,4.96369E-08
SDS-Vision,NAM,USA,EU,FRA,1.2466E-08,1.09734E-06,9.15965E-08,4.95042E-08,3.41246E-08,3.40803E-08,3.48888E-08,3.57759E-08
SDS-Vision,NAM,USA,EU,GBR,7.23802E-09,3.52984E-08,2.33436E-08,2.08054E-08,2.02786E-08,2.22919E-08,2.38917E-08,2.61589E-08
SDS-Vision,NAM,USA,EU,GRC,2.06328E-08,3.47731E-08,2.98215E-08,2.73255E-08,2.92893E-08,3.60986E-08,3.70034E-08,3.70696E-08
SDS-Vision,NAM,USA,EU,HRV,3.92748E-09,4.08781E-08,2.36483E-08,1.92492E-08,1.93959E-08,2.17534E-08,2.46413E-08,2.61781E-08
SDS-Vision,NAM,USA,EU,HUN,3.64246E-09,6.40633E-08,2.23852E-08,1.68005E-08,1.62606E-08,1.91232E-08,1.92509E-08,2.06902E-08
SDS-Vision,NAM,USA,EU,IRL,1.10581E-08,6.94267E-08,4.73859E-08,3.91289E-08,3.10502E-08,3.09685E-08,3.00513E-08,3.1481E-08
SDS-Vision,NAM,USA,EU,ITA,7.77746E-09,5.7667E-08,3.50748E-08,2.5767E-08,2.2695E-08,2.34411E-08,2.55942E-08,2.63709E-08
SDS-Vision,NAM,USA,EU,LTU,4.83023E-08,0.370091996,3.82232E-07,3.92792E-08,3.03934E-08,3.16562E-08,3.29424E-08,3.43774E-08
SDS-Vision,NAM,USA,EU,LVA,3.65104E-08,0.479892775,2.05905E-07,3.82588E-08,2.91614E-08,2.95721E-08,2.79229E-08,2.79693E-08
SDS-Vision,NAM,USA,EU,NLD,6.2042E-09,3.83894E-08,2.44981E-08,2.25425E-08,2.11701E-08,2.3246E-08,2.44834E-08,2.52381E-08
SDS-Vision,NAM,USA,EU,POL,6.84425E-09,8.95409E-08,2.62541E-08,1.74534E-08,1.64906E-08,1.81108E-08,2.07317E-08,2.22807E-08
SDS-Vision,NAM,USA,EU,PRT,7.77295E-08,1.384040967,9.81719E-06,3.41767E-06,4.39666E-07,1.33496E-07,9.82012E-08,6.85853E-08
SDS-Vision,NAM,USA,EU,ROM,3.54903E-09,1.16524E-08,1.1209E-08,1.14608E-08,1.43888E-08,1.85059E-08,1.95114E-08,2.10186E-08
SDS-Vision,NAM,USA,EU,SVK,3.0667E-09,3.57362E-08,1.84824E-08,1.52467E-08,1.48896E-08,1.76822E-08,1.79844E-08,1.89088E-08
SDS-Vision,NAM,USA,EU,SVN,4.22384E-09,7.36818E-08,2.61742E-08,1.96093E-08,1.75877E-08,1.89913E-08,1.86628E-08,1.90382E-08
SDS-Vision,NAM,USA,EU,SWE,9.5155E-09,1.70449E-07,2.64185E-07,2.33115E-07,1.91055E-07,1.74882E-07,1.04702E-07,7.96298E-08
SDS-Vision,NAM,USA,ROE,CHE,1.39018E-08,1.19806E-07,6.84651E-08,4.05662E-08,2.69537E-08,2.56356E-08,2.16994E-08,2.0539E-08
SDS-Vision,NAM,USA,ROE,SRB,9.76379E-09,3.96153E-08,2.2629E-08,2.14467E-08,2.5329E-08,2.85056E-08,2.65501E-08,2.75986E-08
SDS-Vision,NAM,USA,ROE,TUR,1.50632E-08,1.14889E-08,1.57433E-08,2.20097E-08,3.31953E-08,4.785E-08,5.82687E-08,8.34592E-08
SDS-Vision,NAM,USA,ROE,UKR,2.40702E-09,1.48303E-08,1.28682E-08,1.34448E-08,1.46619E-08,1.80161E-08,2.24346E-08,2.59319E-08
SDS-Vision,NAM,USA,MEA,ARE,9.50308E-10,8.648E-09,1.17931E-08,1.27438E-08,1.57189E-08,1.83949E-08,2.35934E-08,2.48008E-08
SDS-Vision,NAM,USA,MEA,BHR,,9.01483E-09,1.45278E-08,1.82511E-08,2.12786E-08,2.76339E-08,3.17768E-08,3.40457E-08
SDS-Vision,NAM,USA,MEA,ISR,,9.20358E-09,1.46075E-08,1.83709E-08,2.1412E-08,2.74263E-08,3.13854E-08,3.37313E-08
SDS-Vision,NAM,USA,MEA,KWT,2.92891E-09,2.70997E-08,3.66345E-08,3.94399E-08,3.80623E-08,3.75647E-08,3.97099E-08,3.85883E-08
SDS-Vision,NAM,USA,MEA,OMN,,2.73458E-09,6.87889E-09,8.60025E-09,1.16572E-08,1.61592E-08,2.09611E-08,2.1E-08
SDS-Vision,NAM,USA,AFR,EGY,,2.29809E-08,2.61845E-08,2.39361E-08,2.84527E-08,3.77444E-08,4.57693E-08,4.90289E-08
SDS-Vision,NAM,USA,ASP,BGD,,1.84528E-08,3.81359E-08,3.94567E-08,3.5481E-08,4.20959E-08,4.52059E-08,4.59277E-08
SDS-Vision,NAM,USA,ASP,CHN,7.03749E-08,1.19439E-06,5.881939048,28.75574733,47.54357211,65.82545251,90.83887263,109.483151
SDS-Vision,NAM,USA,ASP,IDN,,5.50669E-09,8.98212E-09,1.17465E-08,1.65452E-08,1.95881E-08,2.17689E-08,2.26475E-08
SDS-Vision,NAM,USA,ASP,IND,6.00908E-08,2.90062E-06,4.09549E-06,2.15546E-06,3.08466E-06,5.17616E-06,8.95488E-06,2.58564E-05
SDS-Vision,NAM,USA,ASP,JPN,0.542950342,62.94873163,61.93311961,66.73751966,55.40220514,40.07242359,23.22021775,7.822107674
SDS-Vision,NAM,USA,ASP,KOR,8.14135E-07,2.34661E-06,19.91374329,19.91416704,19.4347749,19.2237251,19.91513731,19.91669199
SDS-Vision,NAM,USA,ASP,MYS,4.66956E-09,1.11205E-08,1.60135E-08,2.13869E-08,3.02834E-08,3.75191E-08,4.03947E-08,4.20423E-08
SDS-Vision,NAM,USA,ASP,PAK,,1.23622E-08,2.1333E-08,4.71508E-08,7.20185E-08,1.14875E-07,1.34277E-07,1.98639E-07
SDS-Vision,NAM,USA,ASP,PHL,,1.38746E-08,2.30104E-08,2.67398E-08,2.82067E-08,3.45631E-08,3.74813E-08,3.90928E-08
SDS-Vision,NAM,USA,ASP,SGP,2.2765E-08,1.52971E-07,5.72976E-08,6.32206E-08,7.59612E-08,9.29379E-08,9.24941E-08,9.45012E-08
SDS-Vision,NAM,USA,ASP,THA,5.25292E-09,4.92379E-08,1.73781E-07,2.35479E-07,2.77911E-07,3.13408E-07,3.26938E-07,2.48434E-07
SDS-Vision,NAM,USA,ASP,TWN,1.31267E-07,7.64275E-07,4.17454E-06,7.12133E-06,4.61661E-06,1.08891E-05,1.57109E-05,1.91127E-05
SDS-Vision,NAM,USA,ASP,VNM,,,1.5722E-08,2.00644E-08,2.20015E-08,2.73944E-08,3.05329E-08,3.30261E-08
SDS-Vision,SAM,PER,NAM,CAN,7.98566E-10,6.03369E-09,1.10111E-08,1.20318E-08,1.45323E-08,2.0211E-08,2.13254E-08,2.17866E-08
SDS-Vision,SAM,PER,NAM,MEX,8.25982E-10,7.34406E-09,1.44111E-08,1.42419E-08,1.63849E-08,2.29134E-08,2.4471E-08,2.90947E-08
SDS-Vision,SAM,PER,NAM,USA,4.08343E-09,3.72376E-08,7.03191E-08,7.0906E-08,8.32234E-08,1.0226E-07,1.0845E-07,1.13191E-07
SDS-Vision,SAM,PER,EU,AUT,6.00012E-09,3.53056E-08,2.12958E-08,1.42609E-08,1.30895E-08,1.4791E-08,1.39496E-08,1.37472E-08
SDS-Vision,SAM,PER,EU,BEL,9.056E-09,4.75254E-08,2.68285E-08,2.01847E-08,1.64609E-08,1.90145E-08,1.79594E-08,2.00194E-08
SDS-Vision,SAM,PER,EU,BGR,4.60254E-09,1.29999E-08,1.25113E-08,1.14851E-08,1.34028E-08,1.66015E-08,1.64294E-08,1.69055E-08
SDS-Vision,SAM,PER,EU,CZE,6.11779E-09,4.62572E-08,2.03884E-08,1.43295E-08,1.28052E-08,1.48614E-08,1.37064E-08,1.35382E-08
SDS-Vision,SAM,PER,EU,DEU,8.16309E-09,3.352E-08,2.3342E-08,1.74271E-08,1.61252E-08,1.74755E-08,1.90226E-08,1.97849E-08
SDS-Vision,SAM,PER,EU,DNK,3.71692E-09,1.5034E-08,1.76878E-08,1.83582E-08,1.71587E-08,1.62205E-08,1.4733E-08,1.42801E-08
SDS-Vision,SAM,PER,EU,ESP,4.94933E-07,8.99512E-07,7.09382E-07,6.92488E-07,1.52414E-07,8.74986E-08,5.14538E-08,4.72439E-08
SDS-Vision,SAM,PER,EU,EST,2.12622E-07,3.14275E-07,1.31987E-07,3.17202E-08,2.46096E-08,2.49433E-08,2.51882E-08,2.50321E-08
SDS-Vision,SAM,PER,EU,FIN,,3.11401E-07,1.62192E-07,7.6219E-08,4.15522E-08,4.07713E-08,3.31559E-08,3.0532E-08
SDS-Vision,SAM,PER,EU,FRA,1.75572E-08,3.86985E-07,5.85495E-08,2.99356E-08,2.11069E-08,2.45119E-08,2.3027E-08,2.72899E-08
SDS-Vision,SAM,PER,EU,GBR,8.74277E-09,2.74997E-08,1.94412E-08,1.60656E-08,1.43471E-08,1.71268E-08,1.68046E-08,1.99185E-08
SDS-Vision,SAM,PER,EU,GRC,2.31725E-08,2.38114E-08,2.34014E-08,1.97702E-08,1.94083E-08,2.46465E-08,2.35603E-08,2.55022E-08
SDS-Vision,SAM,PER,EU,HRV,4.44295E-09,3.16307E-08,2.01626E-08,1.52962E-08,1.40545E-08,1.70621E-08,1.74295E-08,2.00953E-08
SDS-Vision,SAM,PER,EU,HUN,4.08387E-09,4.66219E-08,1.90778E-08,1.34903E-08,1.25976E-08,1.45487E-08,1.42695E-08,1.49259E-08
SDS-Vision,SAM,PER,EU,IRL,1.4134E-08,5.34217E-08,3.5923E-08,2.53151E-08,2.08277E-08,2.14392E-08,2.15238E-08,2.22963E-08
SDS-Vision,SAM,PER,EU,ITA,9.50446E-09,4.20569E-08,2.76905E-08,1.90329E-08,1.58486E-08,1.79622E-08,1.78861E-08,2.01444E-08
SDS-Vision,SAM,PER,EU,LTU,2.01888E-07,6.62117E-07,1.42342E-07,2.98828E-08,2.11882E-08,2.31143E-08,2.20194E-08,2.43174E-08
SDS-Vision,SAM,PER,EU,LVA,1.43696E-07,2.11405E-07,1.0189E-07,2.94559E-08,2.09391E-08,2.09478E-08,1.90241E-08,1.85955E-08
SDS-Vision,SAM,PER,EU,NLD,7.2906E-09,2.99374E-08,2.04792E-08,1.71798E-08,1.49395E-08,1.77643E-08,1.7213E-08,1.94676E-08
SDS-Vision,SAM,PER,EU,POL,8.19701E-09,5.84774E-08,2.15995E-08,1.40634E-08,1.22224E-08,1.47524E-08,1.50582E-08,1.7795E-08
SDS-Vision,SAM,PER,EU,PRT,2.68501E-07,6.81411E-07,6.20855E-07,8.49137E-07,2.92722E-07,7.90562E-08,4.5583E-08,3.53464E-08
SDS-Vision,SAM,PER,EU,ROM,3.92391E-09,1.01078E-08,1.01266E-08,9.77806E-09,1.15153E-08,1.43439E-08,1.45623E-08,1.52768E-08
SDS-Vision,SAM,PER,EU,SVK,3.42538E-09,2.95369E-08,1.61415E-08,1.24366E-08,1.17192E-08,1.36381E-08,1.35125E-08,1.39272E-08
SDS-Vision,SAM,PER,EU,SVN,6.97649E-09,5.65653E-08,2.18322E-08,1.52477E-08,1.33694E-08,1.44577E-08,1.39344E-08,1.40279E-08
SDS-Vision,SAM,PER,EU,SWE,1.0773E-08,1.10931E-07,2.04183E-07,1.63421E-07,1.33056E-07,1.22946E-07,7.06743E-08,5.18384E-08
SDS-Vision,SAM,PER,ROE,CHE,1.85828E-08,9.005E-08,5.12035E-08,2.65535E-08,1.81813E-08,1.79237E-08,1.54794E-08,1.47334E-08
SDS-Vision,SAM,PER,ROE,SRB,1.09036E-08,3.52255E-08,1.90454E-08,1.64705E-08,1.78998E-08,2.00162E-08,1.8347E-08,1.86654E-08
SDS-Vision,SAM,PER,ROE,TUR,1.8501E-08,9.0627E-09,1.29904E-08,1.60718E-08,2.09073E-08,2.97937E-08,3.2016E-08,4.47438E-08
SDS-Vision,SAM,PER,ROE,UKR,2.61198E-09,1.34845E-08,1.14413E-08,1.03435E-08,1.20175E-08,1.44809E-08,1.56975E-08,1.95296E-08
SDS-Vision,SAM,PER,MEA,ARE,9.84809E-10,5.70882E-09,9.03274E-09,9.52064E-09,1.0872E-08,1.44013E-08,1.68774E-08,1.94046E-08
SDS-Vision,SAM,PER,MEA,BHR,,2.03835E-09,8.21005E-09,9.23059E-09,1.19928E-08,1.4393E-08,1.84871E-08,1.97721E-08
SDS-Vision,SAM,PER,MEA,ISR,,2.07547E-09,8.3533E-09,9.3852E-09,1.21666E-08,1.43962E-08,1.8429E-08,1.97512E-08
SDS-Vision,SAM,PER,MEA,KWT,3.21462E-09,1.03485E-08,2.08297E-08,1.98433E-08,2.00728E-08,2.02275E-08,2.23101E-08,2.19478E-08
SDS-Vision,SAM,PER,MEA,OMN,,2.26336E-09,5.79684E-09,6.89331E-09,9.08569E-09,1.23377E-08,1.5448E-08,1.53746E-08
SDS-Vision,SAM,PER,AFR,EGY,,9.12893E-09,1.50548E-08,1.2273E-08,1.56706E-08,1.97173E-08,2.55734E-08,2.7309E-08
SDS-Vision,SAM,PER,ASP,BGD,,7.26592E-09,2.28866E-08,2.29667E-08,2.12232E-08,2.41872E-08,2.78373E-08,2.81725E-08
SDS-Vision,SAM,PER,ASP,CHN,7.24026E-08,8.95647E-07,6.52022E-06,9.53653E-06,6.80873E-06,0.000393365,2.37975E-05,0.453208681
SDS-Vision,SAM,PER,ASP,IDN,,2.09756E-09,6.92348E-09,8.73653E-09,1.10715E-08,1.46368E-08,1.47561E-08,1.71172E-08
SDS-Vision,SAM,PER,ASP,IND,6.70997E-08,5.95711E-07,1.15692E-06,1.16103E-06,1.38051E-06,1.75094E-06,2.20261E-06,2.82836E-06
SDS-Vision,SAM,PER,ASP,JPN,5.144625,6.2761E-06,1.00031E-05,4.48895E-06,5.69901E-06,6.7876E-06,7.14604E-06,4.89292E-06
SDS-Vision,SAM,PER,ASP,KOR,9.93342E-07,1.200580954,0.897198484,2.304181916,2.757579687,2.516003491,2.787231272,2.872604249
SDS-Vision,SAM,PER,ASP,MYS,4.8623E-09,6.96E-09,1.1769E-08,1.51881E-08,2.12635E-08,2.62519E-08,2.8413E-08,2.93126E-08
SDS-Vision,SAM,PER,ASP,PAK,,4.8403E-09,1.68164E-08,3.56392E-08,5.06115E-08,8.02077E-08,8.84547E-08,1.28117E-07
SDS-Vision,SAM,PER,ASP,PHL,,5.52229E-09,1.31887E-08,1.39153E-08,1.56602E-08,1.81588E-08,2.15333E-08,2.24616E-08
SDS-Vision,SAM,PER,ASP,SGP,2.3831E-08,8.17197E-08,3.87135E-08,4.07772E-08,4.73634E-08,5.78633E-08,5.79522E-08,5.87671E-08
SDS-Vision,SAM,PER,ASP,THA,5.34684E-09,2.1812E-08,9.77678E-08,1.3289E-07,1.45212E-07,1.63567E-07,1.60295E-07,1.20735E-07
SDS-Vision,SAM,PER,ASP,TWN,1.60248E-07,3.98381E-07,3.22555E-06,4.50298E-06,2.65796E-06,0.000516248,1.25609E-05,9.66142E-06
SDS-Vision,SAM,PER,ASP,VNM,,,8.8208E-09,1.00744E-08,1.22405E-08,1.41868E-08,1.76998E-08,1.91326E-08
SDS-Vision,SAM,TTO,NAM,CAN,8.07196E-10,6.17356E-09,1.14186E-08,1.2272E-08,1.48131E-08,2.06242E-08,2.17271E-08,2.21478E-08
SDS-Vision,SAM,TTO,NAM,MEX,8.32553E-10,7.45037E-09,1.48298E-08,1.45133E-08,1.6676E-08,2.33421E-08,2.49343E-08,2.95401E-08
SDS-Vision,SAM,TTO,NAM,USA,4.11981E-09,3.78962E-08,7.24618E-08,7.22393E-08,8.46462E-08,1.04157E-07,1.10386E-07,1.15041E-07
SDS-Vision,SAM,TTO,EU,AUT,6.27773E-09,4.12093E-08,2.33905E-08,1.48618E-08,1.35007E-08,1.52268E-08,1.42977E-08,1.40574E-08
SDS-Vision,SAM,TTO,EU,BEL,9.80782E-09,6.2268E-08,3.02816E-08,2.13698E-08,1.70678E-08,1.95977E-08,1.84043E-08,2.0449E-08
SDS-Vision,SAM,TTO,EU,BGR,4.7766E-09,1.36354E-08,1.31493E-08,1.18655E-08,1.38134E-08,1.71167E-08,1.68882E-08,1.73514E-08
SDS-Vision,SAM,TTO,EU,CZE,6.41823E-09,5.71211E-08,2.22737E-08,1.49529E-08,1.32025E-08,1.53063E-08,1.4043E-08,1.38409E-08
SDS-Vision,SAM,TTO,EU,DEU,8.72431E-09,3.99263E-08,2.57256E-08,1.82525E-08,1.66073E-08,1.79327E-08,1.9421E-08,2.01616E-08
SDS-Vision,SAM,TTO,EU,DNK,5.73051E-09,1.61779E-08,1.89178E-08,1.92174E-08,1.77785E-08,1.67107E-08,1.51016E-08,1.46009E-08
SDS-Vision,SAM,TTO,EU,ESP,2.561106944,5.89940624,3.900076808,3.31418E-06,1.85664E-07,9.47064E-08,5.43254E-08,4.89106E-08
SDS-Vision,SAM,TTO,EU,EST,0.082247906,3.49252E-06,3.13941E-07,3.38788E-08,2.54556E-08,2.56578E-08,2.57847E-08,2.55519E-08
SDS-Vision,SAM,TTO,EU,FIN,,8.20311E-07,2.47633E-07,8.58942E-08,4.37786E-08,4.26336E-08,3.43991E-08,3.1389E-08
SDS-Vision,SAM,TTO,EU,FRA,2.0144E-08,9.0397E-07,7.26349E-08,3.24293E-08,2.20218E-08,2.53048E-08,2.35943E-08,2.78367E-08
SDS-Vision,SAM,TTO,EU,GBR,9.33467E-09,3.08052E-08,2.10745E-08,1.67669E-08,1.47926E-08,1.75815E-08,1.71785E-08,2.03184E-08
SDS-Vision,SAM,TTO,EU,GRC,2.41926E-08,2.55649E-08,2.50626E-08,2.07279E-08,2.02192E-08,2.56199E-08,2.43453E-08,2.61952E-08
SDS-Vision,SAM,TTO,EU,HRV,6.49962E-09,3.59961E-08,2.19316E-08,1.59118E-08,1.44586E-08,1.74813E-08,1.78031E-08,2.04735E-08
SDS-Vision,SAM,TTO,EU,HUN,6.09968E-09,5.54739E-08,2.07269E-08,1.40234E-08,1.29747E-08,1.49663E-08,1.46275E-08,1.52814E-08
SDS-Vision,SAM,TTO,EU,IRL,1.53701E-08,6.03032E-08,3.96389E-08,2.68126E-08,2.16252E-08,2.21173E-08,2.20246E-08,2.27615E-08
SDS-Vision,SAM,TTO,EU,ITA,1.02162E-08,5.2085E-08,3.1197E-08,2.00413E-08,1.63954E-08,1.84623E-08,1.83117E-08,2.05557E-08
SDS-Vision,SAM,TTO,EU,LTU,0.259320338,0.042290455,3.70392E-07,3.19926E-08,2.19434E-08,2.37953E-08,2.25768E-08,2.48489E-08
SDS-Vision,SAM,TTO,EU,LVA,0.180112229,1.58005E-06,2.01274E-07,3.15236E-08,2.17152E-08,2.16181E-08,1.95542E-08,1.90644E-08
SDS-Vision,SAM,TTO,EU,NLD,7.74236E-09,3.50406E-08,2.24166E-08,1.80113E-08,1.54275E-08,1.8254E-08,1.76037E-08,1.98451E-08
SDS-Vision,SAM,TTO,EU,POL,8.72925E-09,7.26865E-08,2.37482E-08,1.4606E-08,1.25313E-08,1.50656E-08,1.53376E-08,1.8089E-08
SDS-Vision,SAM,TTO,EU,PRT,0.919605533,0.225589337,0.882060116,5.7805E-05,3.71621E-07,8.45117E-08,4.81776E-08,3.67307E-08
SDS-Vision,SAM,TTO,EU,ROM,4.05716E-09,1.049E-08,1.05461E-08,1.00526E-08,1.18198E-08,1.4732E-08,1.49223E-08,1.56426E-08
SDS-Vision,SAM,TTO,EU,SVK,3.55883E-09,3.35241E-08,1.73246E-08,1.29041E-08,1.20518E-08,1.4014E-08,1.38378E-08,1.4237E-08
SDS-Vision,SAM,TTO,EU,SVN,7.34592E-09,6.69043E-08,2.40423E-08,1.59215E-08,1.37836E-08,1.48531E-08,1.42567E-08,1.4326E-08
SDS-Vision,SAM,TTO,EU,SWE,1.12725E-08,1.32629E-07,2.81133E-07,2.05908E-07,1.56535E-07,1.41209E-07,7.32996E-08,5.30422E-08
SDS-Vision,SAM,TTO,ROE,CHE,2.06167E-08,1.10599E-07,5.95301E-08,2.85386E-08,1.89785E-08,1.85743E-08,1.59179E-08,1.50978E-08
SDS-Vision,SAM,TTO,ROE,SRB,1.13176E-08,3.76783E-08,2.03925E-08,1.72216E-08,1.86155E-08,2.07479E-08,1.89085E-08,1.92005E-08
SDS-Vision,SAM,TTO,ROE,TUR,1.99016E-08,9.43003E-09,1.36569E-08,1.68044E-08,2.18457E-08,3.12565E-08,3.35761E-08,4.71638E-08
SDS-Vision,SAM,TTO,ROE,UKR,2.68303E-09,1.423E-08,1.195E-08,1.06109E-08,1.22608E-08,1.47729E-08,1.78403E-08,1.9887E-08
SDS-Vision,SAM,TTO,MEA,ARE,9.92097E-10,5.78021E-09,9.24147E-09,9.6624E-09,1.10194E-08,1.46063E-08,1.71411E-08,1.96562E-08
SDS-Vision,SAM,TTO,MEA,BHR,,2.08021E-09,8.44076E-09,9.44181E-09,1.22259E-08,1.46802E-08,1.88418E-08,2.01176E-08
SDS-Vision,SAM,TTO,MEA,ISR,,2.1169E-09,8.58293E-09,9.59426E-09,1.23961E-08,1.46715E-08,1.87673E-08,2.0082E-08
SDS-Vision,SAM,TTO,MEA,KWT,3.4088E-09,1.15992E-08,2.36414E-08,2.12927E-08,2.09915E-08,2.09148E-08,2.28834E-08,2.24001E-08
SDS-Vision,SAM,TTO,MEA,OMN,6.22205E-10,2.28E-09,5.89375E-09,6.98143E-09,9.20784E-09,1.25481E-08,1.57535E-08,1.564E-08
SDS-Vision,SAM,TTO,AFR,EGY,,9.33834E-09,1.55589E-08,1.24137E-08,1.58218E-08,1.99539E-08,2.59045E-08,2.76446E-08
SDS-Vision,SAM,TTO,ASP,BGD,,7.63646E-09,2.44455E-08,2.38705E-08,2.17193E-08,2.4735E-08,2.83945E-08,2.86648E-08
SDS-Vision,SAM,TTO,ASP,CHN,7.28308E-08,8.52282E-07,1.421735597,11.22702823,15.4682361,15.24938447,11.62130784,9.906049768
SDS-Vision,SAM,TTO,ASP,IDN,,2.07511E-09,6.89046E-09,8.6599E-09,1.09598E-08,1.45377E-08,1.47097E-08,1.70701E-08
SDS-Vision,SAM,TTO,ASP,IND,7.81056E-08,3.12085E-06,0.871669743,2.74751E-06,2.81771E-06,4.18824E-06,5.95494E-06,1.08616E-05
SDS-Vision,SAM,TTO,ASP,JPN,13.30436512,4.801389508,2.715127931,8.52651E-06,9.24727E-06,1.17887E-05,1.26297E-05,1.00744E-05
SDS-Vision,SAM,TTO,ASP,KOR,6.25399E-07,1.74674E-06,4.84106E-06,1.841883842,7.0436E-06,8.86471E-06,3.037817489,4.670510288
SDS-Vision,SAM,TTO,ASP,MYS,4.86184E-09,6.97768E-09,1.18801E-08,1.52744E-08,2.13652E-08,2.64211E-08,2.86044E-08,2.94816E-08
SDS-Vision,SAM,TTO,ASP,PAK,,4.99691E-09,1.8723E-08,4.13659E-08,5.98343E-08,9.84672E-08,1.07905E-07,1.61473E-07
SDS-Vision,SAM,TTO,ASP,PHL,,5.57335E-09,1.3449E-08,1.40817E-08,1.57941E-08,1.83346E-08,2.17421E-08,2.26537E-08
SDS-Vision,SAM,TTO,ASP,SGP,2.42131E-08,8.9318E-08,3.93221E-08,4.10459E-08,4.76155E-08,5.83026E-08,5.84025E-08,5.91707E-08
SDS-Vision,SAM,TTO,ASP,THA,5.38355E-09,2.2487E-08,1.16339E-07,1.46977E-07,1.56223E-07,1.76873E-07,1.72584E-07,1.27382E-07
SDS-Vision,SAM,TTO,ASP,TWN,1.78218E-07,5.67304E-07,0.834304994,0.856376901,3.46263E-06,0.171230028,1.460106685,1.851172627
SDS-Vision,SAM,TTO,ASP,VNM,,,8.91871E-09,1.01414E-08,1.23005E-08,1.42727E-08,1.78123E-08,1.92469E-08
SDS-Vision,EU,AUT,ROE,CHE,0.052779376,5.25942E-08,1.15238E-07,2.52153E-07,1.52559E-07,1.09455E-07,,
SDS-Vision,EU,AUT,ROE,SRB,4.4747E-08,4.22395E-08,2.65657E-08,4.51406E-08,1.40578E-07,2.50321E-07,,
SDS-Vision,EU,AUT,ROE,TUR,2.40087E-08,4.4035E-09,1.04504E-08,2.09771E-08,4.69074E-08,7.93768E-08,,
SDS-Vision,EU,AUT,ROE,UKR,7.61725E-09,1.34334E-08,1.50134E-08,1.84711E-08,1.95042E-08,2.21172E-08,,
SDS-Vision,EU,CYP,NAM,CAN,,,1.0236E-08,1.15208E-08,1.39792E-08,1.94388E-08,2.05841E-08,2.10088E-08
SDS-Vision,EU,CYP,NAM,MEX,,,1.31271E-08,1.33265E-08,1.54634E-08,2.17288E-08,2.33261E-08,2.78392E-08
SDS-Vision,EU,CYP,NAM,USA,,,6.40575E-08,6.78581E-08,8.01995E-08,9.85369E-08,1.04749E-07,1.09143E-07
SDS-Vision,EU,CYP,SAM,ARG,,,9.60642E-08,1.1878E-07,1.42361E-07,1.95926E-07,2.27277E-07,2.08385E-07
SDS-Vision,EU,CYP,SAM,BRA,,,3.74158E-08,3.87162E-08,1.14105E-07,2.34568E-07,3.83051E-07,4.31965E-07
SDS-Vision,EU,CYP,SAM,CHL,,,1.54276E-07,1.81832E-07,1.93509E-07,2.61423E-07,3.02863E-07,2.69481E-07
SDS-Vision,EU,CYP,SAM,COL,,,8.59747E-09,8.82703E-09,1.13873E-08,1.47198E-08,1.74634E-08,2.17333E-08
SDS-Vision,EU,CYP,SAM,TTO,,,4.53627E-09,5.93498E-09,7.61182E-09,9.58517E-09,1.19715E-08,1.46508E-08
SDS-Vision,EU,CYP,SAM,VEN,,,7.70668E-09,7.75185E-09,8.84264E-09,1.15082E-08,1.35686E-08,1.53311E-08
SDS-Vision,EU,CYP,ROE,CHE,,,5.15864E-08,2.74146E-08,1.86449E-08,1.82453E-08,1.56626E-08,1.48135E-08
SDS-Vision,EU,CYP,ROE,SRB,,,1.94009E-08,1.69648E-08,1.84729E-08,2.05242E-08,1.86627E-08,1.88434E-08
SDS-Vision,EU,CYP,ROE,TUR,,,1.32717E-08,1.66612E-08,2.17919E-08,3.09897E-08,3.31113E-08,4.61911E-08
SDS-Vision,EU,CYP,ROE,UKR,,,1.14616E-08,1.04715E-08,1.2185E-08,1.46583E-08,1.76993E-08,1.96587E-08
SDS-Vision,EU,CYP,MEA,ARE,,,9.2591E-09,9.83955E-09,1.24721E-08,1.48554E-08,1.73875E-08,1.98071E-08
SDS-Vision,EU,CYP,MEA,BHR,,,8.38786E-09,9.48431E-09,1.2321E-08,1.47595E-08,1.88949E-08,2.01066E-08
SDS-Vision,EU,CYP,MEA,ISR,,,8.52284E-09,9.63117E-09,1.24853E-08,1.47404E-08,1.88077E-08,2.00603E-08
SDS-Vision,EU,CYP,MEA,KWT,,,2.26734E-08,2.17582E-08,2.14445E-08,2.11102E-08,2.29826E-08,2.23816E-08
SDS-Vision,EU,CYP,MEA,OMN,,,5.89927E-09,7.08118E-09,9.40221E-09,1.27961E-08,1.60436E-08,1.57971E-08
SDS-Vision,EU,CYP,AFR,EGY,,,1.41385E-08,1.20025E-08,1.54283E-08,1.93907E-08,2.51393E-08,2.67335E-08
SDS-Vision,EU,CYP,ASP,BGD,,,2.40525E-08,2.41129E-08,2.19366E-08,2.48934E-08,2.84822E-08,2.86464E-08
SDS-Vision,EU,CYP,ASP,CHN,,,0.254441777,0.415753728,0.493760427,0.00420635,0.01219828,1.22119E-05
SDS-Vision,EU,CYP,ASP,IDN,,,6.72383E-09,8.55577E-09,1.08873E-08,1.44213E-08,1.45798E-08,1.68867E-08
SDS-Vision,EU,CYP,ASP,IND,,,1.252154976,2.037945863,3.247071433,4.532608007,4.68521501,4.697495204
SDS-Vision,EU,CYP,ASP,JPN,,,7.13133E-07,1.05836E-06,1.38425E-06,1.55038E-06,1.636E-06,7.69923E-07
SDS-Vision,EU,CYP,ASP,KOR,,,1.78555E-06,3.39973E-06,5.75699E-06,4.60284E-06,5.04228E-06,3.18717E-06
SDS-Vision,EU,CYP,ASP,MYS,,,1.17348E-08,1.52802E-08,2.14942E-08,2.65057E-08,2.85987E-08,2.93612E-08
SDS-Vision,EU,CYP,ASP,PAK,,,1.81713E-08,4.33583E-08,6.59769E-08,1.07975E-07,1.14918E-07,1.6656E-07
SDS-Vision,EU,CYP,ASP,PHL,,,1.26611E-08,1.35908E-08,1.5434E-08,1.79121E-08,2.12817E-08,2.21471E-08
SDS-Vision,EU,CYP,ASP,SGP,,,3.87208E-08,4.10713E-08,4.79473E-08,5.85346E-08,5.84017E-08,5.89169E-08
SDS-Vision,EU,CYP,ASP,THA,,,1.14461E-07,1.75621E-07,1.94276E-07,2.0577E-07,1.89742E-07,1.30662E-07
SDS-Vision,EU,CYP,ASP,TWN,,,1.81882E-06,2.80684E-06,4.58777E-06,4.02247E-06,4.35048E-06,2.50665E-06
SDS-Vision,EU,CYP,ASP,VNM,,,8.85744E-09,1.02086E-08,1.24165E-08,1.43638E-08,1.78786E-08,1.92491E-08
SDS-Vision,EU,CZE,ROE,CHE,0.069801969,4.14931E-08,1.06733E-07,6.27786E-07,2.03218E-07,1.09843E-07,1.29505E-07,1.46397E-07
SDS-Vision,EU,CZE,ROE,SRB,2.74608E-08,3.06708E-08,2.01388E-08,3.21677E-08,9.13932E-08,1.40788E-07,3.92239E-07,0.000742515
SDS-Vision,EU,CZE,ROE,TUR,1.8442E-08,3.9915E-09,9.26749E-09,1.72089E-08,4.06432E-08,6.94893E-08,1.53688E-07,2.0452E-07
SDS-Vision,EU,CZE,ROE,UKR,6.66515E-09,1.18607E-08,1.36021E-08,1.64872E-08,1.95E-08,2.40593E-08,3.52195E-08,5.72412E-08
SDS-Vision,EU,DEU,ROE,CHE,0.225999822,0.598807606,1.396331529,0.753964084,0.874570416,0.908375913,0.827940157,0.591792307
SDS-Vision,EU,DEU,ROE,SRB,2.17807E-08,3.68123E-08,2.09177E-08,3.12156E-08,9.15974E-08,1.91934E-07,4.29667E-07,0.015955623
SDS-Vision,EU,DEU,ROE,TUR,1.5951E-08,4.27976E-09,9.47499E-09,1.73893E-08,4.71175E-08,1.03283E-07,2.07049E-07,2.98608E-07
SDS-Vision,EU,DEU,ROE,UKR,5.92134E-09,1.37123E-08,1.37226E-08,1.59026E-08,2.20819E-08,3.3376E-08,4.99782E-08,8.35848E-08
SDS-Vision,EU,DNK,ROE,CHE,0.204990849,0.274941322,1.08557E-07,1.06868E-07,7.38539E-08,8.8558E-08,1.28047E-07,1.30379E-07
SDS-Vision,EU,DNK,ROE,SRB,2.17403E-08,3.66486E-08,1.6157E-08,2.13852E-08,3.49751E-08,5.74774E-08,1.09476E-07,2.0715E-07
SDS-Vision,EU,DNK,ROE,TUR,1.59291E-08,4.27088E-09,8.29687E-09,1.37291E-08,2.65566E-08,5.34568E-08,1.13629E-07,1.61055E-07
SDS-Vision,EU,DNK,ROE,UKR,5.91362E-09,1.36394E-08,1.09687E-08,1.22272E-08,1.45164E-08,2.13435E-08,3.26802E-08,4.70215E-08
SDS-Vision,EU,GBR,ROE,CHE,2.03537E-07,2.22086E-07,3.08367E-07,2.07031E-07,2.13542E-07,2.12416E-07,2.30666E-07,1.69154E-07
SDS-Vision,EU,GBR,ROE,SRB,1.96217E-08,3.26939E-08,1.88005E-08,2.53181E-08,5.89701E-08,9.45789E-08,1.50628E-07,2.19628E-07
SDS-Vision,EU,GBR,ROE,TUR,1.48221E-08,4.14077E-09,9.02328E-09,1.54131E-08,3.7256E-08,7.33868E-08,1.37274E-07,1.75207E-07
SDS-Vision,EU,GBR,ROE,UKR,3.81175E-09,1.24891E-08,1.25453E-08,1.38287E-08,1.84979E-08,2.63697E-08,3.7465E-08,5.05245E-08
SDS-Vision,EU,HRV,ROE,CHE,2.24804E-08,2.9999E-08,1.65779E-07,2.45795E-07,1.98951E-07,1.53045E-07,1.24718E-07,1.1186E-07
SDS-Vision,EU,HRV,ROE,SRB,1.14946E-07,6.3167E-08,3.17144E-08,5.08028E-08,1.97112E-07,4.35353E-07,8.00444E-07,0.010412745
SDS-Vision,EU,HRV,ROE,TUR,3.39483E-08,4.73101E-09,1.12092E-08,2.23154E-08,6.51342E-08,1.30569E-07,2.30029E-07,2.73846E-07
SDS-Vision,EU,HRV,ROE,UKR,7.88573E-09,1.3973E-08,1.60026E-08,1.85828E-08,2.40698E-08,3.26612E-08,4.29189E-08,6.23032E-08
SDS-Vision,EU,HUN,ROE,CHE,2.82232E-08,3.00445E-08,7.51132E-08,1.55473E-07,,,,
SDS-Vision,EU,HUN,ROE,SRB,0.117264647,6.32658E-08,3.80449E-08,7.45497E-08,,,,
SDS-Vision,EU,HUN,ROE,TUR,4.30888E-08,4.73409E-09,1.19364E-08,2.67252E-08,,,,
SDS-Vision,EU,HUN,ROE,UKR,9.21966E-09,1.40017E-08,1.66972E-08,2.09385E-08,,,,
SDS-Vision,EU,IRL,ROE,CHE,2.52831E-08,2.40927E-08,3.23909E-08,3.42361E-08,3.88822E-08,4.33535E-08,4.76744E-08,5.03233E-08
SDS-Vision,EU,IRL,ROE,SRB,1.23274E-08,1.82025E-08,1.12937E-08,1.4332E-08,2.54309E-08,3.62177E-08,4.91949E-08,6.86709E-08
SDS-Vision,EU,IRL,ROE,TUR,1.01939E-08,3.32306E-09,6.87083E-09,1.05411E-08,2.07433E-08,3.57434E-08,6.06002E-08,7.9405E-08
SDS-Vision,EU,IRL,ROE,UKR,2.84146E-09,7.78427E-09,8.27534E-09,9.33204E-09,1.20763E-08,1.62975E-08,2.14386E-08,2.71531E-08
SDS-Vision,EU,ITA,ROE,CHE,0.083927406,0.070901613,0.07762872,6.67661E-06,4.30841E-07,6.28916E-07,2.76436E-07,2.82768E-07
SDS-Vision,EU,ITA,ROE,SRB,2.0337E-08,4.00352E-08,2.07656E-08,2.98444E-08,7.85155E-08,1.56411E-07,2.24301E-07,8.27094E-07
SDS-Vision,EU,ITA,ROE,TUR,1.51548E-08,4.366E-09,9.46559E-09,1.69884E-08,4.34626E-08,9.38668E-08,1.6284E-07,2.28191E-07
SDS-Vision,EU,ITA,ROE,UKR,3.67242E-09,1.26945E-08,1.22774E-08,1.41972E-08,1.91123E-08,2.85156E-08,3.81208E-08,5.92675E-08
SDS-Vision,EU,NLD,ROE,CHE,0.22543328,0.567626768,3.90503E-06,4.04733E-07,3.48162E-07,2.82872E-07,3.32061E-07,4.56095E-07
SDS-Vision,EU,NLD,ROE,SRB,2.17843E-08,3.68185E-08,2.07081E-08,2.78727E-08,6.90492E-08,1.12332E-07,1.98856E-07,7.50161E-07
SDS-Vision,EU,NLD,ROE,TUR,1.59529E-08,4.28038E-09,9.43402E-09,1.63058E-08,4.06505E-08,8.0194E-08,1.56799E-07,2.44653E-07
SDS-Vision,EU,NLD,ROE,UKR,5.92193E-09,1.37136E-08,1.36116E-08,1.47551E-08,1.97444E-08,2.79802E-08,4.1094E-08,6.8746E-08
SDS-Vision,EU,POL,ROE,CHE,6.18498E-07,9.08866E-08,3.62163E-07,0.6551667,0.869935107,1.093634475,1.511360641,1.699646107
SDS-Vision,EU,POL,ROE,SRB,2.30132E-08,3.24115E-08,2.27967E-08,3.77216E-08,1.25327E-07,2.94291E-07,6.71894E-07,0.01613255
SDS-Vision,EU,POL,ROE,TUR,1.71348E-08,4.27331E-09,9.96061E-09,1.965E-08,5.77386E-08,1.39201E-07,3.47539E-07,2.72068E-06
SDS-Vision,EU,POL,ROE,UKR,7.34119E-09,1.85478E-08,1.98208E-08,2.40747E-08,3.52814E-08,6.28913E-08,1.22962E-07,9.46468E-07
SDS-Vision,EU,ROM,ROE,CHE,1.84849E-08,1.19787E-07,0.033892297,6.75285E-06,1.24668E-07,9.32938E-08,7.34495E-08,5.88041E-08
SDS-Vision,EU,ROM,ROE,SRB,2.40596E-07,5.75657E-08,0.668430706,0.717345891,0.240581856,4.90263E-06,6.95042E-06,1.61637E-06
SDS-Vision,EU,ROM,ROE,TUR,1.03708E-07,1.78412E-08,3.3752E-08,1.312136748,4.322828263,6.076342261,6.614649359,8.058604737
SDS-Vision,EU,ROM,ROE,UKR,6.77973E-09,1.38187E-08,1.74348E-08,2.21603E-08,2.68637E-08,3.42795E-08,4.00217E-08,4.86762E-08
SDS-Vision,EU,SVK,ROE,CHE,0.024297972,3.55492E-08,1.20065E-07,9.2876E-07,2.69503E-07,1.17033E-07,9.11584E-08,8.14693E-08
SDS-Vision,EU,SVK,ROE,SRB,7.65812E-08,4.2769E-08,2.26319E-08,4.52632E-08,1.06001E-06,2.52621E-06,4.03519E-06,0.000947416
SDS-Vision,EU,SVK,ROE,TUR,2.71938E-08,4.15031E-09,8.92671E-09,1.77928E-08,6.23293E-08,1.2149E-07,2.19582E-07,2.16858E-07
SDS-Vision,EU,SVK,ROE,UKR,8.52732E-09,1.32091E-08,1.432E-08,1.79583E-08,2.22428E-08,2.85371E-08,3.73505E-08,5.72711E-08
SDS-Vision,ROE,BLR,EU,AUT,3.1887E-09,1.58191E-08,1.52442E-08,1.66475E-08,2.36256E-08,3.48502E-08,3.89786E-08,4.29816E-08
SDS-Vision,ROE,BLR,EU,BEL,3.71377E-09,1.27489E-08,1.39056E-08,1.88266E-08,2.53249E-08,3.39194E-08,3.58878E-08,3.89345E-08
SDS-Vision,ROE,BLR,EU,BGR,4.01695E-09,8.13696E-09,9.28243E-09,1.1705E-08,2.14245E-08,3.63958E-08,4.79269E-08,6.9437E-08
SDS-Vision,ROE,BLR,EU,CZE,3.25896E-09,1.94277E-08,1.58426E-08,1.77406E-08,2.41403E-08,3.76973E-08,3.9265E-08,4.26833E-08
SDS-Vision,ROE,BLR,EU,DEU,3.91556E-09,1.47023E-08,1.53161E-08,1.88749E-08,2.43023E-08,3.06704E-08,3.22911E-08,3.56265E-08
SDS-Vision,ROE,BLR,EU,DNK,2.88459E-09,9.47353E-09,1.30016E-08,2.00627E-08,2.9826E-08,3.47792E-08,3.93188E-08,4.33856E-08
SDS-Vision,ROE,BLR,EU,ESP,3.39267E-09,9.72311E-09,1.273E-08,1.72195E-08,2.59658E-08,3.77281E-08,4.3223E-08,5.11596E-08
SDS-Vision,ROE,BLR,EU,EST,3.45513E-07,8.85666E-08,0.022247026,0.034129929,0.056115156,0.054987796,0.069533425,0.073028638
SDS-Vision,ROE,BLR,EU,FIN,,1.19647E-07,8.77317E-08,1.29633E-07,1.77648E-07,2.71113E-07,3.1321E-07,2.06069E-07
SDS-Vision,ROE,BLR,EU,FRA,4.77087E-09,1.91555E-08,1.77953E-08,2.35906E-08,3.15575E-08,4.00639E-08,4.0532E-08,4.35083E-08
SDS-Vision,ROE,BLR,EU,GBR,3.56884E-09,9.51045E-09,1.05417E-08,1.36342E-08,1.82009E-08,2.39341E-08,2.72141E-08,3.51436E-08
SDS-Vision,ROE,BLR,EU,GRC,1.38067E-08,1.11875E-08,1.2417E-08,1.56869E-08,2.86893E-08,5.11407E-08,6.66852E-08,9.54019E-08
SDS-Vision,ROE,BLR,EU,HRV,3.81299E-09,1.402E-08,1.36473E-08,1.62236E-08,2.22673E-08,3.01834E-08,3.69015E-08,4.41964E-08
SDS-Vision,ROE,BLR,EU,HUN,3.5969E-09,1.8974E-08,1.43861E-08,1.58127E-08,2.23377E-08,3.37395E-08,4.18272E-08,5.78843E-08
SDS-Vision,ROE,BLR,EU,IRL,5.13564E-09,1.44808E-08,1.52001E-08,1.94349E-08,2.59971E-08,3.32214E-08,3.58746E-08,4.49863E-08
SDS-Vision,ROE,BLR,EU,ITA,4.21174E-09,1.28709E-08,1.54424E-08,1.91557E-08,2.53309E-08,3.10302E-08,3.66204E-08,4.06785E-08
SDS-Vision,ROE,BLR,EU,LTU,0.228166251,0.436414902,0.391091437,0.395856458,0.403437368,0.417904197,0.415289585,0.41674876
SDS-Vision,ROE,BLR,EU,LVA,2.31407E-07,8.32504E-08,0.124158771,0.152495505,0.178677702,0.198962907,0.216906861,0.235266298
SDS-Vision,ROE,BLR,EU,NLD,3.20695E-09,1.08309E-08,1.20256E-08,1.62327E-08,2.17645E-08,2.92422E-08,3.19051E-08,3.50719E-08
SDS-Vision,ROE,BLR,EU,POL,6.48014E-09,2.68942E-08,1.95723E-08,1.92815E-08,2.23023E-08,2.74248E-08,2.92835E-08,3.25108E-08
SDS-Vision,ROE,BLR,EU,PRT,3.30501E-09,1.05277E-08,1.42763E-08,1.75706E-08,3.05932E-08,3.66468E-08,4.31874E-08,5.15191E-08
SDS-Vision,ROE,BLR,EU,ROM,3.52022E-09,7.22081E-09,8.26178E-09,1.04549E-08,1.86662E-08,3.12272E-08,4.1078E-08,5.97465E-08
SDS-Vision,ROE,BLR,EU,SVK,2.87446E-09,1.74196E-08,1.35265E-08,1.52207E-08,2.0971E-08,3.14999E-08,3.86833E-08,4.84947E-08
SDS-Vision,ROE,BLR,EU,SVN,3.59943E-09,1.89719E-08,1.48816E-08,1.74231E-08,2.39208E-08,3.22982E-08,3.82426E-08,4.58411E-08
SDS-Vision,ROE,BLR,EU,SWE,8.30208E-09,2.35553E-08,3.16308E-08,4.73665E-08,7.05652E-08,8.98789E-08,1.02013E-07,1.00984E-07
SDS-Vision,ROE,SRB,EU,AUT,,,1.56719E-08,1.79134E-08,2.01438E-08,2.57913E-08,2.87557E-08,2.869E-08
SDS-Vision,ROE,SRB,EU,BEL,,,1.22839E-08,1.72865E-08,1.80373E-08,2.14912E-08,2.3653E-08,2.43079E-08
SDS-Vision,ROE,SRB,EU,BGR,,,2.30957E-08,2.83472E-08,3.81212E-08,5.7268E-08,7.73106E-08,9.0106E-08
SDS-Vision,ROE,SRB,EU,CZE,,,1.31316E-08,1.57571E-08,1.73236E-08,2.30675E-08,2.51469E-08,2.57811E-08
SDS-Vision,ROE,SRB,EU,DEU,,,1.27785E-08,1.66286E-08,1.70148E-08,1.96385E-08,2.15432E-08,2.2556E-08
SDS-Vision,ROE,SRB,EU,DNK,,,1.09409E-08,1.70286E-08,2.02696E-08,2.18548E-08,2.50212E-08,2.59247E-08
SDS-Vision,ROE,SRB,EU,ESP,,,1.25545E-08,1.75958E-08,2.07059E-08,2.60486E-08,2.9886E-08,3.16962E-08
SDS-Vision,ROE,SRB,EU,EST,,,1.02429E-08,1.3295E-08,1.52222E-08,1.78132E-08,2.03117E-08,2.15297E-08
SDS-Vision,ROE,SRB,EU,FIN,,,1.31652E-08,1.76845E-08,1.97228E-08,2.31812E-08,2.56225E-08,2.51745E-08
SDS-Vision,ROE,SRB,EU,FRA,,,1.72675E-08,2.44078E-08,2.25723E-08,2.53589E-08,2.69679E-08,2.70241E-08
SDS-Vision,ROE,SRB,EU,GBR,,,9.58081E-09,1.28018E-08,1.42134E-08,1.72337E-08,1.97083E-08,2.299E-08
SDS-Vision,ROE,SRB,EU,GRC,,,3.28177E-08,3.99684E-08,5.22575E-08,8.08498E-08,1.0741E-07,1.18505E-07
SDS-Vision,ROE,SRB,EU,HRV,,,1.49284E-08,1.88128E-08,2.06828E-08,2.49817E-08,2.95649E-08,3.09197E-08
SDS-Vision,ROE,SRB,EU,HUN,,,1.6093E-08,1.89605E-08,2.1881E-08,2.88837E-08,3.4347E-08,3.86126E-08
SDS-Vision,ROE,SRB,EU,IRL,,,1.34374E-08,1.79501E-08,1.89599E-08,2.19726E-08,2.42642E-08,2.73011E-08
SDS-Vision,ROE,SRB,EU,ITA,,,2.1352E-08,2.7531E-08,2.31569E-08,2.51839E-08,2.93816E-08,2.91225E-08
SDS-Vision,ROE,SRB,EU,LTU,,,1.06338E-08,1.35252E-08,1.47697E-08,1.74295E-08,1.99194E-08,2.15904E-08
SDS-Vision,ROE,SRB,EU,LVA,,,1.01933E-08,1.33627E-08,1.49599E-08,1.76696E-08,2.03093E-08,2.20115E-08
SDS-Vision,ROE,SRB,EU,NLD,,,1.06685E-08,1.4893E-08,1.60528E-08,1.94321E-08,2.17621E-08,2.26729E-08
SDS-Vision,ROE,SRB,EU,POL,,,1.11189E-08,1.26113E-08,1.31039E-08,1.52933E-08,1.73879E-08,1.88074E-08
SDS-Vision,ROE,SRB,EU,PRT,,,1.41942E-08,1.80309E-08,2.33761E-08,2.55801E-08,3.0218E-08,3.21307E-08
SDS-Vision,ROE,SRB,EU,ROM,,,1.43779E-08,1.76558E-08,2.31971E-08,3.39856E-08,4.54195E-08,5.39976E-08
SDS-Vision,ROE,SRB,EU,SVK,,,1.21684E-08,1.45551E-08,1.65317E-08,2.17616E-08,2.6156E-08,2.8896E-08
SDS-Vision,ROE,SRB,EU,SVN,,,1.64949E-08,2.04555E-08,2.19065E-08,2.60361E-08,3.02455E-08,3.14838E-08
SDS-Vision,ROE,SRB,EU,SWE,,,2.68774E-08,4.04274E-08,4.75263E-08,5.4893E-08,6.56295E-08,5.64109E-08
SDS-Vision,ROE,TUR,EU,AUT,,1.51014E-07,5.46183E-08,4.47892E-08,3.53438E-08,2.78528E-08,2.40434E-08,2.50774E-08
SDS-Vision,ROE,TUR,EU,BEL,,1.98849E-08,2.51485E-08,3.77037E-08,2.79185E-08,2.26372E-08,2.06013E-08,2.17914E-08
SDS-Vision,ROE,TUR,EU,BGR,,0.030388913,1.41488E-07,1.67494E-07,1.83499E-07,6.24608E-08,4.74764E-08,5.63591E-08
SDS-Vision,ROE,TUR,EU,CZE,,4.90733E-08,3.01953E-08,3.12271E-08,2.66072E-08,2.44174E-08,2.15581E-08,2.28557E-08
SDS-Vision,ROE,TUR,EU,DEU,,2.30615E-08,2.88929E-08,3.66944E-08,2.59601E-08,2.05329E-08,1.89232E-08,2.03368E-08
SDS-Vision,ROE,TUR,EU,DNK,,1.21219E-08,1.86237E-08,3.03079E-08,3.01325E-08,2.29356E-08,2.17384E-08,2.32402E-08
SDS-Vision,ROE,TUR,EU,ESP,,1.46047E-08,2.20398E-08,3.12105E-08,3.06502E-08,2.76195E-08,2.58041E-08,2.80583E-08
SDS-Vision,ROE,TUR,EU,EST,,1.04747E-08,1.60563E-08,2.08415E-08,2.10854E-08,1.8889E-08,1.81231E-08,1.97212E-08
SDS-Vision,ROE,TUR,EU,FIN,,1.69883E-08,2.07143E-08,2.8152E-08,2.78974E-08,2.46146E-08,2.25552E-08,2.29254E-08
SDS-Vision,ROE,TUR,EU,FRA,,7.42479E-08,6.36445E-08,1.17486E-07,4.10814E-08,2.71385E-08,2.31391E-08,2.39813E-08
SDS-Vision,ROE,TUR,EU,GBR,,1.25113E-08,1.52432E-08,2.02718E-08,1.92764E-08,1.78449E-08,1.75773E-08,2.07466E-08
SDS-Vision,ROE,TUR,EU,GRC,1.58423E-08,0.040330638,0.035476424,0.064768202,0.039139935,9.5955E-08,6.39978E-08,7.29493E-08
SDS-Vision,ROE,TUR,EU,HRV,,3.40842E-08,4.05211E-08,4.8056E-08,3.73815E-08,2.69924E-08,2.45223E-08,2.6739E-08
SDS-Vision,ROE,TUR,EU,HUN,,8.14582E-08,4.77732E-08,4.81628E-08,4.22193E-08,3.14596E-08,2.76108E-08,3.23972E-08
SDS-Vision,ROE,TUR,EU,IRL,,2.07386E-08,2.47864E-08,3.29766E-08,2.8171E-08,2.31414E-08,2.12108E-08,2.43117E-08
SDS-Vision,ROE,TUR,EU,ITA,,0.126371364,0.209097318,0.154926843,4.62736E-08,2.71867E-08,2.48765E-08,2.56084E-08
SDS-Vision,ROE,TUR,EU,LTU,,1.1186E-08,1.72672E-08,2.13321E-08,2.00256E-08,1.81359E-08,1.7823E-08,1.97147E-08
SDS-Vision,ROE,TUR,EU,LVA,,9.82108E-09,1.58503E-08,2.07341E-08,2.03676E-08,1.84875E-08,1.81497E-08,2.00921E-08
SDS-Vision,ROE,TUR,EU,NLD,,1.5151E-08,1.91406E-08,2.76548E-08,2.3372E-08,2.03144E-08,1.9147E-08,2.04614E-08
SDS-Vision,ROE,TUR,EU,POL,,2.07702E-08,1.99873E-08,2.0163E-08,1.75983E-08,1.58509E-08,1.56192E-08,1.72307E-08
SDS-Vision,ROE,TUR,EU,PRT,,1.63941E-08,2.67851E-08,3.18814E-08,3.76646E-08,2.74664E-08,2.61054E-08,2.85211E-08
SDS-Vision,ROE,TUR,EU,ROM,,3.42714E-08,3.37849E-08,3.97532E-08,4.58723E-08,3.67687E-08,3.36671E-08,4.05798E-08
SDS-Vision,ROE,TUR,EU,SVK,,4.65499E-08,2.60149E-08,2.72269E-08,2.50841E-08,2.29717E-08,2.22256E-08,2.52593E-08
SDS-Vision,ROE,TUR,EU,SVN,,0.013794232,5.76074E-08,6.55014E-08,4.27267E-08,2.85801E-08,2.49737E-08,2.7203E-08
SDS-Vision,ROE,TUR,EU,SWE,,3.11038E-08,4.80761E-08,7.46293E-08,7.2674E-08,5.90786E-08,5.66212E-08,4.99377E-08
SDS-Vision,ROE,UKR,EU,AUT,1.007149836,1.17244E-07,0.878526089,1.566150511,1.315414987,0.396006488,5.02611E-07,1.46005E-07
SDS-Vision,ROE,UKR,EU,BEL,4.19876E-08,2.15179E-08,5.04758E-08,1.66834E-07,1.64455E-07,1.26148E-07,1.02869E-07,7.54998E-08
SDS-Vision,ROE,UKR,EU,BGR,0.125169947,1.45511E-08,2.68466E-08,4.40265E-08,3.43306E-07,0.23131697,0.292857453,0.56744691
SDS-Vision,ROE,UKR,EU,CZE,1.184016829,5.3572E-07,1.83761628,2.254555034,1.676688867,0.806157823,4.06558E-07,1.3608E-07
SDS-Vision,ROE,UKR,EU,DEU,1.039013471,3.02259E-08,1.15757E-07,1.08458E-06,2.4939E-07,1.1005E-07,8.66866E-08,6.70028E-08
SDS-Vision,ROE,UKR,EU,DNK,1.66291E-08,1.38368E-08,3.14627E-08,7.68868E-08,1.04358E-07,9.67201E-08,1.11329E-07,8.64708E-08
SDS-Vision,ROE,UKR,EU,ESP,1.17081E-08,1.2692E-08,2.42012E-08,3.78131E-08,5.95339E-08,8.59965E-08,1.01513E-07,1.01148E-07
SDS-Vision,ROE,UKR,EU,EST,,1.63997E-08,5.15836E-08,2.78508E-07,2.02634E-07,1.04729E-07,8.7168E-08,6.76149E-08
SDS-Vision,ROE,UKR,EU,FIN,,2.77012E-08,5.01892E-08,1.0085E-07,1.22465E-07,1.16667E-07,1.04866E-07,7.38463E-08
SDS-Vision,ROE,UKR,EU,FRA,1.37738E-07,4.28502E-08,9.46397E-08,4.11214E-07,3.38797E-07,1.84198E-07,1.27549E-07,9.07114E-08
SDS-Vision,ROE,UKR,EU,GBR,1.94119E-08,1.33174E-08,2.16625E-08,3.47075E-08,4.20295E-08,4.6029E-08,5.06103E-08,5.98495E-08
SDS-Vision,ROE,UKR,EU,GRC,0.190080162,2.19822E-08,4.22727E-08,7.06531E-08,6.47611E-07,0.390306297,0.409827443,0.671039511
SDS-Vision,ROE,UKR,EU,HRV,8.17723E-08,3.76538E-08,9.1215E-08,2.1493E-07,2.22134E-07,1.69452E-07,1.98079E-07,1.42139E-07
SDS-Vision,ROE,UKR,EU,HUN,1.025727781,3.98932E-07,2.466790475,2.390578709,2.438522699,1.819011739,1.512368376,1.06265E-06
SDS-Vision,ROE,UKR,EU,IRL,3.68631E-08,2.22575E-08,3.80592E-08,6.26005E-08,7.32941E-08,7.4479E-08,7.75329E-08,8.4245E-08
SDS-Vision,ROE,UKR,EU,ITA,0.750237485,2.93767E-08,1.00833E-07,2.8491E-07,2.25534E-07,1.20359E-07,1.37034E-07,9.70587E-08
SDS-Vision,ROE,UKR,EU,LTU,,1.9253E-08,7.15994E-08,1.17529E-06,1.69889E-07,9.63672E-08,8.18713E-08,6.56424E-08
SDS-Vision,ROE,UKR,EU,LVA,,1.54231E-08,5.11772E-08,2.06315E-07,1.64084E-07,9.58624E-08,8.33482E-08,6.76726E-08
SDS-Vision,ROE,UKR,EU,NLD,2.51971E-08,1.68032E-08,3.41639E-08,8.70709E-08,9.28391E-08,8.33928E-08,7.72032E-08,6.26756E-08
SDS-Vision,ROE,UKR,EU,POL,1.039334173,1.02898E-07,3.65105E-07,6.1724E-07,1.36365E-07,7.78533E-08,6.67524E-08,5.44134E-08
SDS-Vision,ROE,UKR,EU,PRT,1.07473E-08,1.40031E-08,2.89661E-08,3.74359E-08,8.39895E-08,7.4694E-08,9.55028E-08,9.67302E-08
SDS-Vision,ROE,UKR,EU,ROM,0.09290819,1.22664E-08,2.22204E-08,3.66577E-08,2.482E-07,0.2099449,0.330860224,0.797849799
SDS-Vision,ROE,UKR,EU,SVK,0.821515098,1.264585286,2.001853954,2.156798925,1.895237345,1.436991217,1.030178428,4.35113E-07
SDS-Vision,ROE,UKR,EU,SVN,0.110436102,1.4627E-07,1.63811E-07,5.45106E-07,4.72896E-07,2.50193E-07,2.776E-07,1.7087E-07
SDS-Vision,ROE,UKR,EU,SWE,3.90144E-08,3.53512E-08,8.33744E-08,1.99185E-07,2.60458E-07,2.53154E-07,2.89221E-07,2.11257E-07
SDS-Vision,CAS,AZE,EU,AUT,,1.7428E-07,5.96471E-08,4.94876E-08,3.66379E-08,2.82753E-08,2.4515E-08,2.54524E-08
SDS-Vision,CAS,AZE,EU,BEL,,2.08544E-08,2.6415E-08,4.07308E-08,2.8825E-08,2.29614E-08,2.09642E-08,2.2095E-08
SDS-Vision,CAS,AZE,EU,BGR,,0.112183033,1.58983E-07,1.9641E-07,1.89034E-07,6.31187E-08,4.85168E-08,5.75716E-08
SDS-Vision,CAS,AZE,EU,CZE,,5.39462E-08,3.21642E-08,3.44665E-08,2.75699E-08,2.47959E-08,2.19495E-08,2.31942E-08
SDS-Vision,CAS,AZE,EU,DEU,,2.44679E-08,3.07252E-08,3.99294E-08,2.6802E-08,2.08331E-08,1.92546E-08,2.06116E-08
SDS-Vision,CAS,AZE,EU,DNK,,1.25452E-08,1.93058E-08,3.17657E-08,3.07858E-08,2.31688E-08,2.20185E-08,2.35194E-08
SDS-Vision,CAS,AZE,EU,ESP,,1.50811E-08,2.29334E-08,3.28558E-08,3.15383E-08,2.80213E-08,2.62931E-08,2.84994E-08
SDS-Vision,CAS,AZE,EU,EST,,1.06662E-08,1.62818E-08,2.12583E-08,2.12972E-08,1.89806E-08,1.82249E-08,1.9821E-08
SDS-Vision,CAS,AZE,EU,FIN,,1.73938E-08,2.11624E-08,2.89619E-08,2.82874E-08,2.47935E-08,2.27692E-08,2.31144E-08
SDS-Vision,CAS,AZE,EU,FRA,,8.23961E-08,7.07504E-08,1.35037E-07,4.29761E-08,2.76103E-08,2.36277E-08,2.4362E-08
SDS-Vision,CAS,AZE,EU,GBR,,1.2937E-08,1.57612E-08,2.12461E-08,1.97586E-08,1.80817E-08,1.78657E-08,2.10439E-08
SDS-Vision,CAS,AZE,EU,GRC,,0.420660167,0.691424771,0.482257979,0.055303921,9.68463E-08,6.55252E-08,7.46146E-08
SDS-Vision,CAS,AZE,EU,HRV,,3.58814E-08,4.29371E-08,5.19094E-08,3.8585E-08,2.73161E-08,2.48895E-08,2.70715E-08
SDS-Vision,CAS,AZE,EU,HUN,,8.87319E-08,5.16847E-08,5.32868E-08,4.36837E-08,3.1893E-08,2.81283E-08,3.28839E-08
SDS-Vision,CAS,AZE,EU,IRL,,2.15515E-08,2.57261E-08,3.46047E-08,2.88662E-08,2.34047E-08,2.14886E-08,2.45857E-08
SDS-Vision,CAS,AZE,EU,ITA,,1.334959619,2.911610266,0.212004176,4.96965E-08,2.77493E-08,2.5515E-08,2.60557E-08
SDS-Vision,CAS,AZE,EU,LTU,,1.14476E-08,1.77095E-08,2.21775E-08,2.03945E-08,1.83008E-08,1.80088E-08,1.98971E-08
SDS-Vision,CAS,AZE,EU,LVA,,1.00539E-08,1.61968E-08,2.13856E-08,2.0676E-08,1.86276E-08,1.83107E-08,2.0258E-08
SDS-Vision,CAS,AZE,EU,NLD,,1.5766E-08,1.99536E-08,2.9545E-08,2.40603E-08,2.05982E-08,1.94758E-08,2.07391E-08
SDS-Vision,CAS,AZE,EU,POL,,2.18313E-08,2.09194E-08,2.13693E-08,1.7978E-08,1.60145E-08,1.5804E-08,1.73966E-08
SDS-Vision,CAS,AZE,EU,PRT,,1.69263E-08,2.76375E-08,3.30735E-08,3.83803E-08,2.77224E-08,2.64212E-08,2.88438E-08
SDS-Vision,CAS,AZE,EU,ROM,,3.65422E-08,3.62273E-08,4.38872E-08,4.75849E-08,3.71593E-08,3.42729E-08,4.12892E-08
SDS-Vision,CAS,AZE,EU,SVK,,5.3192E-08,2.78472E-08,2.98584E-08,2.59405E-08,2.33441E-08,2.26416E-08,2.56189E-08
SDS-Vision,CAS,AZE,EU,SVN,,0.015313108,6.11266E-08,7.02782E-08,4.39633E-08,2.88714E-08,2.52738E-08,2.74969E-08
SDS-Vision,CAS,AZE,EU,SWE,,3.19701E-08,4.94664E-08,7.74723E-08,7.39457E-08,5.95562E-08,5.72072E-08,5.05475E-08
SDS-Vision,CAS,AZE,ROE,CHE,,0.065618514,0.077187107,6.63442E-06,5.60866E-08,3.10242E-08,2.55783E-08,2.59397E-08
SDS-Vision,CAS,AZE,ROE,SRB,,4.31025E-08,3.24768E-07,4.74744E-07,4.25495E-07,9.67851E-08,6.1639E-08,7.24247E-08
SDS-Vision,CAS,AZE,ROE,TUR,,12.4708421,10.84423047,12.8334484,11.90834059,10.62197135,10.05918381,9.847783833
SDS-Vision,CAS,AZE,ROE,UKR,,1.34222E-08,1.34084E-08,1.59028E-08,1.73724E-08,1.73605E-08,1.80389E-08,2.23056E-08
SDS-Vision,CAS,KAZ,RUS,RUS,2.63691E-09,9.90733E-09,9.02966E-09,6.85904E-09,6.27408E-09,6.91815E-09,7.57599E-09,7.8588E-09
SDS-Vision,CAS,KAZ,EU,AUT,1.004638585,1.6268E-07,1.57933E-08,1.08647E-08,8.33284E-09,8.25741E-09,8.14741E-09,7.88139E-09
SDS-Vision,CAS,KAZ,EU,BEL,4.19881E-08,2.04943E-08,1.24525E-08,1.0867E-08,8.28956E-09,8.02732E-09,7.87426E-09,7.64589E-09
SDS-Vision,CAS,KAZ,EU,BGR,0.124945575,0.054273005,2.02857E-08,1.09966E-08,9.19781E-09,9.3418E-09,9.37509E-09,9.22322E-09
SDS-Vision,CAS,KAZ,EU,CZE,1.168528853,5.19744E-08,1.32483E-08,1.06491E-08,8.11072E-09,8.185E-09,7.98881E-09,7.75401E-09
SDS-Vision,CAS,KAZ,EU,DEU,1.022455896,2.3928E-08,1.29527E-08,1.06616E-08,8.02556E-09,7.71728E-09,7.60353E-09,7.44605E-09
SDS-Vision,CAS,KAZ,EU,DNK,1.66292E-08,1.23918E-08,1.10611E-08,1.15566E-08,9.31586E-09,8.34836E-09,8.13256E-09,7.85566E-09
SDS-Vision,CAS,KAZ,EU,ESP,1.17082E-08,1.4911E-08,1.27297E-08,1.129E-08,9.99656E-09,9.13939E-09,8.92625E-09,8.60093E-09
SDS-Vision,CAS,KAZ,EU,EST,,1.05987E-08,1.02792E-08,1.05675E-08,8.32494E-09,8.01424E-09,7.9111E-09,7.68308E-09
SDS-Vision,CAS,KAZ,EU,FIN,,1.72501E-08,1.32274E-08,1.36518E-08,9.97542E-09,9.34828E-09,8.93587E-09,8.36433E-09
SDS-Vision,CAS,KAZ,EU,FRA,1.3774E-07,7.92111E-08,1.76561E-08,1.27523E-08,9.07523E-09,8.46951E-09,8.17296E-09,7.87459E-09
SDS-Vision,CAS,KAZ,EU,GBR,1.94121E-08,1.27828E-08,9.68167E-09,9.00547E-09,7.44078E-09,7.40078E-09,7.4281E-09,7.55036E-09
SDS-Vision,CAS,KAZ,EU,GRC,0.189999938,0.071252269,3.88252E-08,1.54624E-08,1.06836E-08,1.04213E-08,1.01524E-08,9.7395E-09
SDS-Vision,CAS,KAZ,EU,HRV,8.17738E-08,3.52006E-08,1.48847E-08,1.09176E-08,8.26989E-09,8.06138E-09,8.12713E-09,7.97448E-09
SDS-Vision,CAS,KAZ,EU,HUN,1.030886382,8.57956E-08,1.56471E-08,1.07958E-08,8.30798E-09,8.32129E-09,8.36692E-09,8.35707E-09
SDS-Vision,CAS,KAZ,EU,IRL,3.68635E-08,2.1261E-08,1.36185E-08,1.14894E-08,8.68194E-09,8.25847E-09,8.05201E-09,7.98907E-09
SDS-Vision,CAS,KAZ,EU,ITA,0.751274864,0.292604515,2.20118E-08,1.23071E-08,8.69282E-09,8.15706E-09,8.14705E-09,7.88641E-09
SDS-Vision,CAS,KAZ,EU,LTU,,1.13535E-08,1.06865E-08,1.06489E-08,8.1503E-09,7.91626E-09,7.87719E-09,7.75834E-09
SDS-Vision,CAS,KAZ,EU,LVA,,9.97105E-09,1.02382E-08,1.05989E-08,8.24742E-09,7.99625E-09,7.95298E-09,7.81656E-09
SDS-Vision,CAS,KAZ,EU,NLD,2.51976E-08,1.55394E-08,1.07941E-08,9.91571E-09,7.85278E-09,7.72955E-09,7.66292E-09,7.4835E-09
SDS-Vision,CAS,KAZ,EU,POL,1.031229955,2.14316E-08,1.11907E-08,9.83107E-09,7.338E-09,7.14928E-09,7.15497E-09,7.08229E-09
SDS-Vision,CAS,KAZ,EU,PRT,1.07474E-08,1.67388E-08,1.44007E-08,1.15275E-08,1.02007E-08,9.14338E-09,8.98535E-09,8.65098E-09
SDS-Vision,CAS,KAZ,EU,ROM,0.092659361,3.56409E-08,1.34802E-08,9.23224E-09,8.17023E-09,8.52285E-09,8.70198E-09,8.68983E-09
SDS-Vision,CAS,KAZ,EU,SVK,0.811167987,5.04056E-08,1.22417E-08,1.00749E-08,7.85381E-09,7.95696E-09,8.04181E-09,7.96906E-09
SDS-Vision,CAS,KAZ,EU,SVN,0.110431079,0.014682888,1.6477E-08,1.1431E-08,8.46156E-09,8.16699E-09,8.15917E-09,7.99578E-09
SDS-Vision,CAS,KAZ,EU,SWE,3.90147E-08,3.1656E-08,2.71494E-08,2.71509E-08,2.10967E-08,1.94108E-08,1.85555E-08,1.53E-08
SDS-Vision,CAS,KAZ,ROE,CHE,0.268637263,0.042233355,2.54059E-08,1.41115E-08,9.37871E-09,8.64486E-09,8.30652E-09,7.96863E-09
SDS-Vision,CAS,KAZ,ROE,SRB,0.116693919,4.26279E-08,3.30662E-08,1.51351E-08,1.10875E-08,1.03493E-08,9.98334E-09,9.73964E-09
SDS-Vision,CAS,KAZ,ROE,TUR,2.48623E-07,0.269282758,3.58529E-08,1.7942E-08,1.36145E-08,1.34616E-08,1.36378E-08,1.44537E-08
SDS-Vision,CAS,KAZ,ROE,UKR,7.541586502,1.32745E-08,8.47781E-09,9.78208E-09,7.71917E-09,7.85269E-09,7.97688E-09,8.10272E-09
SDS-Vision,CAS,KAZ,ASP,CHN,9.569955863,23.64251522,25.27932134,25.42294101,25.02025039,24.84086255,24.7352256,25.12290538
SDS-Vision,CAS,KAZ,ASP,KOR,,,2.35272E-08,2.88307E-08,2.72181E-08,2.85174E-08,3.15675E-08,3.23744E-08
SDS-Vision,CAS,TKM,RUS,RUS,2.63682E-09,9.9279E-09,9.49326E-09,6.95339E-09,6.36059E-09,7.02969E-09,7.68426E-09,7.98788E-09
SDS-Vision,CAS,TKM,EU,AUT,0.989335128,1.7326E-07,4.56155E-08,1.38159E-08,9.85671E-09,9.7293E-09,9.16454E-09,8.84287E-09
SDS-Vision,CAS,TKM,EU,BEL,4.19855E-08,2.0831E-08,2.35784E-08,1.36557E-08,9.63615E-09,9.28182E-09,8.76061E-09,8.50856E-09
SDS-Vision,CAS,TKM,EU,BGR,0.1247594,0.09629209,8.99715E-08,1.72617E-08,1.24109E-08,1.22362E-08,1.14918E-08,1.11914E-08
SDS-Vision,CAS,TKM,EU,CZE,1.148162355,5.38021E-08,2.76633E-08,1.28048E-08,9.31776E-09,9.44027E-09,8.8651E-09,8.61673E-09
SDS-Vision,CAS,TKM,EU,DEU,1.01037116,2.44316E-08,2.66404E-08,1.32259E-08,9.26813E-09,8.86164E-09,8.41996E-09,8.25802E-09
SDS-Vision,CAS,TKM,EU,DNK,1.66287E-08,1.25353E-08,1.78481E-08,1.3987E-08,1.08322E-08,9.62711E-09,9.05639E-09,8.75562E-09
SDS-Vision,CAS,TKM,EU,ESP,1.17079E-08,1.50706E-08,2.11242E-08,1.42187E-08,1.16843E-08,1.07205E-08,1.00558E-08,9.68928E-09
SDS-Vision,CAS,TKM,EU,EST,,1.06617E-08,1.54151E-08,1.17657E-08,9.26651E-09,8.97694E-09,8.63438E-09,8.42979E-09
SDS-Vision,CAS,TKM,EU,FIN,,1.73845E-08,1.9974E-08,1.5424E-08,1.12555E-08,1.06113E-08,9.83549E-09,9.22799E-09
SDS-Vision,CAS,TKM,EU,FRA,1.37726E-07,8.2181E-08,5.45495E-08,1.74861E-08,1.07945E-08,9.91912E-09,9.15815E-09,8.80955E-09
SDS-Vision,CAS,TKM,EU,GBR,1.94114E-08,1.29274E-08,1.47412E-08,1.07695E-08,8.48708E-09,8.44139E-09,8.20583E-09,8.3858E-09
SDS-Vision,CAS,TKM,EU,GRC,0.189817769,0.225471313,2.03275E-07,2.61687E-08,1.5048E-08,1.41468E-08,1.2713E-08,1.19993E-08
SDS-Vision,CAS,TKM,EU,HRV,8.17688E-08,3.58332E-08,3.60821E-08,1.41718E-08,9.88789E-09,9.55686E-09,9.19471E-09,9.00143E-09
SDS-Vision,CAS,TKM,EU,HUN,1.014519991,8.85134E-08,4.13429E-08,1.40283E-08,1.00292E-08,1.0003E-08,9.54523E-09,9.52585E-09
SDS-Vision,CAS,TKM,EU,IRL,3.68622E-08,2.15331E-08,2.3676E-08,1.43801E-08,1.01224E-08,9.57029E-09,8.97319E-09,8.93283E-09
SDS-Vision,CAS,TKM,EU,ITA,0.745590755,0.933597522,2.52015E-07,1.84435E-08,1.05697E-08,9.67618E-09,9.25079E-09,8.91219E-09
SDS-Vision,CAS,TKM,EU,LTU,,1.14414E-08,1.65462E-08,1.19124E-08,9.03444E-09,8.82844E-09,8.57647E-09,8.50166E-09
SDS-Vision,CAS,TKM,EU,LVA,,1.00486E-08,1.52635E-08,1.1816E-08,9.15306E-09,8.93191E-09,8.66889E-09,8.57403E-09
SDS-Vision,CAS,TKM,EU,NLD,2.5196E-08,1.57514E-08,1.82365E-08,1.21369E-08,9.0411E-09,8.87968E-09,8.49581E-09,8.30546E-09
SDS-Vision,CAS,TKM,EU,POL,1.018708121,2.18044E-08,1.89998E-08,1.1048E-08,8.10445E-09,7.93417E-09,7.75873E-09,7.72738E-09
SDS-Vision,CAS,TKM,EU,PRT,1.07472E-08,1.69146E-08,2.54457E-08,1.45635E-08,1.19652E-08,1.07328E-08,1.01331E-08,9.75456E-09
SDS-Vision,CAS,TKM,EU,ROM,0.092491843,3.64788E-08,3.01181E-08,1.27984E-08,1.02005E-08,1.04984E-08,1.01945E-08,1.01577E-08
SDS-Vision,CAS,TKM,EU,SVK,0.798890118,5.29903E-08,2.41126E-08,1.1923E-08,8.98064E-09,9.14584E-09,8.93247E-09,8.88754E-09
SDS-Vision,CAS,TKM,EU,SVN,0.110327936,0.015225121,4.88117E-08,1.50781E-08,1.01649E-08,9.70852E-09,9.2388E-09,9.02957E-09
SDS-Vision,CAS,TKM,EU,SWE,3.90135E-08,3.19499E-08,4.57296E-08,3.30243E-08,2.48793E-08,2.28674E-08,2.11899E-08,1.71577E-08
SDS-Vision,CAS,TKM,ROE,CHE,0.268239134,0.060965318,2.03602E-07,2.08518E-08,1.13413E-08,1.02236E-08,9.36425E-09,8.95458E-09
SDS-Vision,CAS,TKM,ROE,SRB,0.116558048,4.30702E-08,1.78358E-07,2.74656E-08,1.58122E-08,1.38811E-08,1.23303E-08,1.18786E-08
SDS-Vision,CAS,TKM,ROE,TUR,3.793281672,1.378476558,0.455123948,4.15126E-08,2.65248E-08,2.44906E-08,2.23691E-08,2.84762E-08
SDS-Vision,CAS,TKM,ROE,UKR,6.159303995,1.34124E-08,1.25634E-08,1.04211E-08,8.20574E-09,8.4068E-09,8.42266E-09,8.65235E-09
SDS-Vision,CAS,TKM,MEA,ARE,,,2.61643E-08,1.78382E-08,1.49008E-08,1.4443E-08,1.64666E-08,1.50787E-08
SDS-Vision,CAS,TKM,MEA,IRN,4.023256647,5.194638409,2.022838164,1.569995738,1.014733632,2.20664E-07,1.52754E-07,4.20302E-08
SDS-Vision,CAS,TKM,MEA,OMN,,,1.70292E-08,1.39296E-08,1.46104E-08,1.72033E-08,2.15476E-08,1.89312E-08
SDS-Vision,CAS,TKM,ASP,BGD,,,2.0828E-09,4.49417E-09,2.75104E-09,5.06397E-09,5.67768E-09,5.42381E-09
SDS-Vision,CAS,TKM,ASP,CHN,8.002789693,20.60415294,21.3366302,21.4613523,21.258015,21.70026435,21.69526063,22.41288092
SDS-Vision,CAS,TKM,ASP,IND,,,3.299045218,5.156190408,4.767325359,3.871542513,3.89379983,3.925152557
SDS-Vision,CAS,TKM,ASP,KOR,,,2.35269E-08,2.88303E-08,2.72178E-08,2.85171E-08,3.15671E-08,3.23742E-08
SDS-Vision,CAS,TKM,ASP,PAK,,7.92292E-08,2.771400525,3.100608505,2.71546102,2.057492009,2.034826625,2.002899019
SDS-Vision,CAS,UZB,RUS,RUS,2.63681E-09,9.90716E-09,9.0294E-09,6.85891E-09,6.27394E-09,6.91799E-09,7.5758E-09,7.85864E-09
SDS-Vision,CAS,UZB,EU,AUT,0.993342405,1.62664E-07,1.57926E-08,1.08644E-08,8.33262E-09,8.2572E-09,8.14718E-09,7.88123E-09
SDS-Vision,CAS,UZB,EU,BEL,4.19861E-08,2.04937E-08,1.24521E-08,1.08667E-08,8.28935E-09,8.02711E-09,7.87405E-09,7.64573E-09
SDS-Vision,CAS,UZB,EU,BGR,0.124793405,0.054196628,2.02847E-08,1.09963E-08,9.19755E-09,9.34153E-09,9.3748E-09,9.223E-09
SDS-Vision,CAS,UZB,EU,CZE,1.154446933,5.19716E-08,1.32477E-08,1.06488E-08,8.1105E-09,8.18478E-09,7.98859E-09,7.75386E-09
SDS-Vision,CAS,UZB,EU,DEU,1.014733116,2.39272E-08,1.29522E-08,1.06613E-08,8.02535E-09,7.71708E-09,7.60333E-09,7.4459E-09
SDS-Vision,CAS,UZB,EU,DNK,1.66288E-08,1.23915E-08,1.10608E-08,1.15563E-08,9.31563E-09,8.34815E-09,8.13234E-09,7.85551E-09
SDS-Vision,CAS,UZB,EU,ESP,1.1708E-08,1.49107E-08,1.27293E-08,1.12897E-08,9.99631E-09,9.13913E-09,8.92598E-09,8.60074E-09
SDS-Vision,CAS,UZB,EU,EST,,1.05986E-08,1.0279E-08,1.05673E-08,8.32478E-09,8.0141E-09,7.91095E-09,7.68297E-09
SDS-Vision,CAS,UZB,EU,FIN,,1.72498E-08,1.32272E-08,1.36516E-08,9.9752E-09,9.34806E-09,8.93565E-09,8.36418E-09
SDS-Vision,CAS,UZB,EU,FRA,1.3773E-07,7.92065E-08,1.76552E-08,1.27519E-08,9.07497E-09,8.46928E-09,8.17272E-09,7.87443E-09
SDS-Vision,CAS,UZB,EU,GBR,1.94116E-08,1.27826E-08,9.68141E-09,9.00527E-09,7.4406E-09,7.4006E-09,7.42791E-09,7.55021E-09
SDS-Vision,CAS,UZB,EU,GRC,0.189812921,0.071124689,3.88228E-08,1.54618E-08,1.06832E-08,1.04209E-08,1.0152E-08,9.73925E-09
SDS-Vision,CAS,UZB,EU,HRV,8.177E-08,3.51996E-08,1.48841E-08,1.09173E-08,8.26968E-09,8.06118E-09,8.12692E-09,7.97433E-09
SDS-Vision,CAS,UZB,EU,HUN,1.018139656,8.57913E-08,1.56464E-08,1.07955E-08,8.30776E-09,8.32107E-09,8.36669E-09,8.3569E-09
SDS-Vision,CAS,UZB,EU,IRL,3.68625E-08,2.12606E-08,1.36181E-08,1.14891E-08,8.68171E-09,8.25827E-09,8.0518E-09,7.98892E-09
SDS-Vision,CAS,UZB,EU,ITA,0.74692935,0.292009386,2.20103E-08,1.23067E-08,8.69257E-09,8.15684E-09,8.14682E-09,7.88625E-09
SDS-Vision,CAS,UZB,EU,LTU,,1.13534E-08,1.06862E-08,1.06486E-08,8.15012E-09,7.91608E-09,7.877E-09,7.75821E-09
SDS-Vision,CAS,UZB,EU,LVA,,9.97092E-09,1.0238E-08,1.05987E-08,8.24725E-09,7.99607E-09,7.9528E-09,7.81642E-09
SDS-Vision,CAS,UZB,EU,NLD,2.51964E-08,1.55391E-08,1.07938E-08,9.91546E-09,7.85258E-09,7.72935E-09,7.66272E-09,7.48335E-09
SDS-Vision,CAS,UZB,EU,POL,1.022344971,2.14311E-08,1.11903E-08,9.8308E-09,7.33782E-09,7.14912E-09,7.1548E-09,7.08217E-09
SDS-Vision,CAS,UZB,EU,PRT,1.07473E-08,1.67385E-08,1.44003E-08,1.15273E-08,1.02004E-08,9.14315E-09,8.98511E-09,8.6508E-09
SDS-Vision,CAS,UZB,EU,ROM,0.092539,3.56396E-08,1.34796E-08,9.23201E-09,8.17003E-09,8.52263E-09,8.70173E-09,8.68963E-09
SDS-Vision,CAS,UZB,EU,SVK,0.802778362,5.04018E-08,1.22413E-08,1.00746E-08,7.85361E-09,7.95675E-09,8.04159E-09,7.9689E-09
SDS-Vision,CAS,UZB,EU,SVN,0.110354186,0.01468125,1.64763E-08,1.14307E-08,8.46136E-09,8.1668E-09,8.15897E-09,7.99563E-09
SDS-Vision,CAS,UZB,EU,SWE,3.90137E-08,3.16556E-08,2.71488E-08,2.71504E-08,2.10962E-08,1.94103E-08,1.8555E-08,1.52997E-08
SDS-Vision,CAS,UZB,ROE,CHE,0.268357419,0.042193532,2.54044E-08,1.4111E-08,9.37843E-09,8.64462E-09,8.30628E-09,7.96846E-09
SDS-Vision,CAS,UZB,ROE,SRB,0.116588409,4.26272E-08,3.30641E-08,1.51345E-08,1.10871E-08,1.0349E-08,9.98301E-09,9.7394E-09
SDS-Vision,CAS,UZB,ROE,TUR,2.48508E-07,0.268680163,3.58499E-08,1.79412E-08,1.36139E-08,1.3461E-08,1.36372E-08,1.44532E-08
SDS-Vision,CAS,UZB,ROE,UKR,6.491331322,1.32743E-08,8.47761E-09,9.78182E-09,7.71898E-09,7.85249E-09,7.97666E-09,8.10255E-09
SDS-Vision,CAS,UZB,ASP,CHN,8.263811597,20.89661886,21.99567836,22.18079345,21.92428615,22.10366505,22.12350073,22.93343937
SDS-Vision,CAS,UZB,ASP,KOR,,,2.3527E-08,2.88304E-08,2.72179E-08,2.85172E-08,3.15672E-08,3.23743E-08
SDS-Vision,MEA,ARE,NAM,CAN,7.61954E-10,5.37186E-09,9.94946E-09,1.11896E-08,1.35309E-08,1.88365E-08,2.00381E-08,2.05359E-08
SDS-Vision,MEA,ARE,NAM,MEX,7.83034E-10,6.47738E-09,1.27603E-08,1.28891E-08,1.49154E-08,2.10277E-08,2.26669E-08,2.72212E-08
SDS-Vision,MEA,ARE,NAM,USA,2.71649E-09,3.0442E-08,6.25856E-08,6.60024E-08,7.78894E-08,9.5739E-08,1.0211E-07,1.06751E-07
SDS-Vision,MEA,ARE,SAM,ARG,8.02365E-09,3.71398E-08,7.4617E-08,8.37359E-08,9.18051E-08,1.30587E-07,1.4861E-07,1.43376E-07
SDS-Vision,MEA,ARE,SAM,BRA,1.2182E-08,2.31666E-08,3.43699E-08,3.58633E-08,9.21092E-08,1.69748E-07,2.51082E-07,2.9213E-07
SDS-Vision,MEA,ARE,SAM,CHL,2.65567E-08,6.46112E-08,1.26656E-07,1.44598E-07,1.56182E-07,2.0536E-07,2.42394E-07,2.24408E-07
SDS-Vision,MEA,ARE,SAM,COL,,4.31515E-09,8.41382E-09,8.6225E-09,9.93862E-09,1.43697E-08,1.70658E-08,2.1273E-08
SDS-Vision,MEA,ARE,SAM,TTO,,,4.48072E-09,5.82068E-09,7.43669E-09,9.35728E-09,1.16751E-08,1.42737E-08
SDS-Vision,MEA,ARE,SAM,VEN,,4.22996E-09,7.53101E-09,7.55836E-09,8.61306E-09,1.11931E-08,1.32113E-08,1.49329E-08
SDS-Vision,MEA,ARE,EU,AUT,5.90761E-09,2.92489E-08,2.01969E-08,1.39113E-08,1.28668E-08,1.45439E-08,1.37663E-08,1.35333E-08
SDS-Vision,MEA,ARE,EU,BEL,8.7323E-09,3.46411E-08,2.45321E-08,1.9371E-08,1.60838E-08,1.86639E-08,1.77305E-08,1.97468E-08
SDS-Vision,MEA,ARE,EU,BGR,4.54519E-09,1.25638E-08,1.23152E-08,1.13588E-08,1.32493E-08,1.6376E-08,1.62242E-08,1.6628E-08
SDS-Vision,MEA,ARE,EU,CZE,5.97747E-09,3.47409E-08,1.91762E-08,1.39359E-08,1.25746E-08,1.45964E-08,1.35211E-08,1.33261E-08
SDS-Vision,MEA,ARE,EU,DEU,7.88967E-09,2.62153E-08,2.17244E-08,1.68617E-08,1.58239E-08,1.71927E-08,1.69752E-08,1.95037E-08
SDS-Vision,MEA,ARE,EU,DNK,3.63162E-09,1.34186E-08,1.67601E-08,1.7709E-08,1.673E-08,1.58887E-08,1.45064E-08,1.40343E-08
SDS-Vision,MEA,ARE,EU,ESP,3.58243E-07,3.34826E-07,3.97891E-07,4.21979E-07,1.32413E-07,8.25546E-08,4.9824E-08,4.61122E-08
SDS-Vision,MEA,ARE,EU,EST,1.22584E-07,7.74915E-08,7.8087E-08,2.92933E-08,2.3694E-08,2.41789E-08,2.27966E-08,2.44405E-08
SDS-Vision,MEA,ARE,EU,FIN,,1.43154E-07,1.19032E-07,6.69832E-08,3.91643E-08,3.88424E-08,3.20254E-08,2.96212E-08
SDS-Vision,MEA,ARE,EU,FRA,1.66508E-08,1.86652E-07,5.06799E-08,2.83606E-08,2.05606E-08,2.40448E-08,2.27331E-08,2.69203E-08
SDS-Vision,MEA,ARE,EU,GBR,8.37771E-09,2.22934E-08,1.81216E-08,1.55166E-08,1.40427E-08,1.68258E-08,1.65883E-08,1.96206E-08
SDS-Vision,MEA,ARE,EU,GRC,2.34642E-08,2.28155E-08,2.29969E-08,1.95439E-08,1.91944E-08,2.43332E-08,2.32991E-08,2.51416E-08
SDS-Vision,MEA,ARE,EU,HRV,4.37617E-09,2.77243E-08,1.93187E-08,1.4958E-08,1.38417E-08,1.68321E-08,1.7237E-08,1.98375E-08
SDS-Vision,MEA,ARE,EU,HUN,4.02541E-09,3.88541E-08,1.82605E-08,1.3197E-08,1.24041E-08,1.43218E-08,1.40829E-08,1.46764E-08
SDS-Vision,MEA,ARE,EU,IRL,1.33724E-08,4.19381E-08,3.27987E-08,2.40888E-08,2.02444E-08,2.09471E-08,1.9364E-08,2.19023E-08
SDS-Vision,MEA,ARE,EU,ITA,9.36328E-09,3.41514E-08,2.60756E-08,1.84947E-08,1.55713E-08,1.77043E-08,1.76856E-08,1.98879E-08
SDS-Vision,MEA,ARE,EU,LTU,1.12586E-07,1.41052E-07,8.2422E-08,2.77004E-08,2.04476E-08,2.24737E-08,2.1547E-08,2.37779E-08
SDS-Vision,MEA,ARE,EU,LVA,8.39121E-08,7.08116E-08,6.58605E-08,2.72458E-08,2.0145E-08,2.02836E-08,1.85502E-08,1.81013E-08
SDS-Vision,MEA,ARE,EU,NLD,7.01372E-09,2.25174E-08,1.89992E-08,1.65638E-08,1.46144E-08,1.74327E-08,1.6971E-08,1.91554E-08
SDS-Vision,MEA,ARE,EU,POL,7.88983E-09,3.98112E-08,1.99919E-08,1.36696E-08,1.20206E-08,1.45453E-08,1.48894E-08,1.75597E-08
SDS-Vision,MEA,ARE,EU,PRT,1.79787E-07,1.93147E-07,3.31616E-07,3.74789E-07,2.3916E-07,7.46728E-08,4.38145E-08,3.42295E-08
SDS-Vision,MEA,ARE,EU,ROM,3.87714E-09,9.81504E-09,9.97698E-09,9.6722E-09,1.13838E-08,1.41556E-08,1.43875E-08,1.50389E-08
SDS-Vision,MEA,ARE,EU,SVK,3.37248E-09,2.51294E-08,1.54655E-08,1.21625E-08,1.15366E-08,1.34264E-08,1.33377E-08,1.37016E-08
SDS-Vision,MEA,ARE,EU,SVN,6.87032E-09,4.43574E-08,2.0737E-08,1.48609E-08,1.31388E-08,1.42189E-08,1.3743E-08,1.3795E-08
SDS-Vision,MEA,ARE,EU,SWE,1.05173E-08,7.63751E-08,1.5105E-07,1.30413E-07,1.11244E-07,1.04311E-07,6.8293E-08,5.06694E-08
SDS-Vision,MEA,ARE,ROE,CHE,1.80055E-08,6.88231E-08,4.60826E-08,2.52843E-08,1.77087E-08,1.75378E-08,1.52449E-08,1.44818E-08
SDS-Vision,MEA,ARE,ROE,SRB,1.07505E-08,3.25698E-08,1.85853E-08,1.61949E-08,1.76151E-08,1.96767E-08,1.80841E-08,1.83216E-08
SDS-Vision,MEA,ARE,ROE,TUR,1.90834E-08,8.85453E-09,1.28636E-08,1.59467E-08,2.06996E-08,2.94388E-08,3.16506E-08,4.3953E-08
SDS-Vision,MEA,ARE,ROE,UKR,2.57879E-09,1.23531E-08,1.11255E-08,1.0187E-08,1.1898E-08,1.4336E-08,1.55659E-08,1.93195E-08
SDS-Vision,MEA,ARE,AFR,EGY,,7.83405E-09,1.41032E-08,1.19062E-08,1.52677E-08,1.91726E-08,2.48746E-08,2.65003E-08
SDS-Vision,MEA,ARE,ASP,BGD,,7.71474E-09,2.46808E-08,2.43455E-08,2.20239E-08,2.4976E-08,2.85852E-08,2.87535E-08
SDS-Vision,MEA,ARE,ASP,CHN,7.92676E-08,1.13132E-06,1.347855083,3.217742348,3.607762476,3.398858396,1.639652802,1.20494E-05
SDS-Vision,MEA,ARE,ASP,IDN,,2.06017E-09,6.8185E-09,8.62295E-09,1.09398E-08,1.44717E-08,1.46316E-08,1.69473E-08
SDS-Vision,MEA,ARE,ASP,IND,1.00944E-07,3.464643552,4.150159484,3.619136946,3.232423014,3.442965325,5.51389964,9.569590274
SDS-Vision,MEA,ARE,ASP,JPN,0.000139693,4.45834E-07,8.61003E-07,1.22096E-06,1.56548E-06,1.68069E-06,1.77501E-06,8.36431E-07
SDS-Vision,MEA,ARE,ASP,KOR,3.589525275,8.79312E-07,2.29862E-06,4.14634E-06,7.68696E-06,5.49404E-06,6.08127E-06,3.54739E-06
SDS-Vision,MEA,ARE,ASP,MYS,5.01268E-09,6.97177E-09,1.18931E-08,1.53889E-08,2.15798E-08,2.65875E-08,2.86885E-08,2.94628E-08
SDS-Vision,MEA,ARE,ASP,PAK,,5.0371E-09,1.90228E-08,4.52126E-08,6.82115E-08,1.11853E-07,1.1948E-07,1.75476E-07
SDS-Vision,MEA,ARE,ASP,PHL,,5.21751E-09,1.26159E-08,1.34563E-08,1.52783E-08,1.7741E-08,2.11283E-08,2.20199E-08
SDS-Vision,MEA,ARE,ASP,SGP,2.6609E-08,9.42185E-08,3.94243E-08,4.1406E-08,4.81651E-08,5.87377E-08,5.86063E-08,5.91432E-08
SDS-Vision,MEA,ARE,ASP,THA,5.78464E-09,2.35432E-08,1.29139E-07,1.8678E-07,1.99834E-07,2.09329E-07,1.9291E-07,1.32516E-07
SDS-Vision,MEA,ARE,ASP,TWN,3.21012705,3.84984E-07,1.50216E-06,2.64884E-06,4.3689E-06,3.7775E-06,4.09428E-06,2.45696E-06
SDS-Vision,MEA,ARE,ASP,VNM,,,8.96825E-09,1.02652E-08,1.24463E-08,1.43889E-08,1.79132E-08,1.92945E-08
SDS-Vision,MEA,IRN,RUS,RUS,,,3.32111E-09,3.05468E-09,3.37591E-09,6.00914E-09,6.8305E-09,7.72809E-09
SDS-Vision,MEA,IRN,NAM,CAN,,,3.75522E-09,3.91348E-09,4.68105E-09,8.94196E-09,1.03206E-08,1.12505E-08
SDS-Vision,MEA,IRN,NAM,MEX,,,3.301E-09,3.3265E-09,5.27896E-09,8.47608E-09,1.22709E-08,1.36941E-08
SDS-Vision,MEA,IRN,NAM,USA,,,2.00797E-08,2.20899E-08,2.88856E-08,4.471E-08,6.05077E-08,6.606E-08
SDS-Vision,MEA,IRN,SAM,ARG,,,8.7277E-09,8.98519E-09,1.09825E-08,1.3973E-08,1.88248E-08,2.10942E-08
SDS-Vision,MEA,IRN,SAM,BRA,,,1.07612E-08,1.24907E-08,1.833E-08,2.33734E-08,3.1666E-08,3.86816E-08
SDS-Vision,MEA,IRN,SAM,CHL,,,2.1969E-08,2.41486E-08,2.93178E-08,3.31482E-08,4.3802E-08,4.97071E-08
SDS-Vision,MEA,IRN,SAM,COL,,,2.09501E-09,2.21446E-09,5.28751E-09,6.56654E-09,9.32066E-09,1.08572E-08
SDS-Vision,MEA,IRN,SAM,TTO,,,,6.79105E-10,4.13919E-09,5.0885E-09,6.40727E-09,7.78849E-09
SDS-Vision,MEA,IRN,SAM,VEN,,,2.05338E-09,2.1699E-09,4.47813E-09,5.5761E-09,6.78892E-09,7.94384E-09
SDS-Vision,MEA,IRN,EU,AUT,,1.7412E-07,5.9372E-08,1.65819E-08,1.43344E-08,1.47554E-08,1.27075E-08,1.37531E-08
SDS-Vision,MEA,IRN,EU,BEL,,2.0851E-08,2.76163E-08,1.78126E-08,1.50097E-08,1.51436E-08,1.48612E-08,1.62182E-08
SDS-Vision,MEA,IRN,EU,BGR,,0.109025611,1.55504E-07,2.19107E-08,2.01482E-08,2.04725E-08,1.70229E-08,1.95497E-08
SDS-Vision,MEA,IRN,EU,CZE,,5.39243E-08,3.27704E-08,1.50738E-08,1.31397E-08,1.41596E-08,1.22255E-08,1.32829E-08
SDS-Vision,MEA,IRN,EU,DEU,,2.44625E-08,3.10252E-08,1.67694E-08,1.40901E-08,1.53154E-08,1.42715E-08,1.57495E-08
SDS-Vision,MEA,IRN,EU,DNK,,1.25437E-08,1.96874E-08,1.68679E-08,1.60796E-08,1.45861E-08,1.27369E-08,1.37338E-08
SDS-Vision,MEA,IRN,EU,ESP,,1.50796E-08,3.21596E-08,3.0335E-08,2.97663E-08,2.81697E-08,2.80041E-08,2.8981E-08
SDS-Vision,MEA,IRN,EU,EST,,1.06656E-08,1.85791E-08,1.53338E-08,1.47829E-08,1.63989E-08,1.57985E-08,1.71969E-08
SDS-Vision,MEA,IRN,EU,FIN,,1.73924E-08,2.69864E-08,2.15523E-08,1.99272E-08,1.99027E-08,1.89566E-08,1.95931E-08
SDS-Vision,MEA,IRN,EU,FRA,,8.23638E-08,7.69815E-08,2.55031E-08,1.86826E-08,1.78619E-08,1.83544E-08,2.00585E-08
SDS-Vision,MEA,IRN,EU,GBR,,1.29356E-08,1.6557E-08,1.36383E-08,1.27238E-08,1.33429E-08,1.38595E-08,1.59687E-08
SDS-Vision,MEA,IRN,EU,GRC,1.59412E-08,0.365759575,0.23335582,3.47321E-08,2.75363E-08,2.69219E-08,2.25002E-08,2.51167E-08
SDS-Vision,MEA,IRN,EU,HRV,,3.5874E-08,4.32047E-08,1.77897E-08,1.5225E-08,1.5313E-08,1.53142E-08,1.71287E-08
SDS-Vision,MEA,IRN,EU,HUN,,8.86985E-08,5.16811E-08,1.68016E-08,1.47149E-08,1.52908E-08,1.33257E-08,1.53592E-08
SDS-Vision,MEA,IRN,EU,IRL,,2.15488E-08,2.85597E-08,1.95495E-08,1.64151E-08,1.73457E-08,1.56425E-08,1.76178E-08
SDS-Vision,MEA,IRN,EU,ITA,,1.245233827,1.101046641,2.51284E-08,1.68614E-08,1.56975E-08,1.5522E-08,1.6959E-08
SDS-Vision,MEA,IRN,EU,LTU,,1.14467E-08,1.98597E-08,1.52645E-08,1.40503E-08,1.46007E-08,1.53385E-08,1.70203E-08
SDS-Vision,MEA,IRN,EU,LVA,,1.00531E-08,1.81775E-08,1.45946E-08,1.35905E-08,1.39555E-08,1.30848E-08,1.4332E-08
SDS-Vision,MEA,IRN,EU,NLD,,1.57639E-08,2.05689E-08,1.54212E-08,1.37144E-08,1.41886E-08,1.43241E-08,1.57149E-08
SDS-Vision,MEA,IRN,EU,POL,,2.18273E-08,2.22185E-08,1.31964E-08,1.1632E-08,1.2016E-08,1.28248E-08,1.43239E-08
SDS-Vision,MEA,IRN,EU,PRT,,1.69246E-08,4.0304E-08,3.02291E-08,3.21837E-08,2.62946E-08,2.32456E-08,2.32962E-08
SDS-Vision,MEA,IRN,EU,ROM,,3.65295E-08,3.58667E-08,1.52424E-08,1.50577E-08,1.62956E-08,1.45014E-08,1.68383E-08
SDS-Vision,MEA,IRN,EU,SVK,,5.31617E-08,2.78403E-08,1.37692E-08,1.24807E-08,1.34284E-08,1.22679E-08,1.38739E-08
SDS-Vision,MEA,IRN,EU,SVN,,0.015297855,6.15021E-08,1.85056E-08,1.50536E-08,1.47158E-08,1.28256E-08,1.41996E-08
SDS-Vision,MEA,IRN,EU,SWE,,3.19671E-08,5.61548E-08,4.57363E-08,4.50388E-08,4.41186E-08,4.12537E-08,3.78347E-08
SDS-Vision,MEA,IRN,ROE,CHE,,0.064762588,0.06912601,2.90815E-08,1.80661E-08,1.63026E-08,1.33776E-08,1.42277E-08
SDS-Vision,MEA,IRN,ROE,SRB,,4.30977E-08,3.2281E-07,3.80294E-08,2.96728E-08,2.52159E-08,1.88703E-08,2.16569E-08
SDS-Vision,MEA,IRN,ROE,TUR,9.287402249,2.758392209,1.169381416,5.05893E-08,4.93196E-08,5.51476E-08,4.53049E-08,1.10812E-07
SDS-Vision,MEA,IRN,ROE,UKR,,1.34208E-08,1.36911E-08,1.0846E-08,1.09902E-08,1.3535E-08,1.36074E-08,1.6114E-08
SDS-Vision,MEA,IRN,CAS,AZE,,,1.04765E-08,9.59426E-09,1.03931E-08,1.22034E-08,1.2892E-08,1.47511E-08
SDS-Vision,MEA,IRN,CAS,KAZ,,,1.0729E-08,1.36098E-08,2.41367E-08,3.82823E-08,5.44987E-08,1.31144E-07
SDS-Vision,MEA,IRN,CAS,TKM,,,7.66981E-09,9.5564E-09,1.54031E-08,2.2308E-08,3.06019E-08,7.14925E-08
SDS-Vision,MEA,IRN,CAS,UZB,,,8.87679E-09,1.13321E-08,1.90132E-08,2.90538E-08,4.06515E-08,9.19409E-08
SDS-Vision,MEA,IRN,AFR,EGY,,,5.45768E-09,6.00817E-09,7.03177E-09,9.93252E-09,1.22139E-08,1.55033E-08
SDS-Vision,MEA,IRN,ASP,BGD,,,1.0239E-08,1.19906E-08,1.20777E-08,1.50891E-08,1.71064E-08,1.98078E-08
SDS-Vision,MEA,IRN,ASP,CHN,,,1.30792E-07,1.526E-07,2.18127E-07,2.85001E-07,3.85268E-07,6.96949E-07
SDS-Vision,MEA,IRN,ASP,IDN,,,6.94913E-10,2.13488E-09,5.47378E-09,6.50917E-09,8.45676E-09,9.23707E-09
SDS-Vision,MEA,IRN,ASP,IND,,,1.046286914,14.2716896,16.19614123,23.6348663,30.72795962,39.84910351
SDS-Vision,MEA,IRN,ASP,JPN,,,2.06687E-08,2.12177E-08,2.71713E-08,2.8717E-08,3.70603E-08,3.80594E-08
SDS-Vision,MEA,IRN,ASP,KOR,,,2.7314E-08,2.91678E-08,3.59858E-08,4.3902E-08,5.56152E-08,6.59464E-08
SDS-Vision,MEA,IRN,ASP,MYS,,,6.17269E-09,8.07345E-09,1.04037E-08,1.26061E-08,1.53087E-08,1.66969E-08
SDS-Vision,MEA,IRN,ASP,PAK,,,0.609966643,11.87878714,12.26422361,16.1702521,19.61674777,20.75645534
SDS-Vision,MEA,IRN,ASP,PHL,,,5.41733E-09,6.38175E-09,7.07435E-09,9.54106E-09,1.09484E-08,1.40051E-08
SDS-Vision,MEA,IRN,ASP,SGP,,,1.89825E-08,2.02216E-08,2.23247E-08,2.81143E-08,3.07089E-08,3.52289E-08
SDS-Vision,MEA,IRN,ASP,THA,,,9.85634E-09,1.09091E-08,1.36728E-08,1.61372E-08,2.13261E-08,2.375E-08
SDS-Vision,MEA,IRN,ASP,TWN,,,1.10339E-08,1.16464E-08,1.46466E-08,1.73889E-08,2.34846E-08,2.81712E-08
SDS-Vision,MEA,IRN,ASP,VNM,,,4.99014E-09,5.51671E-09,6.20125E-09,8.52484E-09,9.91036E-09,1.29916E-08
SDS-Vision,MEA,IRQ,EU,AUT,,,8.72355E-09,1.03204E-08,1.36756E-08,2.08122E-08,2.12474E-08,2.49151E-08
SDS-Vision,MEA,IRQ,EU,BEL,,,7.71736E-09,1.03521E-08,1.29681E-08,1.79656E-08,1.851E-08,2.16684E-08
SDS-Vision,MEA,IRQ,EU,BGR,,,1.07648E-08,1.31252E-08,2.00736E-08,3.67294E-08,3.86507E-08,5.5511E-08
SDS-Vision,MEA,IRQ,EU,CZE,,,7.98614E-09,9.66668E-09,1.23918E-08,1.89136E-08,1.92333E-08,2.27177E-08
SDS-Vision,MEA,IRQ,EU,DEU,,,7.85706E-09,1.0041E-08,1.23383E-08,1.655E-08,1.71179E-08,2.02314E-08
SDS-Vision,MEA,IRQ,EU,DNK,,,7.30901E-09,1.07138E-08,1.46928E-08,1.84733E-08,1.95427E-08,2.3098E-08
SDS-Vision,MEA,IRQ,EU,ESP,,,8.21872E-09,1.10863E-08,1.55791E-08,2.17035E-08,2.29018E-08,2.7868E-08
SDS-Vision,MEA,IRQ,EU,EST,,,7.11327E-09,9.1245E-09,1.18041E-08,1.58553E-08,1.68512E-08,1.96438E-08
SDS-Vision,MEA,IRQ,EU,FIN,,,8.83873E-09,1.15654E-08,1.47798E-08,2.01869E-08,2.07038E-08,2.28274E-08
SDS-Vision,MEA,IRQ,EU,FRA,,,9.35846E-09,1.24455E-08,1.52338E-08,2.06428E-08,2.04857E-08,2.3827E-08
SDS-Vision,MEA,IRQ,EU,GBR,,,6.61769E-09,8.6505E-09,1.09047E-08,1.48577E-08,1.60116E-08,2.06381E-08
SDS-Vision,MEA,IRQ,EU,GRC,,,2.737E-08,2.49088E-08,2.6718E-08,5.09504E-08,5.06506E-08,7.17361E-08
SDS-Vision,MEA,IRQ,EU,HRV,,,8.47721E-09,1.05662E-08,1.38662E-08,2.03068E-08,2.16838E-08,2.65512E-08
SDS-Vision,MEA,IRQ,EU,HUN,,,8.77332E-09,1.04943E-08,1.42673E-08,2.27614E-08,2.40962E-08,3.21356E-08
SDS-Vision,MEA,IRQ,EU,IRL,,,8.39653E-09,1.09347E-08,1.36924E-08,1.8546E-08,1.91069E-08,2.41596E-08
SDS-Vision,MEA,IRQ,EU,ITA,,,1.021E-08,1.28836E-08,1.52015E-08,2.03833E-08,2.17181E-08,2.54246E-08
SDS-Vision,MEA,IRQ,EU,LTU,,,7.28522E-09,9.19521E-09,1.13914E-08,1.52263E-08,1.63879E-08,1.962E-08
SDS-Vision,MEA,IRQ,EU,LVA,,,7.10702E-09,9.16598E-09,1.15749E-08,1.5524E-08,1.67259E-08,1.99967E-08
SDS-Vision,MEA,IRQ,EU,NLD,,,7.05409E-09,9.45665E-09,1.1898E-08,1.64725E-08,1.73195E-08,2.03547E-08
SDS-Vision,MEA,IRQ,EU,POL,,,7.27115E-09,8.48002E-09,1.01401E-08,1.33816E-08,1.44029E-08,1.71542E-08
SDS-Vision,MEA,IRQ,EU,PRT,,,8.91096E-09,1.13247E-08,1.63266E-08,2.17553E-08,2.33573E-08,2.83262E-08
SDS-Vision,MEA,IRQ,EU,ROM,,,8.10837E-09,9.95813E-09,1.47409E-08,2.54584E-08,2.85487E-08,4.01053E-08
SDS-Vision,MEA,IRQ,EU,SVK,,,7.55078E-09,9.13483E-09,1.18932E-08,1.79679E-08,1.97767E-08,2.50923E-08
SDS-Vision,MEA,IRQ,EU,SVN,,,8.93307E-09,1.10403E-08,1.44506E-08,2.11934E-08,2.21529E-08,2.70202E-08
SDS-Vision,MEA,IRQ,EU,SWE,,,1.73957E-08,2.50702E-08,3.4419E-08,4.73259E-08,5.15885E-08,4.96418E-08
SDS-Vision,MEA,IRQ,ROE,CHE,,,1.11501E-08,1.405E-08,1.65421E-08,2.24009E-08,2.18904E-08,2.53449E-08
SDS-Vision,MEA,IRQ,ROE,SRB,,,1.45688E-08,1.87097E-08,2.93312E-08,5.15232E-08,4.8257E-08,7.01095E-08
SDS-Vision,MEA,IRQ,ROE,TUR,,,2.80853E-08,1.50984E-07,5.36522E-07,1.09042E-06,0.232078172,0.46497199
SDS-Vision,MEA,IRQ,ROE,UKR,,,5.97313E-09,7.27178E-09,9.64019E-09,1.41974E-08,1.62084E-08,2.19082E-08
SDS-Vision,MEA,OMN,ASP,BGD,,,2.14677E-09,4.57874E-09,2.85912E-09,5.21157E-09,5.81861E-09,5.48812E-09
SDS-Vision,MEA,OMN,ASP,CHN,,,2.63781E-08,4.18886E-08,6.10526E-08,7.86431E-08,9.59238E-08,1.07693E-07
SDS-Vision,MEA,OMN,ASP,IND,,9.66306E-08,0.719164832,4.893921633,12.83073341,21.4610391,24.4598645,25.71796532
SDS-Vision,MEA,OMN,ASP,KOR,,,3.96001E-09,7.05527E-09,8.96787E-09,1.12593E-08,1.30765E-08,1.41484E-08
SDS-Vision,MEA,OMN,ASP,PAK,,,4.7574E-09,7.93809E-09,1.02389E-08,1.26216E-08,1.45938E-08,1.48261E-08
SDS-Vision,MEA,QAT,NAM,CAN,1.26688E-09,1.09017E-08,1.55936E-08,1.39087E-08,1.63471E-08,2.23054E-08,2.31324E-08,2.3169E-08
SDS-Vision,MEA,QAT,NAM,MEX,1.33076E-09,1.06291E-08,1.87608E-08,1.6879E-08,2.12263E-08,2.55146E-08,2.68279E-08,3.09764E-08
SDS-Vision,MEA,QAT,NAM,USA,8.18335E-09,5.74898E-08,8.76142E-08,8.32707E-08,9.35303E-08,1.11725E-07,1.17064E-07,1.20209E-07
SDS-Vision,MEA,QAT,SAM,ARG,3.111470637,2.937127628,2.556872473,1.992207519,1.644126768,1.423454198,1.491672332,1.35743811
SDS-Vision,MEA,QAT,SAM,BRA,2.249028712,0.901156205,0.242628776,7.51761E-08,0.587209411,1.438846957,2.449383699,2.522615623
SDS-Vision,MEA,QAT,SAM,CHL,0.4625239,0.441287722,0.413016288,0.295406545,0.127568678,0.15054025,0.128678233,0.081187932
SDS-Vision,MEA,QAT,SAM,COL,,6.76647E-09,1.16571E-08,1.05528E-08,1.29706E-08,1.66618E-08,2.14859E-08,2.41754E-08
SDS-Vision,MEA,QAT,SAM,TTO,,,5.37936E-09,6.86365E-09,8.65666E-09,1.07993E-08,1.35322E-08,1.66089E-08
SDS-Vision,MEA,QAT,SAM,VEN,,6.63139E-09,1.06355E-08,9.37389E-09,1.02465E-08,1.32425E-08,1.55126E-08,1.74297E-08
SDS-Vision,MEA,QAT,EU,AUT,5.97772E-08,0.307746171,4.96887E-08,1.90616E-08,1.57447E-08,1.7154E-08,1.55909E-08,1.50648E-08
SDS-Vision,MEA,QAT,EU,BEL,0.734190369,0.738873471,7.41966E-08,3.01605E-08,2.15966E-08,2.20706E-08,2.17968E-08,2.17257E-08
SDS-Vision,MEA,QAT,EU,BGR,2.05965E-08,2.72704E-08,1.79732E-08,1.43495E-08,1.61104E-08,1.95047E-08,1.86861E-08,1.88702E-08
SDS-Vision,MEA,QAT,EU,CZE,6.25233E-08,0.208817204,4.04521E-08,1.91113E-08,1.53159E-08,1.72376E-08,1.52804E-08,1.48116E-08
SDS-Vision,MEA,QAT,EU,DEU,2.162497417,2.282383565,5.08374E-08,2.40397E-08,1.91853E-08,1.98745E-08,2.08443E-08,2.1353E-08
SDS-Vision,MEA,QAT,EU,DNK,2.69721E-08,4.53645E-08,2.93693E-08,2.59127E-08,2.14704E-08,1.89098E-08,1.64901E-08,1.56509E-08
SDS-Vision,MEA,QAT,EU,ESP,5.752810349,3.092495327,2.259910757,1.292705762,0.081987252,1.34761E-07,7.16819E-08,5.44955E-08
SDS-Vision,MEA,QAT,EU,EST,0.072338513,0.04413629,0.034749539,5.88766E-08,3.04059E-08,2.88583E-08,2.80632E-08,2.72596E-08
SDS-Vision,MEA,QAT,EU,FIN,,0.364660488,0.263114429,0.02838098,5.98134E-08,5.21172E-08,4.14886E-08,3.44034E-08
SDS-Vision,MEA,QAT,EU,FRA,3.324039867,3.53830757,4.61287E-07,5.69782E-08,2.98924E-08,2.88358E-08,2.93424E-08,2.95647E-08
SDS-Vision,MEA,QAT,EU,GBR,1.39987039,0.462926108,3.63203E-08,2.14923E-08,1.83829E-08,1.94932E-08,2.03484E-08,2.15741E-08
SDS-Vision,MEA,QAT,EU,GRC,0.146351841,0.010116804,3.96286E-08,2.75555E-08,2.62085E-08,3.02385E-08,2.9298E-08,2.85677E-08
SDS-Vision,MEA,QAT,EU,HRV,2.63768E-08,0.072893186,4.30379E-08,2.02884E-08,1.79168E-08,1.93436E-08,2.10623E-08,2.17522E-08
SDS-Vision,MEA,QAT,EU,HUN,2.07867E-08,0.326050222,3.84535E-08,1.76947E-08,1.50188E-08,1.68032E-08,1.59715E-08,1.64666E-08
SDS-Vision,MEA,QAT,EU,IRL,0.101563924,0.031941269,7.18822E-08,3.71343E-08,2.6012E-08,2.50851E-08,2.38724E-08,2.42837E-08
SDS-Vision,MEA,QAT,EU,ITA,3.604386351,2.775047047,8.86478E-08,2.77438E-08,2.0675E-08,2.06353E-08,2.17168E-08,2.18726E-08
SDS-Vision,MEA,QAT,EU,LTU,0.256712384,0.158004325,0.119344801,5.4345E-08,2.73719E-08,2.6681E-08,2.64677E-08,2.65599E-08
SDS-Vision,MEA,QAT,EU,LVA,0.21800696,0.111666931,0.084453482,5.26107E-08,2.61107E-08,2.4505E-08,2.15375E-08,2.05861E-08
SDS-Vision,MEA,QAT,EU,NLD,0.724938851,0.884154923,4.18563E-08,2.37608E-08,1.92655E-08,2.03374E-08,2.08396E-08,2.10291E-08
SDS-Vision,MEA,QAT,EU,POL,0.211946886,0.638694189,4.87353E-08,1.82676E-08,1.53878E-08,1.63916E-08,1.81828E-08,1.90332E-08
SDS-Vision,MEA,QAT,EU,PRT,1.097309754,0.555881947,0.393295073,0.210695325,0.036078988,1.11967E-07,6.10974E-08,4.16633E-08
SDS-Vision,MEA,QAT,EU,ROM,1.47771E-08,1.71669E-08,1.35333E-08,1.18019E-08,1.34865E-08,1.65015E-08,1.63238E-08,1.68851E-08
SDS-Vision,MEA,QAT,EU,SVK,1.83675E-08,3.80911E-06,2.76944E-08,1.59155E-08,1.37928E-08,1.56114E-08,1.50317E-08,1.52564E-08
SDS-Vision,MEA,QAT,EU,SVN,0.00080845,0.039450589,5.15889E-08,2.07725E-08,1.60666E-08,1.66234E-08,1.55049E-08,1.53437E-08
SDS-Vision,MEA,QAT,EU,SWE,6.82771E-08,0.197285709,0.314035166,0.228609066,0.114415107,0.072732535,8.6162E-08,5.69603E-08
SDS-Vision,MEA,QAT,ROE,CHE,0.102712783,0.15079338,1.50423E-07,4.4627E-08,2.35717E-08,2.14634E-08,1.75213E-08,1.62649E-08
SDS-Vision,MEA,QAT,ROE,SRB,3.61181E-08,3.36086E-07,3.09595E-08,2.24395E-08,2.27923E-08,2.42214E-08,2.11334E-08,2.10468E-08
SDS-Vision,MEA,QAT,ROE,TUR,3.354303875,1.66778E-08,1.92931E-08,2.2475E-08,2.92279E-08,3.90611E-08,4.25699E-08,5.77229E-08
SDS-Vision,MEA,QAT,ROE,UKR,8.40811E-09,3.34783E-08,1.56531E-08,1.23071E-08,1.3553E-08,1.60492E-08,1.90637E-08,2.11043E-08
SDS-Vision,MEA,QAT,AFR,EGY,9.68779E-09,0.644505523,2.63697E-08,1.61188E-08,1.82705E-08,2.27285E-08,2.92351E-08,3.05357E-08
SDS-Vision,MEA,QAT,ASP,BGD,,2.50026E-08,6.18295E-08,3.52135E-08,2.63701E-08,2.89367E-08,3.21045E-08,3.16126E-08
SDS-Vision,MEA,QAT,ASP,CHN,15.29131286,24.94038876,37.21042285,41.70165275,45.42510536,47.11669548,52.28545299,53.05922085
SDS-Vision,MEA,QAT,ASP,IDN,7.24811E-09,5.49454E-09,8.80928E-09,1.07014E-08,1.45527E-08,1.69172E-08,1.83298E-08,1.8563E-08
SDS-Vision,MEA,QAT,ASP,IND,7.800545327,12.10607651,19.79547271,19.46278519,21.31242056,22.97841854,28.36743178,30.07755526
SDS-Vision,MEA,QAT,ASP,JPN,22.31316355,14.94389474,11.6108566,9.741292822,7.466828085,5.194807082,3.642125886,1.835784494
SDS-Vision,MEA,QAT,ASP,KOR,7.277095819,6.52524397,6.640764347,6.625234077,6.341327949,6.019929855,6.140166149,6.179354539
SDS-Vision,MEA,QAT,ASP,MYS,1.57912E-08,1.12442E-08,1.53334E-08,1.89307E-08,2.58531E-08,3.13068E-08,3.23398E-08,3.25403E-08
SDS-Vision,MEA,QAT,ASP,PAK,2.67137E-09,8.61546E-09,1.56348E-07,0.750577305,1.045911227,1.692966002,1.141849454,1.905504621
SDS-Vision,MEA,QAT,ASP,PHL,,9.1673E-09,1.8418E-08,1.72643E-08,1.80774E-08,2.04447E-08,2.36523E-08,2.42129E-08
SDS-Vision,MEA,QAT,ASP,SGP,1.891897604,2.117380971,5.83945E-08,5.30226E-08,5.95445E-08,7.10098E-08,6.72237E-08,6.62807E-08
SDS-Vision,MEA,QAT,ASP,THA,2.587535684,5.51678195,8.026271127,7.973978611,6.392901026,4.881448171,3.297863887,0.87098683
SDS-Vision,MEA,QAT,ASP,TWN,4.650184882,3.508357708,3.698144611,3.58346369,3.209182426,2.968041492,3.069482166,3.14513563
SDS-Vision,MEA,QAT,ASP,VNM,,,1.16231E-08,1.36999E-08,1.42564E-08,1.61324E-08,1.96797E-08,2.09661E-08
SDS-Vision,MEA,SAU,ASP,BGD,,,7.09763E-10,2.47496E-09,2.69674E-09,5.04071E-09,5.7497E-09,5.43323E-09
SDS-Vision,MEA,SAU,ASP,CHN,,,1.76834E-08,2.91995E-08,4.67273E-08,6.96026E-08,9.34695E-08,1.04915E-07
SDS-Vision,MEA,SAU,ASP,IND,,1.88413E-08,5.63757E-08,8.65917E-08,1.57185E-07,3.45411E-07,1.20739E-06,1.27443E-06
SDS-Vision,MEA,SAU,ASP,KOR,,,2.98378E-09,4.02742E-09,7.57524E-09,1.0425E-08,1.28658E-08,1.39302E-08
SDS-Vision,MEA,SAU,ASP,PAK,,,6.74111E-10,4.99486E-09,7.23314E-09,1.04409E-08,1.37803E-08,1.4045E-08
SDS-Vision,MEA,YEM,NAM,CAN,,5.38068E-09,9.83368E-09,1.11392E-08,1.34559E-08,1.8663E-08,1.9836E-08,2.03526E-08
SDS-Vision,MEA,YEM,NAM,MEX,,6.49433E-09,1.25641E-08,1.27703E-08,1.47528E-08,2.07187E-08,2.23021E-08,2.68913E-08
SDS-Vision,MEA,YEM,NAM,USA,,3.04515E-08,6.1825E-08,6.56419E-08,7.73884E-08,9.48091E-08,1.01032E-07,1.05729E-07
SDS-Vision,MEA,YEM,SAM,ARG,,4.09084E-08,7.78604E-08,9.17435E-08,1.01745E-07,1.43646E-07,1.65057E-07,1.54139E-07
SDS-Vision,MEA,YEM,SAM,BRA,,2.37466E-08,3.41572E-08,3.59684E-08,9.40204E-08,1.72765E-07,2.58931E-07,3.00205E-07
SDS-Vision,MEA,YEM,SAM,CHL,,6.78804E-08,1.28024E-07,1.4964E-07,1.59578E-07,2.10524E-07,2.47976E-07,2.25809E-07
SDS-Vision,MEA,YEM,SAM,COL,,4.33969E-09,8.33258E-09,8.57539E-09,9.87006E-09,1.42157E-08,1.68419E-08,2.10623E-08
SDS-Vision,MEA,YEM,SAM,TTO,,,4.44895E-09,5.79359E-09,7.39384E-09,9.27132E-09,1.15514E-08,1.41384E-08
SDS-Vision,MEA,YEM,SAM,VEN,,4.25422E-09,7.45545E-09,7.51835E-09,8.55714E-09,1.10691E-08,1.30353E-08,1.47734E-08
SDS-Vision,MEA,YEM,EU,AUT,,3.04396E-08,2.0046E-08,1.38915E-08,1.28218E-08,1.44391E-08,1.36226E-08,1.34113E-08
SDS-Vision,MEA,YEM,EU,BEL,,3.74034E-08,2.4427E-08,1.93807E-08,1.60244E-08,1.85124E-08,1.7532E-08,1.95692E-08
SDS-Vision,MEA,YEM,EU,BGR,,1.26617E-08,1.2181E-08,1.13111E-08,1.32041E-08,1.62667E-08,1.60441E-08,1.6449E-08
SDS-Vision,MEA,YEM,EU,CZE,,3.68359E-08,1.89941E-08,1.38714E-08,1.25128E-08,1.44766E-08,1.33774E-08,1.32005E-08
SDS-Vision,MEA,YEM,EU,DEU,,2.75954E-08,2.1565E-08,1.68451E-08,1.57576E-08,1.70472E-08,1.67845E-08,1.93304E-08
SDS-Vision,MEA,YEM,EU,DNK,,1.37145E-08,1.6624E-08,1.77685E-08,1.67377E-08,1.5795E-08,1.4373E-08,1.39186E-08
SDS-Vision,MEA,YEM,EU,ESP,,3.84169E-07,4.05061E-07,5.05486E-07,1.35246E-07,8.0769E-08,4.85855E-08,4.53652E-08
SDS-Vision,MEA,YEM,EU,EST,,1.00307E-07,9.17521E-08,2.99543E-08,2.38406E-08,2.41973E-08,2.27298E-08,2.43839E-08
SDS-Vision,MEA,YEM,EU,FIN,,1.64395E-07,1.26689E-07,6.89652E-08,3.92998E-08,3.86545E-08,3.16912E-08,2.93931E-08
SDS-Vision,MEA,YEM,EU,FRA,,2.13934E-07,4.93113E-08,2.8327E-08,2.04571E-08,2.38064E-08,2.24463E-08,2.66638E-08
SDS-Vision,MEA,YEM,EU,GBR,,2.28213E-08,1.79205E-08,1.54939E-08,1.39778E-08,1.66806E-08,1.64004E-08,1.94367E-08
SDS-Vision,MEA,YEM,EU,GRC,,2.31952E-08,2.26961E-08,1.93989E-08,1.89824E-08,2.40083E-08,2.2916E-08,2.48321E-08
SDS-Vision,MEA,YEM,EU,HRV,,2.892E-08,1.9217E-08,1.49563E-08,1.38036E-08,1.6737E-08,1.70886E-08,1.9705E-08
SDS-Vision,MEA,YEM,EU,HUN,,4.08429E-08,1.80987E-08,1.31734E-08,1.23585E-08,1.42148E-08,1.39372E-08,1.45474E-08
SDS-Vision,MEA,YEM,EU,IRL,,4.34313E-08,3.25729E-08,2.4168E-08,2.01976E-08,2.08035E-08,1.91719E-08,2.17404E-08
SDS-Vision,MEA,YEM,EU,ITA,,3.51386E-08,2.55843E-08,1.84342E-08,1.54836E-08,1.75459E-08,1.74805E-08,1.97044E-08
SDS-Vision,MEA,YEM,EU,LTU,,1.87504E-07,9.44078E-08,2.78679E-08,2.03817E-08,2.22999E-08,2.13448E-08,2.3601E-08
SDS-Vision,MEA,YEM,EU,LVA,,8.21724E-08,7.26654E-08,2.75521E-08,2.01599E-08,2.01879E-08,1.84186E-08,1.79918E-08
SDS-Vision,MEA,YEM,EU,NLD,,2.42902E-08,1.89404E-08,1.65698E-08,1.45681E-08,1.73123E-08,1.68065E-08,1.90217E-08
SDS-Vision,MEA,YEM,EU,POL,,4.22141E-08,1.97862E-08,1.36185E-08,1.19748E-08,1.44512E-08,1.47609E-08,1.74408E-08
SDS-Vision,MEA,YEM,EU,PRT,,2.38412E-07,3.89062E-07,5.05967E-07,2.60028E-07,7.46359E-08,4.3232E-08,3.38186E-08
SDS-Vision,MEA,YEM,EU,ROM,,9.86451E-09,9.89251E-09,9.64303E-09,1.13538E-08,1.40771E-08,1.42553E-08,1.49014E-08
SDS-Vision,MEA,YEM,EU,SVK,,2.55664E-08,1.52585E-08,1.20996E-08,1.14818E-08,1.33114E-08,1.31959E-08,1.35878E-08
SDS-Vision,MEA,YEM,EU,SVN,,4.87444E-08,2.07224E-08,1.49022E-08,1.31324E-08,1.41726E-08,1.36592E-08,1.3722E-08
SDS-Vision,MEA,YEM,EU,SWE,,8.6391E-08,1.63708E-07,1.37174E-07,1.15501E-07,1.06476E-07,6.73396E-08,5.02076E-08
SDS-Vision,MEA,YEM,ROE,CHE,,7.25177E-08,4.58579E-08,2.53613E-08,1.76424E-08,1.73701E-08,1.50526E-08,1.43329E-08
SDS-Vision,MEA,YEM,ROE,SRB,,3.3316E-08,1.83061E-08,1.61261E-08,1.75523E-08,1.95466E-08,1.78826E-08,1.81333E-08
SDS-Vision,MEA,YEM,ROE,TUR,,8.89536E-09,1.27136E-08,1.5834E-08,2.05524E-08,2.89689E-08,3.09505E-08,4.30395E-08
SDS-Vision,MEA,YEM,ROE,UKR,,1.24913E-08,1.1051E-08,1.0168E-08,1.18587E-08,1.42435E-08,1.54219E-08,1.91687E-08
SDS-Vision,MEA,YEM,AFR,EGY,,7.6781E-09,1.3638E-08,1.17058E-08,1.50143E-08,1.87814E-08,2.43542E-08,2.59939E-08
SDS-Vision,MEA,YEM,ASP,BGD,,7.58168E-09,2.37593E-08,2.37877E-08,2.16498E-08,2.44904E-08,2.8043E-08,2.83013E-08
SDS-Vision,MEA,YEM,ASP,CHN,,0.136787667,0.108872781,3.60683E-05,4.97567E-05,4.65308E-05,5.33864E-05,1.22933E-05
SDS-Vision,MEA,YEM,ASP,IDN,,2.05687E-09,6.68164E-09,8.47019E-09,1.07248E-08,1.41662E-08,1.43231E-08,1.66725E-08
SDS-Vision,MEA,YEM,ASP,IND,,0.782423269,0.959366119,1.329992175,1.483167825,1.569458438,1.78797593,2.063050836
SDS-Vision,MEA,YEM,ASP,JPN,,5.00416E-07,7.17494E-07,1.03158E-06,1.3324E-06,1.51191E-06,1.59904E-06,6.91934E-07
SDS-Vision,MEA,YEM,ASP,KOR,,2.66619E-06,1.87713E-06,3.62849E-06,6.52541E-06,5.34797E-06,5.93867E-06,3.41112E-06
SDS-Vision,MEA,YEM,ASP,MYS,,6.91635E-09,1.16568E-08,1.51252E-08,2.11881E-08,2.60174E-08,2.81043E-08,2.89604E-08
SDS-Vision,MEA,YEM,ASP,PAK,,4.97335E-09,1.77907E-08,4.13165E-08,6.14386E-08,9.75198E-08,1.04154E-07,1.51134E-07
SDS-Vision,MEA,YEM,ASP,PHL,,5.18204E-09,1.23263E-08,1.32275E-08,1.50416E-08,1.74155E-08,2.07424E-08,2.16827E-08
SDS-Vision,MEA,YEM,ASP,SGP,,8.93244E-08,3.83849E-08,4.06006E-08,4.71688E-08,5.73139E-08,5.72704E-08,5.80186E-08
SDS-Vision,MEA,YEM,ASP,THA,,2.23382E-08,1.08169E-07,1.60332E-07,1.74403E-07,1.83706E-07,1.71782E-07,1.22392E-07
SDS-Vision,MEA,YEM,ASP,TWN,,0.000124738,2.19393E-06,3.23108E-06,5.6769E-06,5.24924E-06,5.89317E-06,2.89733E-06
SDS-Vision,MEA,YEM,ASP,VNM,,,8.78444E-09,1.00981E-08,1.2261E-08,1.41464E-08,1.7624E-08,1.90175E-08
SDS-Vision,AFR,AGO,NAM,CAN,,5.23495E-09,9.4141E-09,1.08345E-08,1.30238E-08,1.79123E-08,1.9028E-08,1.95633E-08
SDS-Vision,AFR,AGO,NAM,MEX,,4.53765E-09,1.20191E-08,1.23749E-08,1.42198E-08,1.98171E-08,2.12829E-08,2.57862E-08
SDS-Vision,AFR,AGO,NAM,USA,,2.78657E-08,5.73623E-08,6.37483E-08,7.4872E-08,9.10154E-08,9.68932E-08,1.01553E-07
SDS-Vision,AFR,AGO,SAM,ARG,,1.12949E-07,2.57586E-07,3.34576E-07,7.41508E-07,1.24894E-06,2.0293E-06,6.51668E-07
SDS-Vision,AFR,AGO,SAM,BRA,,2.61466E-08,3.6581E-08,3.70773E-08,1.27093E-07,4.15482E-07,1.8898E-06,1.50145E-06
SDS-Vision,AFR,AGO,SAM,CHL,,9.40217E-08,2.14561E-07,2.34468E-07,2.28032E-07,3.41532E-07,3.81618E-07,3.11612E-07
SDS-Vision,AFR,AGO,SAM,COL,,4.28116E-09,8.04829E-09,8.35524E-09,9.57937E-09,1.36672E-08,1.60992E-08,2.01923E-08
SDS-Vision,AFR,AGO,SAM,TTO,,,4.32601E-09,5.65679E-09,7.18836E-09,8.92998E-09,1.10688E-08,1.35278E-08
SDS-Vision,AFR,AGO,SAM,VEN,,4.19726E-09,7.1909E-09,7.32064E-09,8.30283E-09,1.06129E-08,1.24301E-08,1.40964E-08
SDS-Vision,AFR,AGO,EU,AUT,,2.81001E-08,1.82612E-08,1.30953E-08,1.21521E-08,1.36264E-08,1.28468E-08,1.26876E-08
SDS-Vision,AFR,AGO,EU,BEL,,3.92335E-08,2.25578E-08,1.82162E-08,1.51541E-08,1.74821E-08,1.65763E-08,1.86141E-08
SDS-Vision,AFR,AGO,EU,BGR,,1.18032E-08,1.12551E-08,1.06759E-08,1.249E-08,1.5287E-08,1.50033E-08,1.53546E-08
SDS-Vision,AFR,AGO,EU,CZE,,3.55528E-08,1.73426E-08,1.29794E-08,1.18297E-08,1.36188E-08,1.26059E-08,1.24756E-08
SDS-Vision,AFR,AGO,EU,DEU,,2.64847E-08,1.98263E-08,1.58974E-08,1.49872E-08,1.61484E-08,1.59038E-08,1.84103E-08
SDS-Vision,AFR,AGO,EU,DNK,,1.28267E-08,1.52236E-08,1.68829E-08,1.59069E-08,1.48662E-08,1.35261E-08,1.31364E-08
SDS-Vision,AFR,AGO,EU,ESP,,9.478E-07,7.79183E-07,1.38852E-06,1.37654E-07,7.17738E-08,4.38139E-08,4.20801E-08
SDS-Vision,AFR,AGO,EU,EST,,3.04125E-07,1.50456E-07,3.03952E-08,2.32518E-08,2.33821E-08,2.1845E-08,2.34818E-08
SDS-Vision,AFR,AGO,EU,FIN,,2.63869E-07,1.57095E-07,6.98422E-08,3.74235E-08,3.64175E-08,2.97215E-08,2.77645E-08
SDS-Vision,AFR,AGO,EU,FRA,,3.18557E-07,4.40029E-08,2.62424E-08,1.92278E-08,2.23971E-08,2.11747E-08,2.53531E-08
SDS-Vision,AFR,AGO,EU,GBR,,2.16176E-08,1.6588E-08,1.46907E-08,1.32609E-08,1.57948E-08,1.55326E-08,1.84743E-08
SDS-Vision,AFR,AGO,EU,GRC,,2.13424E-08,2.05423E-08,1.79981E-08,1.75453E-08,2.22186E-08,2.12272E-08,2.31669E-08
SDS-Vision,AFR,AGO,EU,HRV,,2.63183E-08,1.75636E-08,1.41393E-08,1.31101E-08,1.5894E-08,1.61907E-08,1.87514E-08
SDS-Vision,AFR,AGO,EU,HUN,,3.68393E-08,1.65089E-08,1.24315E-08,1.17206E-08,1.34091E-08,1.31305E-08,1.37276E-08
SDS-Vision,AFR,AGO,EU,IRL,,4.19932E-08,2.99673E-08,2.27987E-08,1.90757E-08,1.96061E-08,1.81006E-08,2.06532E-08
SDS-Vision,AFR,AGO,EU,ITA,,3.09825E-08,2.27621E-08,1.71783E-08,1.45867E-08,1.65578E-08,1.6498E-08,1.87044E-08
SDS-Vision,AFR,AGO,EU,LTU,,6.2085E-07,1.5178E-07,2.67606E-08,1.93131E-08,2.10343E-08,2.01615E-08,2.23854E-08
SDS-Vision,AFR,AGO,EU,LVA,,1.71458E-07,1.05575E-07,2.67692E-08,1.92419E-08,1.9095E-08,1.74043E-08,1.70137E-08
SDS-Vision,AFR,AGO,EU,NLD,,2.35838E-08,1.75328E-08,1.56422E-08,1.38209E-08,1.6393E-08,1.59197E-08,1.81171E-08
SDS-Vision,AFR,AGO,EU,POL,,4.25277E-08,1.8234E-08,1.28594E-08,1.14436E-08,1.38037E-08,1.40907E-08,1.67139E-08
SDS-Vision,AFR,AGO,EU,PRT,,7.64872E-07,8.78321E-07,2.40836E-06,3.09984E-07,7.00433E-08,3.95114E-08,3.12405E-08
SDS-Vision,AFR,AGO,EU,ROM,,9.26843E-09,9.25172E-09,9.17849E-09,1.08164E-08,1.3332E-08,1.34396E-08,1.40189E-08
SDS-Vision,AFR,AGO,EU,SVK,,2.25716E-08,1.38784E-08,1.1361E-08,1.08839E-08,1.25461E-08,1.24359E-08,1.28488E-08
SDS-Vision,AFR,AGO,EU,SVN,,5.10365E-08,1.90291E-08,1.41198E-08,1.24936E-08,1.34731E-08,1.29712E-08,1.30545E-08
SDS-Vision,AFR,AGO,EU,SWE,,9.89126E-08,2.05639E-07,1.5716E-07,1.31237E-07,1.18169E-07,6.19055E-08,4.7439E-08
SDS-Vision,AFR,AGO,ROE,CHE,,6.74229E-08,4.13229E-08,2.35754E-08,1.65225E-08,1.62133E-08,1.41022E-08,1.35062E-08
SDS-Vision,AFR,AGO,ROE,SRB,,3.08247E-08,1.64015E-08,1.49796E-08,1.64175E-08,1.82588E-08,1.66768E-08,1.69304E-08
SDS-Vision,AFR,AGO,ROE,TUR,,8.28289E-09,1.16847E-08,1.46645E-08,1.89596E-08,2.62705E-08,2.78538E-08,3.81894E-08
SDS-Vision,AFR,AGO,ROE,UKR,,1.17243E-08,1.03842E-08,9.74038E-09,1.13843E-08,1.35917E-08,1.46572E-08,1.82354E-08
SDS-Vision,AFR,AGO,MEA,ARE,,5.39978E-09,8.38977E-09,9.05267E-09,1.0315E-08,1.35262E-08,1.57457E-08,1.82033E-08
SDS-Vision,AFR,AGO,MEA,BHR,,2.00688E-09,7.76183E-09,8.83617E-09,1.14822E-08,1.36162E-08,1.74427E-08,1.8682E-08
SDS-Vision,AFR,AGO,MEA,ISR,,2.01292E-09,7.7753E-09,8.85572E-09,1.15031E-08,1.34656E-08,1.72141E-08,1.84919E-08
SDS-Vision,AFR,AGO,MEA,KWT,,9.27598E-09,1.85261E-08,1.85256E-08,1.8813E-08,1.88045E-08,2.08625E-08,2.06069E-08
SDS-Vision,AFR,AGO,MEA,OMN,,9.98959E-10,5.47109E-09,6.58264E-09,8.62557E-09,1.14945E-08,1.42533E-08,1.42132E-08
SDS-Vision,AFR,AGO,ASP,BGD,,6.84609E-09,2.11463E-08,2.18256E-08,2.03187E-08,2.29E-08,2.63485E-08,2.67221E-08
SDS-Vision,AFR,AGO,ASP,CHN,,0.060029035,0.21811202,0.266519656,0.595548906,0.309650701,0.332097551,0.084948791
SDS-Vision,AFR,AGO,ASP,IDN,,1.98762E-09,6.24638E-09,7.94441E-09,9.99521E-09,1.31788E-08,1.33757E-08,1.57103E-08
SDS-Vision,AFR,AGO,ASP,IND,,0.303649996,0.225334144,0.277937297,2.44562E-05,0.323655458,0.353034082,0.669956404
SDS-Vision,AFR,AGO,ASP,JPN,,5.5896E-07,8.74403E-07,1.24141E-06,1.59897E-06,2.05585E-06,2.03634E-06,8.08874E-07
SDS-Vision,AFR,AGO,ASP,KOR,,3.25973E-06,3.31893E-06,8.02427E-06,1.17997E-05,1.23323E-05,1.34542E-05,7.6856E-06
SDS-Vision,AFR,AGO,ASP,MYS,,6.55437E-09,1.09039E-08,1.4211E-08,1.86585E-08,2.41498E-08,2.44845E-08,2.71984E-08
SDS-Vision,AFR,AGO,ASP,PAK,,4.6392E-09,1.5126E-08,3.32015E-08,4.85056E-08,7.71721E-08,8.22101E-08,1.22258E-07
SDS-Vision,AFR,AGO,ASP,PHL,,5.04237E-09,1.17388E-08,1.27179E-08,1.44774E-08,1.66253E-08,1.97934E-08,2.0739E-08
SDS-Vision,AFR,AGO,ASP,SGP,,8.1722E-08,3.52879E-08,3.78218E-08,4.3785E-08,5.27437E-08,5.31262E-08,5.41306E-08
SDS-Vision,AFR,AGO,ASP,THA,,1.90632E-08,9.95236E-08,1.4089E-07,1.51584E-07,1.63021E-07,1.47567E-07,1.0445E-07
SDS-Vision,AFR,AGO,ASP,TWN,,3.56475E-06,4.05421E-06,7.23805E-06,1.13825E-05,1.21704E-05,1.39318E-05,8.62847E-06
SDS-Vision,AFR,AGO,ASP,VNM,,,8.21445E-09,9.52522E-09,1.16235E-08,1.33495E-08,1.66785E-08,1.80363E-08
SDS-Vision,AFR,DZA,NAM,CAN,9.16608E-10,5.74857E-09,1.17381E-08,1.31763E-08,1.57279E-08,2.1661E-08,2.2467E-08,2.2663E-08
SDS-Vision,AFR,DZA,NAM,MEX,9.39312E-10,7.03875E-09,1.53949E-08,1.57372E-08,2.0236E-08,2.45755E-08,2.58445E-08,3.02088E-08
SDS-Vision,AFR,DZA,NAM,USA,5.23676E-09,3.21606E-08,7.41191E-08,7.91373E-08,8.92149E-08,1.08814E-07,1.13886E-07,1.17632E-07
SDS-Vision,AFR,DZA,SAM,ARG,1.10365E-07,5.98289E-08,0.274574698,1.124381775,0.994504627,0.898686179,0.840096258,0.70116842
SDS-Vision,AFR,DZA,SAM,BRA,2.56627E-08,2.8158E-08,5.88104E-08,5.86639E-08,0.055340609,0.80075989,1.356587774,1.47542367
SDS-Vision,AFR,DZA,SAM,CHL,0.11333245,8.68982E-08,0.041315934,0.126491361,0.056750086,0.05872163,0.025382303,0.009439063
SDS-Vision,AFR,DZA,SAM,COL,,4.63987E-09,9.85584E-09,1.00274E-08,1.25554E-08,1.62298E-08,1.90873E-08,2.36289E-08
SDS-Vision,AFR,DZA,SAM,TTO,,,4.92551E-09,6.5914E-09,8.39068E-09,1.05373E-08,1.3137E-08,1.61677E-08
SDS-Vision,AFR,DZA,SAM,VEN,,4.548E-09,8.89769E-09,8.87808E-09,9.87945E-09,1.28575E-08,1.50109E-08,1.69555E-08
SDS-Vision,AFR,DZA,EU,AUT,0.420592854,1.30982377,0.786853942,0.242912191,0.33782893,0.599355437,0.366640979,0.338493043
SDS-Vision,AFR,DZA,EU,BEL,0.63695032,0.831920344,0.30482423,0.278433985,0.246276122,0.256531855,9.14258E-07,7.21718E-07
SDS-Vision,AFR,DZA,EU,BGR,2.92517E-08,2.48724E-08,2.22757E-08,2.56535E-08,5.67793E-08,1.14626E-07,1.37198E-07,2.01114E-07
SDS-Vision,AFR,DZA,EU,CZE,0.012184924,0.786505665,0.086849517,2.05567E-07,2.34435E-07,0.000953851,4.00864E-07,4.20727E-07
SDS-Vision,AFR,DZA,EU,DEU,2.760500596,5.98776279,2.59249862,0.645604211,1.95301E-06,6.573E-07,1.88777E-07,2.07922E-07
SDS-Vision,AFR,DZA,EU,DNK,2.91664E-08,1.36633E-07,6.57052E-08,9.87381E-08,1.3766E-07,2.13439E-07,2.10841E-07,2.61604E-07
SDS-Vision,AFR,DZA,EU,ESP,9.486585242,8.33097579,8.711250664,7.998613118,8.417633941,7.317927195,6.63380958,6.377785947
SDS-Vision,AFR,DZA,EU,EST,0.028030399,1.98615E-07,0.004354163,5.54411E-08,5.70486E-08,6.41097E-08,6.77634E-08,8.02046E-08
SDS-Vision,AFR,DZA,EU,FIN,,0.010387582,0.054514363,2.28737E-07,8.9179E-08,1.00292E-07,9.85132E-08,9.54241E-08
SDS-Vision,AFR,DZA,EU,FRA,4.215336881,5.199543419,4.394688325,3.851622085,3.580420716,3.646875897,2.354458307,1.959225183
SDS-Vision,AFR,DZA,EU,GBR,9.76792E-08,9.22593E-08,5.32394E-08,6.0958E-08,7.52466E-08,9.64876E-08,9.43856E-08,1.70762E-07
SDS-Vision,AFR,DZA,EU,GRC,6.85411E-08,4.80272E-08,4.51438E-08,4.805E-08,1.02076E-07,2.07648E-07,2.39199E-07,3.38257E-07
SDS-Vision,AFR,DZA,EU,HRV,0.017683856,0.177000819,0.076881676,0.023742648,0.025190649,0.04251851,0.029431686,0.053812312
SDS-Vision,AFR,DZA,EU,HUN,1.40839E-07,0.779214139,0.132466994,2.09335E-07,2.68375E-07,0.022723058,1.48866E-06,0.203398285
SDS-Vision,AFR,DZA,EU,IRL,1.47017E-07,1.60448E-07,1.03657E-07,1.14672E-07,1.36164E-07,1.69558E-07,1.52285E-07,2.61872E-07
SDS-Vision,AFR,DZA,EU,ITA,8.786147945,10.18474605,7.112367945,4.093284097,3.875659651,3.730815664,3.075871305,2.99460988
SDS-Vision,AFR,DZA,EU,LTU,0.099257613,4.12034E-07,0.016382561,5.73099E-08,5.33724E-08,5.99717E-08,6.46258E-08,7.7525E-08
SDS-Vision,AFR,DZA,EU,LVA,0.081505183,1.50503E-07,0.008630954,5.1584E-08,5.07271E-08,5.71005E-08,5.95809E-08,7.20382E-08
SDS-Vision,AFR,DZA,EU,NLD,0.103853188,0.440655832,2.09997E-07,2.81676E-07,3.09282E-07,4.59936E-07,2.0003E-07,2.11606E-07
SDS-Vision,AFR,DZA,EU,POL,9.35233E-08,0.293730982,1.0921E-07,5.16539E-08,4.56575E-08,5.02834E-08,5.48359E-08,6.58445E-08
SDS-Vision,AFR,DZA,EU,PRT,1.621250355,1.331748949,1.4398212,1.193342069,1.511795069,1.409168598,1.293577258,1.218698586
SDS-Vision,AFR,DZA,EU,ROM,2.35411E-08,1.91634E-08,1.72864E-08,2.08201E-08,4.64058E-08,9.50548E-08,1.15251E-07,1.72301E-07
SDS-Vision,AFR,DZA,EU,SVK,0.00667552,0.45849645,0.046370457,1.3013E-07,1.9377E-07,0.000633612,3.30052E-06,0.084907767
SDS-Vision,AFR,DZA,EU,SVN,0.065454704,0.149355748,0.059678353,0.038288643,0.033058012,0.046581722,0.045534628,0.075446872
SDS-Vision,AFR,DZA,EU,SWE,7.53381E-08,0.030055673,0.110274725,0.104724986,0.057053379,0.026930443,6.16879E-07,6.74039E-07
SDS-Vision,AFR,DZA,ROE,CHE,0.246576034,0.480244745,0.471372841,0.492708499,0.475159605,0.504505754,0.33216174,0.345486745
SDS-Vision,AFR,DZA,ROE,SRB,1.31859E-07,0.150083404,5.02299E-08,6.72146E-08,4.01209E-07,0.018251101,5.32725E-06,0.180684203
SDS-Vision,AFR,DZA,ROE,TUR,6.98555E-08,1.12989E-08,1.854E-08,3.42571E-08,9.77269E-08,2.22533E-07,3.37649E-07,5.30854E-07
SDS-Vision,AFR,DZA,ROE,UKR,9.83676E-09,9.86632E-08,2.52444E-08,2.46009E-08,3.37631E-08,5.15526E-08,6.53339E-08,1.1862E-07
SDS-Vision,AFR,DZA,MEA,ARE,1.19465E-09,5.85425E-09,1.01871E-08,1.09407E-08,1.35139E-08,1.59768E-08,1.85671E-08,2.09101E-08
SDS-Vision,AFR,DZA,MEA,BHR,,2.15202E-09,9.07361E-09,1.15165E-08,1.31243E-08,1.74792E-08,1.97903E-08,2.09687E-08
SDS-Vision,AFR,DZA,MEA,ISR,,2.1895E-09,9.22869E-09,1.16968E-08,1.33106E-08,1.74759E-08,1.96922E-08,2.09164E-08
SDS-Vision,AFR,DZA,MEA,KWT,8.55068E-09,1.12424E-08,3.08016E-08,3.01978E-08,2.51506E-08,2.33007E-08,2.44748E-08,2.35163E-08
SDS-Vision,AFR,DZA,MEA,OMN,6.96906E-10,2.29778E-09,6.30761E-09,7.7241E-09,1.01955E-08,1.39368E-08,1.74359E-08,1.6972E-08
SDS-Vision,AFR,DZA,ASP,BGD,,7.69653E-09,2.88083E-08,2.84703E-08,2.38854E-08,2.67612E-08,3.00716E-08,3.00121E-08
SDS-Vision,AFR,DZA,ASP,CHN,0.253199936,0.86961731,9.508241462,18.266111,19.82373721,20.66347377,20.43704664,20.38572649
SDS-Vision,AFR,DZA,ASP,IDN,6.39593E-10,2.11263E-09,7.3267E-09,9.52087E-09,1.31815E-08,1.55913E-08,1.54223E-08,1.76793E-08
SDS-Vision,AFR,DZA,ASP,IND,0.550728603,0.589671999,5.742497451,7.56199182,8.418331547,8.929054529,10.31222307,11.15532976
SDS-Vision,AFR,DZA,ASP,JPN,7.087410866,1.143344524,2.696718896,4.1065254,3.203741117,2.2246999,1.337418635,0.595032636
SDS-Vision,AFR,DZA,ASP,KOR,2.295550882,0.600840322,1.958689846,3.084501155,2.9590637,2.852210859,2.6024324,2.593068093
SDS-Vision,AFR,DZA,ASP,MYS,6.23475E-09,7.02307E-09,1.27634E-08,1.69278E-08,2.34559E-08,2.87417E-08,3.02725E-08,3.08504E-08
SDS-Vision,AFR,DZA,ASP,PAK,6.72404E-10,5.06766E-09,2.46286E-08,1.12478E-07,1.9984E-07,3.86059E-07,2.73525E-07,4.92464E-07
SDS-Vision,AFR,DZA,ASP,PHL,,5.4302E-09,1.43921E-08,1.55147E-08,1.68836E-08,1.93687E-08,2.25805E-08,2.33331E-08
SDS-Vision,AFR,DZA,ASP,SGP,7.73514E-08,8.65359E-08,4.33272E-08,4.63368E-08,5.30645E-08,6.42466E-08,6.22954E-08,6.23213E-08
SDS-Vision,AFR,DZA,ASP,THA,8.98407E-09,2.24669E-08,0.336145861,2.183275338,1.145047297,0.351870848,5.35285E-07,2.32783E-07
SDS-Vision,AFR,DZA,ASP,TWN,1.395201811,0.282705487,1.033598009,1.703111368,1.523225914,1.429080613,1.326931174,1.336189923
SDS-Vision,AFR,DZA,ASP,VNM,,,9.61713E-09,1.12303E-08,1.32617E-08,1.52067E-08,1.86863E-08,2.00498E-08
SDS-Vision,AFR,EGY,NAM,CAN,7.49933E-10,4.21432E-09,5.93308E-09,1.15545E-08,1.40351E-08,1.95073E-08,2.06761E-08,2.11102E-08
SDS-Vision,AFR,EGY,NAM,MEX,7.75646E-10,3.73941E-09,1.01094E-08,1.33995E-08,1.55512E-08,2.1838E-08,2.34656E-08,2.80021E-08
SDS-Vision,AFR,EGY,NAM,USA,2.67816E-09,2.11607E-08,4.2678E-08,6.80812E-08,8.05329E-08,9.8902E-08,1.05237E-07,1.09706E-07
SDS-Vision,AFR,EGY,SAM,ARG,6.94132E-09,1.77072E-08,3.50618E-08,1.18446E-07,1.46228E-07,1.99345E-07,2.33201E-07,2.16154E-07
SDS-Vision,AFR,EGY,SAM,BRA,1.17437E-08,1.34109E-08,2.35558E-08,3.89795E-08,1.16123E-07,2.39981E-07,3.9663E-07,4.5169E-07
SDS-Vision,AFR,EGY,SAM,CHL,2.12685E-08,4.22542E-08,1.06712E-07,1.83568E-07,1.97293E-07,2.65195E-07,3.08288E-07,2.75776E-07
SDS-Vision,AFR,EGY,SAM,COL,,2.34092E-09,7.08815E-09,8.90307E-09,1.14713E-08,1.48283E-08,1.76064E-08,2.19148E-08
SDS-Vision,AFR,EGY,SAM,TTO,,,2.49807E-09,5.97616E-09,7.66706E-09,9.6513E-09,1.20678E-08,1.47855E-08
SDS-Vision,AFR,EGY,SAM,VEN,,2.29409E-09,6.22179E-09,7.82039E-09,8.91428E-09,1.1601E-08,1.369E-08,1.54788E-08
SDS-Vision,AFR,EGY,EU,AUT,3.99032E-09,1.60225E-08,1.35367E-08,1.46082E-08,1.34123E-08,1.50865E-08,1.41766E-08,1.38969E-08
SDS-Vision,AFR,EGY,EU,BEL,8.5757E-09,1.781E-08,1.59175E-08,2.06967E-08,1.68691E-08,1.93638E-08,1.82286E-08,2.02158E-08
SDS-Vision,AFR,EGY,EU,BGR,4.46622E-09,9.46468E-09,9.63123E-09,1.17907E-08,1.37957E-08,1.70251E-08,1.677E-08,1.71529E-08
SDS-Vision,AFR,EGY,EU,CZE,5.85243E-09,1.79028E-08,1.31417E-08,1.46327E-08,1.30958E-08,1.5146E-08,1.3918E-08,1.368E-08
SDS-Vision,AFR,EGY,EU,DEU,7.69006E-09,1.51353E-08,1.4795E-08,1.78056E-08,1.64581E-08,1.77529E-08,1.92556E-08,1.99435E-08
SDS-Vision,AFR,EGY,EU,DNK,3.56838E-09,9.83289E-09,1.23968E-08,1.87517E-08,1.75821E-08,1.6512E-08,1.49526E-08,1.44199E-08
SDS-Vision,AFR,EGY,EU,ESP,2.761584652,1.18118E-07,1.0453E-07,1.24242E-06,1.71081E-07,9.11116E-08,5.30432E-08,4.79633E-08
SDS-Vision,AFR,EGY,EU,EST,1.50367E-07,2.90838E-08,2.73502E-08,3.22093E-08,2.49741E-08,2.52063E-08,2.54199E-08,2.51391E-08
SDS-Vision,AFR,EGY,EU,FIN,,7.40554E-08,9.02239E-08,7.86189E-08,4.24531E-08,4.14299E-08,3.36318E-08,3.07261E-08
SDS-Vision,AFR,EGY,EU,FRA,1.62708E-08,4.85575E-08,2.49696E-08,3.10727E-08,2.17395E-08,2.49999E-08,2.33774E-08,2.7544E-08
SDS-Vision,AFR,EGY,EU,GBR,8.23879E-09,1.37949E-08,1.30263E-08,1.63225E-08,1.46277E-08,1.73827E-08,1.70203E-08,2.00851E-08
SDS-Vision,AFR,EGY,EU,GRC,2.36217E-08,1.65739E-08,1.77502E-08,2.06536E-08,2.02312E-08,2.55123E-08,2.41952E-08,2.59381E-08
SDS-Vision,AFR,EGY,EU,HRV,4.28559E-09,1.58378E-08,1.35059E-08,1.56917E-08,1.43868E-08,1.73656E-08,1.76878E-08,2.0296E-08
SDS-Vision,AFR,EGY,EU,HUN,3.94781E-09,1.92702E-08,1.26685E-08,1.38165E-08,1.29048E-08,1.48413E-08,1.45075E-08,1.50983E-08
SDS-Vision,AFR,EGY,EU,IRL,1.29987E-08,2.32101E-08,2.10694E-08,2.58658E-08,2.13115E-08,2.18046E-08,2.1791E-08,2.24665E-08
SDS-Vision,AFR,EGY,EU,ITA,9.13603E-09,1.73919E-08,1.6453E-08,1.96303E-08,1.62813E-08,1.83112E-08,1.81741E-08,2.036E-08
SDS-Vision,AFR,EGY,EU,LTU,3.04572E-07,4.85134E-08,2.73609E-08,3.02706E-08,2.15169E-08,2.33763E-08,2.22524E-08,2.44507E-08
SDS-Vision,AFR,EGY,EU,LVA,9.40456E-08,2.78009E-08,2.44157E-08,2.98286E-08,2.12719E-08,2.11963E-08,1.92381E-08,1.87062E-08
SDS-Vision,AFR,EGY,EU,NLD,6.89741E-09,1.38324E-08,1.34253E-08,1.75272E-08,1.52651E-08,1.80526E-08,1.74439E-08,1.9627E-08
SDS-Vision,AFR,EGY,EU,POL,7.70255E-09,1.88352E-08,1.37272E-08,1.42903E-08,1.24336E-08,1.49397E-08,1.52229E-08,1.79145E-08
SDS-Vision,AFR,EGY,EU,PRT,3.84546E-07,9.05773E-08,1.50803E-07,1.6038E-06,3.32808E-07,8.17931E-08,4.69518E-08,3.58669E-08
SDS-Vision,AFR,EGY,EU,ROM,3.81418E-09,7.77923E-09,8.10254E-09,9.98649E-09,1.17911E-08,1.46463E-08,1.48189E-08,1.54714E-08
SDS-Vision,AFR,EGY,EU,SVK,3.31053E-09,1.48907E-08,1.12632E-08,1.26867E-08,1.19744E-08,1.38885E-08,1.37221E-08,1.40714E-08
SDS-Vision,AFR,EGY,EU,SVN,6.71102E-09,2.06394E-08,1.37477E-08,1.56784E-08,1.37056E-08,1.47326E-08,1.41439E-08,1.41642E-08
SDS-Vision,AFR,EGY,EU,SWE,1.03273E-08,4.63894E-08,1.58102E-07,1.71809E-07,1.38411E-07,1.2499E-07,7.16348E-08,5.21853E-08
SDS-Vision,AFR,EGY,ROE,CHE,1.74451E-08,3.16432E-08,2.4148E-08,2.7564E-08,1.87566E-08,1.83342E-08,1.5754E-08,1.49038E-08
SDS-Vision,AFR,EGY,ROE,SRB,1.05497E-08,2.22912E-08,1.33268E-08,1.7051E-08,1.8568E-08,2.06014E-08,1.87545E-08,1.89541E-08
SDS-Vision,AFR,EGY,ROE,TUR,1.9592E-08,7.03168E-09,1.03405E-08,1.6791E-08,2.19388E-08,3.12218E-08,3.34302E-08,4.67426E-08
SDS-Vision,AFR,EGY,ROE,UKR,2.54498E-09,9.20436E-09,9.04719E-09,1.05037E-08,1.22247E-08,1.4702E-08,1.77634E-08,1.97434E-08
SDS-Vision,AFR,EGY,MEA,ARE,9.83959E-10,2.88375E-09,7.4008E-09,9.88107E-09,1.25241E-08,1.49127E-08,1.74734E-08,1.9905E-08
SDS-Vision,AFR,EGY,MEA,BHR,,2.01799E-09,7.33862E-09,9.52845E-09,1.23675E-08,1.48116E-08,1.89695E-08,2.01936E-08
SDS-Vision,AFR,EGY,MEA,ISR,,,2.94991E-09,3.57298E-09,6.30719E-09,8.95525E-09,1.04205E-08,1.31683E-08
SDS-Vision,AFR,EGY,MEA,KWT,2.97566E-09,4.23913E-09,1.09435E-08,2.18098E-08,2.15721E-08,2.12061E-08,2.30929E-08,2.24932E-08
SDS-Vision,AFR,EGY,MEA,OMN,,9.03441E-10,3.22737E-09,7.10827E-09,9.44231E-09,1.28513E-08,1.61359E-08,1.58948E-08
SDS-Vision,AFR,EGY,ASP,BGD,,3.57188E-09,1.74669E-08,2.42431E-08,2.2027E-08,2.49851E-08,2.8595E-08,2.87676E-08
SDS-Vision,AFR,EGY,ASP,CHN,6.91731E-08,1.46061E-07,0.322352637,4.306129362,6.070859199,2.534171022,0.084938101,1.15304E-05
SDS-Vision,AFR,EGY,ASP,IDN,,1.98497E-09,4.0224E-09,8.60556E-09,1.09512E-08,1.44907E-08,1.46548E-08,1.6972E-08
SDS-Vision,AFR,EGY,ASP,IND,8.40549E-08,2.65602E-07,2.171613193,3.836890873,4.585935389,8.95033953,14.3512824,15.85933465
SDS-Vision,AFR,EGY,ASP,JPN,1.94153E-05,8.47816E-08,5.84714E-07,1.11002E-06,1.51056E-06,1.62926E-06,1.72773E-06,8.309E-07
SDS-Vision,AFR,EGY,ASP,KOR,0.262635412,9.55348E-08,1.56121E-06,3.56227E-06,6.20723E-06,4.75426E-06,5.15455E-06,3.3853E-06
SDS-Vision,AFR,EGY,ASP,MYS,4.72761E-09,3.63905E-09,1.00676E-08,1.53598E-08,2.16007E-08,2.66218E-08,2.87326E-08,2.95078E-08
SDS-Vision,AFR,EGY,ASP,PAK,,2.63528E-09,1.13586E-08,4.40838E-08,6.73278E-08,1.10293E-07,1.17844E-07,1.72291E-07
SDS-Vision,AFR,EGY,ASP,PHL,,2.75697E-09,1.01835E-08,1.36382E-08,1.54778E-08,1.79575E-08,2.13484E-08,2.22274E-08
SDS-Vision,AFR,EGY,ASP,SGP,2.36207E-08,3.52796E-08,3.11109E-08,4.1292E-08,4.82176E-08,5.88226E-08,5.87077E-08,5.92446E-08
SDS-Vision,AFR,EGY,ASP,THA,5.32153E-09,1.07345E-08,6.20006E-08,1.81841E-07,2.0093E-07,2.10772E-07,1.94577E-07,1.33342E-07
SDS-Vision,AFR,EGY,ASP,TWN,0.141491859,4.68273E-08,1.51175E-06,2.71945E-06,4.43777E-06,3.79025E-06,4.04308E-06,2.48229E-06
SDS-Vision,AFR,EGY,ASP,VNM,,,7.40759E-09,1.02426E-08,1.24553E-08,1.44029E-08,1.7934E-08,1.9318E-08
SDS-Vision,AFR,GNQ,NAM,CAN,7.90599E-10,5.89203E-09,1.07687E-08,1.18821E-08,1.43643E-08,1.99672E-08,2.10928E-08,2.14865E-08
SDS-Vision,AFR,GNQ,NAM,MEX,8.14742E-10,7.10463E-09,1.39116E-08,1.38856E-08,1.60181E-08,2.24454E-08,2.40395E-08,2.85648E-08
SDS-Vision,AFR,GNQ,NAM,USA,2.80781E-09,3.46783E-08,6.70654E-08,6.99795E-08,8.22736E-08,1.01067E-07,1.07276E-07,1.11638E-07
SDS-Vision,AFR,GNQ,SAM,ARG,1.02792E-08,1.75129E-07,2.97737E-07,4.38044E-07,8.03967E-07,1.44568E-06,4.005E-06,7.24099E-07
SDS-Vision,AFR,GNQ,SAM,BRA,1.43187E-08,3.40152E-08,4.67913E-08,4.4255E-08,1.70418E-07,5.35577E-07,6.3838E-06,1.90512E-06
SDS-Vision,AFR,GNQ,SAM,CHL,4.00299E-08,1.46366E-07,2.9554E-07,3.31335E-07,3.27732E-07,4.54947E-07,5.07317E-07,4.1785E-07
SDS-Vision,AFR,GNQ,SAM,COL,,4.68194E-09,9.0556E-09,9.13767E-09,1.17001E-08,1.51444E-08,1.79733E-08,2.23627E-08
SDS-Vision,AFR,GNQ,SAM,TTO,,,4.68309E-09,6.11048E-09,7.82384E-09,9.85851E-09,1.2342E-08,1.51501E-08
SDS-Vision,AFR,GNQ,SAM,VEN,,4.58934E-09,8.14279E-09,8.04263E-09,9.11953E-09,1.18868E-08,1.40198E-08,1.58652E-08
SDS-Vision,AFR,GNQ,EU,AUT,6.2755E-09,3.9514E-08,2.24022E-08,1.47676E-08,1.34584E-08,1.5148E-08,1.42187E-08,1.39416E-08
SDS-Vision,AFR,GNQ,EU,BEL,9.77297E-09,5.71379E-08,2.85802E-08,2.11594E-08,1.69947E-08,1.94845E-08,1.83004E-08,2.02936E-08
SDS-Vision,AFR,GNQ,EU,BGR,4.77577E-09,1.35233E-08,1.28927E-08,1.18165E-08,1.37838E-08,1.70393E-08,1.67929E-08,1.71901E-08
SDS-Vision,AFR,GNQ,EU,CZE,6.40466E-09,5.31348E-08,2.13478E-08,1.48385E-08,1.31557E-08,1.52211E-08,1.3965E-08,1.37272E-08
SDS-Vision,AFR,GNQ,EU,DEU,8.69529E-09,3.75639E-08,2.45445E-08,1.81046E-08,1.65469E-08,1.78396E-08,1.93223E-08,2.00162E-08
SDS-Vision,AFR,GNQ,EU,DNK,5.71818E-09,1.57902E-08,1.83187E-08,1.90669E-08,1.77108E-08,1.66155E-08,1.50165E-08,1.44795E-08
SDS-Vision,AFR,GNQ,EU,ESP,3.443519633,0.355407189,1.34745E-06,5.23992E-06,1.84725E-07,9.34293E-08,5.36432E-08,4.82804E-08
SDS-Vision,AFR,GNQ,EU,EST,9.5176E-07,5.74041E-07,1.67276E-07,3.33808E-08,2.52939E-08,2.54771E-08,2.56096E-08,2.53108E-08
SDS-Vision,AFR,GNQ,EU,FIN,,4.17235E-07,1.92675E-07,8.29927E-08,4.3292E-08,4.21137E-08,3.40105E-08,3.09933E-08
SDS-Vision,AFR,GNQ,EU,FRA,2.0199E-08,6.45377E-07,6.56943E-08,3.2003E-08,2.19149E-08,2.51498E-08,2.34596E-08,2.7635E-08
SDS-Vision,AFR,GNQ,EU,GBR,9.29974E-09,2.94045E-08,2.0215E-08,1.6628E-08,1.47315E-08,1.74848E-08,1.70848E-08,2.01628E-08
SDS-Vision,AFR,GNQ,EU,GRC,2.43711E-08,2.53642E-08,2.44624E-08,2.05948E-08,2.01519E-08,2.54734E-08,2.41859E-08,2.59558E-08
SDS-Vision,AFR,GNQ,EU,HRV,6.49671E-09,3.49163E-08,2.11214E-08,1.58246E-08,1.44219E-08,1.74111E-08,1.7723E-08,2.03365E-08
SDS-Vision,AFR,GNQ,EU,HUN,6.09566E-09,5.30955E-08,1.99621E-08,1.39423E-08,1.29377E-08,1.48923E-08,1.45479E-08,1.51492E-08
SDS-Vision,AFR,GNQ,EU,IRL,1.52914E-08,5.73559E-08,3.76836E-08,2.653E-08,2.15231E-08,2.1979E-08,2.18998E-08,2.25765E-08
SDS-Vision,AFR,GNQ,EU,ITA,1.02448E-08,4.92539E-08,2.95673E-08,1.98834E-08,1.63363E-08,1.83694E-08,1.82143E-08,2.04066E-08
SDS-Vision,AFR,GNQ,EU,LTU,0.010985409,1.88114E-06,1.84424E-07,3.14248E-08,2.1782E-08,2.36047E-08,2.24086E-08,2.4606E-08
SDS-Vision,AFR,GNQ,EU,LVA,4.86413E-07,3.32953E-07,1.23268E-07,3.0983E-08,2.15564E-08,2.14352E-08,1.93955E-08,1.88488E-08
SDS-Vision,AFR,GNQ,EU,NLD,7.71403E-09,3.29819E-08,2.14432E-08,1.78576E-08,1.53661E-08,1.81553E-08,1.75087E-08,1.97002E-08
SDS-Vision,AFR,GNQ,EU,POL,8.69051E-09,6.60528E-08,2.25897E-08,1.44944E-08,1.24902E-08,1.5001E-08,1.52691E-08,1.79736E-08
SDS-Vision,AFR,GNQ,EU,PRT,0.483612983,0.493909502,1.34872E-06,0.386854924,3.72943E-07,8.38443E-08,4.76314E-08,3.62076E-08
SDS-Vision,AFR,GNQ,EU,ROM,4.05566E-09,1.04153E-08,1.03731E-08,1.0016E-08,1.17956E-08,1.46708E-08,1.48459E-08,1.55087E-08
SDS-Vision,AFR,GNQ,EU,SVK,3.55557E-09,3.22276E-08,1.67615E-08,1.28219E-08,1.20151E-08,1.39433E-08,1.37641E-08,1.4121E-08
SDS-Vision,AFR,GNQ,EU,SVN,7.34958E-09,6.41954E-08,2.30189E-08,1.58319E-08,1.37493E-08,1.47892E-08,1.41885E-08,1.42144E-08
SDS-Vision,AFR,GNQ,EU,SWE,1.12472E-08,1.23612E-07,2.47719E-07,1.87699E-07,1.4839E-07,1.32073E-07,7.23968E-08,5.25156E-08
SDS-Vision,AFR,GNQ,ROE,CHE,2.06623E-08,1.04049E-07,5.55489E-08,2.82328E-08,1.88944E-08,1.84511E-08,1.58159E-08,1.4961E-08
SDS-Vision,AFR,GNQ,ROE,SRB,1.13113E-08,3.70758E-08,1.98355E-08,1.71229E-08,1.85631E-08,2.06365E-08,1.87905E-08,1.90059E-08
SDS-Vision,AFR,GNQ,ROE,TUR,2.01618E-08,9.3656E-09,1.34108E-08,1.67111E-08,2.17816E-08,3.10377E-08,3.32615E-08,4.64188E-08
SDS-Vision,AFR,GNQ,ROE,UKR,2.68008E-09,1.39473E-08,1.17067E-08,1.05661E-08,1.22352E-08,1.47202E-08,1.77692E-08,1.97575E-08
SDS-Vision,AFR,GNQ,MEA,ARE,1.00639E-09,5.84019E-09,9.25221E-09,9.75826E-09,1.11408E-08,1.47175E-08,1.72456E-08,1.9694E-08
SDS-Vision,AFR,GNQ,MEA,BHR,,2.083E-09,8.3731E-09,9.41576E-09,1.22144E-08,1.46453E-08,1.87816E-08,2.00169E-08
SDS-Vision,AFR,GNQ,MEA,ISR,,2.1185E-09,8.50803E-09,9.56222E-09,1.23783E-08,1.46301E-08,1.87003E-08,1.99752E-08
SDS-Vision,AFR,GNQ,MEA,KWT,3.42026E-09,1.12996E-08,2.23737E-08,2.11693E-08,2.09614E-08,2.0823E-08,2.27863E-08,2.22612E-08
SDS-Vision,AFR,GNQ,MEA,OMN,6.27838E-10,2.29439E-09,5.89808E-09,7.03723E-09,9.3038E-09,1.26581E-08,1.5875E-08,1.56765E-08
SDS-Vision,AFR,GNQ,ASP,BGD,,7.85179E-09,2.46791E-08,2.4323E-08,2.19944E-08,2.49653E-08,2.85727E-08,2.87588E-08
SDS-Vision,AFR,GNQ,ASP,CHN,7.58985E-08,0.893494968,2.38811501,5.273769669,7.994325984,6.405027307,4.754639082,3.592325738
SDS-Vision,AFR,GNQ,ASP,IDN,,2.07778E-09,6.83207E-09,8.638E-09,1.09537E-08,1.45027E-08,1.46603E-08,1.6984E-08
SDS-Vision,AFR,GNQ,ASP,IND,8.93703E-08,2.951539966,2.416063022,0.883746894,1.6781E-05,2.61765561,4.808595828,5.978101447
SDS-Vision,AFR,GNQ,ASP,JPN,1.29522E-05,7.89102E-07,9.52547E-07,1.4359E-06,1.70492E-06,1.99989E-06,2.13898E-06,9.53913E-07
SDS-Vision,AFR,GNQ,ASP,KOR,0.789449409,1.56557E-05,3.14714E-06,8.09784E-06,1.1231E-05,1.09276E-05,1.25066E-05,6.62287E-06
SDS-Vision,AFR,GNQ,ASP,MYS,4.95796E-09,7.058E-09,1.19168E-08,1.5415E-08,2.16059E-08,2.66508E-08,2.87483E-08,2.95324E-08
SDS-Vision,AFR,GNQ,ASP,PAK,,5.0208E-09,1.83415E-08,4.22552E-08,6.23295E-08,1.01551E-07,1.094E-07,1.58842E-07
SDS-Vision,AFR,GNQ,ASP,PHL,,5.5486E-09,1.32493E-08,1.40199E-08,1.57683E-08,1.82724E-08,2.16529E-08,2.25164E-08
SDS-Vision,AFR,GNQ,ASP,SGP,2.58472E-08,1.11761E-07,3.9535E-08,4.14971E-08,4.82333E-08,5.88983E-08,5.87458E-08,5.93028E-08
SDS-Vision,AFR,GNQ,ASP,THA,5.67524E-09,2.53427E-08,1.33919E-07,1.9309E-07,2.0273E-07,2.15284E-07,1.97225E-07,1.35152E-07
SDS-Vision,AFR,GNQ,ASP,TWN,9.07041E-07,2.82842E-05,2.44593E-06,4.40508E-06,6.63448E-06,6.74061E-06,7.72715E-06,5.06054E-06
SDS-Vision,AFR,GNQ,ASP,VNM,,,8.99394E-09,1.02898E-08,1.24643E-08,1.44205E-08,1.79516E-08,1.934E-08
SDS-Vision,AFR,LBY,NAM,CAN,,3.63643E-09,8.21253E-09,1.17272E-08,1.4176E-08,1.96677E-08,2.07936E-08,2.11995E-08
SDS-Vision,AFR,LBY,NAM,MEX,,3.13017E-09,1.07726E-08,1.36181E-08,1.57117E-08,2.19991E-08,2.35823E-08,2.80941E-08
SDS-Vision,AFR,LBY,NAM,USA,,1.4992E-08,4.92525E-08,6.90533E-08,8.12299E-08,9.96099E-08,1.0578E-07,1.10132E-07
SDS-Vision,AFR,LBY,SAM,ARG,,9.5506E-09,3.17385E-08,1.48544E-07,1.82164E-07,2.41057E-07,2.83574E-07,2.49941E-07
SDS-Vision,AFR,LBY,SAM,BRA,,1.11826E-08,2.43038E-08,4.03938E-08,1.25712E-07,2.71842E-07,4.75562E-07,5.23069E-07
SDS-Vision,AFR,LBY,SAM,CHL,,2.20451E-08,6.76062E-08,2.1265E-07,2.18294E-07,2.94847E-07,3.37755E-07,2.94553E-07
SDS-Vision,AFR,LBY,SAM,COL,,7.67669E-10,7.38245E-09,9.00391E-09,1.15434E-08,1.49055E-08,1.76756E-08,2.19882E-08
SDS-Vision,AFR,LBY,SAM,TTO,,,2.34326E-09,6.03461E-09,7.71799E-09,9.70587E-09,1.21296E-08,1.48568E-08
SDS-Vision,AFR,LBY,SAM,VEN,,7.51702E-10,6.50767E-09,7.91737E-09,8.98125E-09,1.16747E-08,1.37579E-08,1.55485E-08
SDS-Vision,AFR,LBY,EU,AUT,1.60802E-08,1.76583E-07,5.88911E-08,4.81655E-08,7.60102E-08,2.4147E-07,2.23304E-07,2.80169E-07
SDS-Vision,AFR,LBY,EU,BEL,1.25562E-08,2.23553E-08,3.15266E-08,4.79412E-08,6.14331E-08,8.96145E-08,9.39216E-08,1.10078E-07
SDS-Vision,AFR,LBY,EU,BGR,1.00493E-08,1.06677E-08,1.41605E-08,1.78177E-08,3.26171E-08,5.82055E-08,8.16088E-08,1.10383E-07
SDS-Vision,AFR,LBY,EU,CZE,1.13992E-08,5.69093E-08,3.41528E-08,3.57795E-08,4.61988E-08,9.88865E-08,9.78107E-08,1.20984E-07
SDS-Vision,AFR,LBY,EU,DEU,1.62899E-08,2.52917E-08,3.35123E-08,4.29532E-08,5.24689E-08,6.77251E-08,7.23469E-08,8.85953E-08
SDS-Vision,AFR,LBY,EU,DNK,8.10345E-09,1.29002E-08,2.12607E-08,3.62251E-08,5.1519E-08,6.47577E-08,8.39439E-08,1.07985E-07
SDS-Vision,AFR,LBY,EU,ESP,8.02234E-09,3.08896E-08,1.05998E-07,0.413387714,2.12841E-07,1.62187E-07,1.75322E-07,2.5379E-07
SDS-Vision,AFR,LBY,EU,EST,,1.42115E-08,3.17336E-08,3.63668E-08,3.67085E-08,4.40229E-08,5.16604E-08,6.11477E-08
SDS-Vision,AFR,LBY,EU,FIN,,3.17064E-08,6.1916E-08,8.71397E-08,5.96622E-08,7.04788E-08,7.43306E-08,7.46662E-08
SDS-Vision,AFR,LBY,EU,FRA,2.11933E-08,9.52142E-08,9.3592E-08,1.77704E-07,2.34078E-07,4.03711E-07,2.23101E-07,2.35299E-07
SDS-Vision,AFR,LBY,EU,GBR,9.96371E-09,1.38691E-08,1.91397E-08,2.51756E-08,3.26858E-08,4.37299E-08,5.34133E-08,8.10447E-08
SDS-Vision,AFR,LBY,EU,GRC,2.29025E-08,1.77098E-08,2.65427E-08,3.21186E-08,5.53003E-08,1.01047E-07,1.40124E-07,1.81558E-07
SDS-Vision,AFR,LBY,EU,HRV,1.31652E-08,3.55757E-08,4.14761E-08,4.71626E-08,6.52045E-08,1.0851E-07,1.55195E-07,3.20897E-07
SDS-Vision,AFR,LBY,EU,HUN,1.09252E-08,7.03065E-08,3.71158E-08,3.53895E-08,4.81224E-08,9.05591E-08,1.28744E-07,3.92774E-07
SDS-Vision,AFR,LBY,EU,IRL,1.66698E-08,2.34715E-08,3.45576E-08,4.48089E-08,5.48966E-08,7.036E-08,8.07197E-08,1.19447E-07
SDS-Vision,AFR,LBY,EU,ITA,7.432442374,7.550188811,7.899682922,7.403830331,6.461049031,6.500321213,6.086376758,6.193508929
SDS-Vision,AFR,LBY,EU,LTU,,1.55583E-08,3.35449E-08,3.57415E-08,3.39454E-08,4.11557E-08,4.88975E-08,5.94041E-08
SDS-Vision,AFR,LBY,EU,LVA,,1.30776E-08,2.90246E-08,3.41268E-08,3.21636E-08,3.8807E-08,4.43166E-08,5.42938E-08
SDS-Vision,AFR,LBY,EU,NLD,9.86604E-09,1.66259E-08,2.30337E-08,3.35645E-08,4.39576E-08,6.25786E-08,7.12312E-08,8.48831E-08
SDS-Vision,AFR,LBY,EU,POL,1.36072E-08,2.63186E-08,2.63283E-08,2.50926E-08,2.73098E-08,3.35369E-08,4.07864E-08,4.9596E-08
SDS-Vision,AFR,LBY,EU,PRT,7.5907E-09,3.58641E-08,1.17438E-07,1.91832E-05,3.83306E-07,1.22409E-07,1.46585E-07,2.02157E-07
SDS-Vision,AFR,LBY,EU,ROM,8.65544E-09,8.93496E-09,1.15459E-08,1.47163E-08,2.67735E-08,4.7578E-08,6.68263E-08,9.13133E-08
SDS-Vision,AFR,LBY,EU,SVK,9.5301E-09,5.42967E-08,2.79795E-08,2.95761E-08,4.06587E-08,7.75705E-08,1.13938E-07,2.51929E-07
SDS-Vision,AFR,LBY,EU,SVN,2.39108E-08,0.015426555,5.65015E-08,6.04618E-08,8.23978E-08,1.53135E-07,2.23466E-07,9.12383E-07
SDS-Vision,AFR,LBY,EU,SWE,1.63126E-08,4.25728E-08,1.28057E-07,2.13598E-07,2.07827E-07,2.37262E-07,2.41514E-07,2.80418E-07
SDS-Vision,AFR,LBY,ROE,CHE,0.083940173,0.07153002,0.080355727,6.68417E-06,4.42778E-07,6.50346E-07,2.9693E-07,3.36603E-07
SDS-Vision,AFR,LBY,ROE,SRB,2.0337E-08,4.06941E-08,2.42049E-08,3.40574E-08,8.29099E-08,1.61104E-07,2.33085E-07,8.76947E-07
SDS-Vision,AFR,LBY,ROE,TUR,1.51549E-08,6.9467E-09,1.29313E-08,2.38286E-08,5.46041E-08,1.10454E-07,1.87838E-07,2.74043E-07
SDS-Vision,AFR,LBY,ROE,UKR,3.67242E-09,1.3096E-08,1.40005E-08,1.60912E-08,2.24987E-08,3.2872E-08,4.60362E-08,7.20148E-08
SDS-Vision,AFR,LBY,MEA,ARE,,2.5518E-09,7.73552E-09,9.89038E-09,1.24832E-08,1.48468E-08,1.73755E-08,1.98001E-08
SDS-Vision,AFR,LBY,MEA,BHR,,7.20045E-10,7.47069E-09,9.52233E-09,1.2326E-08,1.4748E-08,1.88808E-08,2.00955E-08
SDS-Vision,AFR,LBY,MEA,ISR,,7.0358E-10,7.24607E-09,9.24369E-09,1.20095E-08,1.42043E-08,1.82033E-08,1.94683E-08
SDS-Vision,AFR,LBY,MEA,KWT,,3.38967E-09,1.37054E-08,2.19576E-08,2.14614E-08,2.10851E-08,2.2961E-08,2.23679E-08
SDS-Vision,AFR,LBY,MEA,OMN,,8.35153E-10,5.15474E-09,7.11268E-09,9.40979E-09,1.27854E-08,1.60262E-08,1.57863E-08
SDS-Vision,AFR,LBY,ASP,BGD,,4.27297E-09,1.80938E-08,2.42809E-08,2.19559E-08,2.488E-08,2.84659E-08,2.86366E-08
SDS-Vision,AFR,LBY,ASP,CHN,,7.03609E-08,0.609672558,0.494336586,0.001079374,0.000498245,0.000533889,1.15385E-05
SDS-Vision,AFR,LBY,ASP,IDN,,6.984E-10,5.91784E-09,8.60341E-09,1.09012E-08,1.44151E-08,1.45725E-08,1.68828E-08
SDS-Vision,AFR,LBY,ASP,IND,,7.37605E-08,4.39371E-06,1.626141089,3.614565516,3.615153886,3.615116909,3.615649332
SDS-Vision,AFR,LBY,ASP,JPN,,3.07024E-08,2.60743E-07,1.16972E-06,1.45251E-06,1.57649E-06,1.65713E-06,7.72469E-07
SDS-Vision,AFR,LBY,ASP,KOR,,3.24864E-08,4.14593E-07,3.82522E-06,7.05439E-06,5.26136E-06,5.70513E-06,3.26466E-06
SDS-Vision,AFR,LBY,ASP,MYS,,4.98092E-09,1.0309E-08,1.53558E-08,2.15096E-08,2.64824E-08,2.85761E-08,2.93448E-08
SDS-Vision,AFR,LBY,ASP,PAK,,8.50002E-10,1.16614E-08,4.31281E-08,6.39345E-08,1.03028E-07,1.10002E-07,1.58308E-07
SDS-Vision,AFR,LBY,ASP,PHL,,8.83261E-10,1.05294E-08,1.37434E-08,1.55134E-08,1.79708E-08,2.13363E-08,2.22003E-08
SDS-Vision,AFR,LBY,ASP,SGP,,2.09867E-08,3.20477E-08,4.13038E-08,4.79862E-08,5.84739E-08,5.83465E-08,5.88765E-08
SDS-Vision,AFR,LBY,ASP,THA,,6.77545E-09,3.5324E-08,1.8339E-07,1.94654E-07,2.03758E-07,1.87853E-07,1.29816E-07
SDS-Vision,AFR,LBY,ASP,TWN,,1.49032E-08,6.58329E-07,3.22054E-06,6.40976E-06,5.15275E-06,5.44711E-06,2.63242E-06
SDS-Vision,AFR,LBY,ASP,VNM,,,7.68596E-09,1.0238E-08,1.24077E-08,1.43386E-08,1.7852E-08,1.92248E-08
SDS-Vision,AFR,MOZ,NAM,CAN,,,2.13773E-09,2.13497E-09,3.799E-09,4.07881E-09,4.45036E-09,9.01108E-09
SDS-Vision,AFR,MOZ,NAM,MEX,,,2.84423E-09,2.7234E-09,4.37628E-09,4.63904E-09,5.10371E-09,1.11321E-08
SDS-Vision,AFR,MOZ,NAM,USA,,,1.41493E-08,1.4056E-08,2.02458E-08,2.40442E-08,2.76161E-08,4.95303E-08
SDS-Vision,AFR,MOZ,SAM,ARG,,,7.43101E-09,7.00165E-09,8.33669E-09,8.71957E-09,9.7764E-09,1.49203E-08
SDS-Vision,AFR,MOZ,SAM,BRA,,,9.63175E-09,1.05779E-08,1.44218E-08,1.52716E-08,1.75353E-08,2.75004E-08
SDS-Vision,AFR,MOZ,SAM,CHL,,,1.93025E-08,1.93726E-08,2.25436E-08,2.10937E-08,2.39448E-08,3.51908E-08
SDS-Vision,AFR,MOZ,SAM,COL,,,1.97325E-09,1.98349E-09,2.93354E-09,3.22874E-09,5.65048E-09,8.90611E-09
SDS-Vision,AFR,MOZ,SAM,TTO,,,,6.50071E-10,2.01221E-09,2.18745E-09,4.4723E-09,6.20705E-09
SDS-Vision,AFR,MOZ,SAM,VEN,,,7.42408E-10,7.61473E-10,2.21242E-09,2.42372E-09,4.68361E-09,6.32515E-09
SDS-Vision,AFR,MOZ,EU,AUT,,,5.84806E-09,3.44734E-09,3.60358E-09,3.63527E-09,3.72101E-09,6.84849E-09
SDS-Vision,AFR,MOZ,EU,BEL,,,6.06902E-09,3.81645E-09,4.53878E-09,4.51811E-09,4.6669E-09,9.32054E-09
SDS-Vision,AFR,MOZ,EU,BGR,,,3.41686E-09,3.2214E-09,3.71846E-09,3.88901E-09,5.92923E-09,7.601E-09
SDS-Vision,AFR,MOZ,EU,CZE,,,5.78948E-09,3.47837E-09,3.5699E-09,3.64205E-09,3.69526E-09,6.78899E-09
SDS-Vision,AFR,MOZ,EU,DEU,,,5.92638E-09,3.61755E-09,4.38686E-09,4.38478E-09,4.57876E-09,9.27047E-09
SDS-Vision,AFR,MOZ,EU,DNK,,,4.03276E-09,4.13889E-09,4.36612E-09,3.88162E-09,3.88102E-09,6.97275E-09
SDS-Vision,AFR,MOZ,EU,ESP,,,1.19682E-08,1.06717E-08,1.2644E-08,1.0431E-08,1.01778E-08,1.65617E-08
SDS-Vision,AFR,MOZ,EU,EST,,,8.11459E-09,6.95712E-09,7.49579E-09,7.13613E-09,7.24966E-09,1.05013E-08
SDS-Vision,AFR,MOZ,EU,FIN,,,1.15081E-08,9.06254E-09,8.96255E-09,8.17358E-09,8.02711E-09,1.13018E-08
SDS-Vision,AFR,MOZ,EU,FRA,,,7.09298E-09,6.1974E-09,7.50413E-09,7.35578E-09,7.58384E-09,1.20384E-08
SDS-Vision,AFR,MOZ,EU,GBR,,,3.7837E-09,3.50362E-09,4.29111E-09,4.32574E-09,4.51532E-09,9.28109E-09
SDS-Vision,AFR,MOZ,EU,GRC,,,4.53915E-09,3.97097E-09,4.89535E-09,6.85856E-09,7.15602E-09,1.0465E-08
SDS-Vision,AFR,MOZ,EU,HRV,,,3.86554E-09,3.46876E-09,4.28077E-09,4.33416E-09,4.60455E-09,9.37546E-09
SDS-Vision,AFR,MOZ,EU,HUN,,,5.68921E-09,3.38642E-09,3.55522E-09,3.60868E-09,5.60833E-09,7.14541E-09
SDS-Vision,AFR,MOZ,EU,IRL,,,6.94429E-09,6.06525E-09,6.77708E-09,4.76317E-09,6.72396E-09,9.86286E-09
SDS-Vision,AFR,MOZ,EU,ITA,,,6.19342E-09,3.73418E-09,6.31364E-09,4.42179E-09,6.50857E-09,9.39184E-09
SDS-Vision,AFR,MOZ,EU,LTU,,,7.99668E-09,6.80732E-09,7.22958E-09,6.96643E-09,7.12356E-09,1.03621E-08
SDS-Vision,AFR,MOZ,EU,LVA,,,7.93646E-09,6.90198E-09,6.66385E-09,6.27575E-09,6.30064E-09,7.98332E-09
SDS-Vision,AFR,MOZ,EU,NLD,,,5.63695E-09,3.58138E-09,4.35135E-09,4.38167E-09,4.56283E-09,9.18236E-09
SDS-Vision,AFR,MOZ,EU,POL,,,3.91214E-09,3.32638E-09,4.00141E-09,4.05025E-09,4.27857E-09,8.73031E-09
SDS-Vision,AFR,MOZ,EU,PRT,,,1.38977E-08,1.11308E-08,1.19839E-08,8.93062E-09,8.44495E-09,1.16886E-08
SDS-Vision,AFR,MOZ,EU,ROM,,,3.06931E-09,2.96871E-09,3.44608E-09,3.65385E-09,3.84854E-09,7.25253E-09
SDS-Vision,AFR,MOZ,EU,SVK,,,3.6461E-09,3.29021E-09,3.44457E-09,3.51849E-09,3.67225E-09,6.88661E-09
SDS-Vision,AFR,MOZ,EU,SVN,,,5.86266E-09,3.55777E-09,3.65702E-09,3.59981E-09,3.72339E-09,6.91822E-09
SDS-Vision,AFR,MOZ,EU,SWE,,,2.11227E-08,1.98348E-08,2.12243E-08,1.97009E-08,1.92409E-08,2.28985E-08
SDS-Vision,AFR,MOZ,ROE,CHE,,,7.31768E-09,6.18409E-09,6.06991E-09,5.75554E-09,5.76094E-09,7.0718E-09
SDS-Vision,AFR,MOZ,ROE,SRB,,,4.09351E-09,3.77207E-09,6.10991E-09,6.05036E-09,6.19784E-09,7.97601E-09
SDS-Vision,AFR,MOZ,ROE,TUR,,,3.38614E-09,3.68847E-09,5.12681E-09,5.32569E-09,7.70775E-09,1.22341E-08
SDS-Vision,AFR,MOZ,ROE,UKR,,,3.07387E-09,2.88272E-09,3.836E-09,4.05631E-09,4.39737E-09,9.23052E-09
SDS-Vision,AFR,MOZ,MEA,ARE,,,2.46101E-09,2.48259E-09,3.46656E-09,3.68149E-09,4.16816E-09,8.89832E-09
SDS-Vision,AFR,MOZ,MEA,BHR,,,2.26246E-09,3.0347E-09,5.3089E-09,5.6413E-09,7.57374E-09,9.5222E-09
SDS-Vision,AFR,MOZ,MEA,ISR,,,2.25238E-09,3.02582E-09,3.46509E-09,5.5863E-09,7.49758E-09,9.42599E-09
SDS-Vision,AFR,MOZ,MEA,KWT,,,5.28344E-09,5.97146E-09,6.49492E-09,6.49336E-09,8.27464E-09,1.01638E-08
SDS-Vision,AFR,MOZ,MEA,OMN,,,1.00734E-09,1.12505E-09,2.777E-09,3.06039E-09,5.37835E-09,6.93493E-09
SDS-Vision,AFR,MOZ,ASP,BGD,,,8.90143E-09,1.01786E-08,1.03336E-08,1.09138E-08,1.32115E-08,1.53416E-08
SDS-Vision,AFR,MOZ,ASP,CHN,,,6.41682E-08,6.84899E-08,8.40192E-08,8.92667E-08,1.01621E-07,1.54701E-07
SDS-Vision,AFR,MOZ,ASP,IDN,,,6.9149E-10,7.49546E-10,2.93766E-09,3.16474E-09,3.45412E-09,7.80499E-09
SDS-Vision,AFR,MOZ,ASP,IND,,,5.45563E-08,5.49616E-08,6.39041E-08,6.36907E-08,7.14119E-08,1.13736E-07
SDS-Vision,AFR,MOZ,ASP,JPN,,,1.62606E-08,1.51626E-08,1.83611E-08,1.58976E-08,1.75094E-08,2.37968E-08
SDS-Vision,AFR,MOZ,ASP,KOR,,,2.14262E-08,2.07564E-08,2.43835E-08,2.4322E-08,2.63939E-08,4.0735E-08
SDS-Vision,AFR,MOZ,ASP,MYS,,,5.63505E-09,6.44227E-09,8.7548E-09,9.36394E-09,9.98914E-09,1.3959E-08
SDS-Vision,AFR,MOZ,ASP,PAK,,,4.31116E-09,5.05136E-09,5.95537E-09,6.78671E-09,7.56406E-09,1.2234E-08
SDS-Vision,AFR,MOZ,ASP,PHL,,,4.84753E-09,5.50576E-09,5.99787E-09,6.22075E-09,8.03926E-09,1.01193E-08
SDS-Vision,AFR,MOZ,ASP,SGP,,,1.70282E-08,1.72782E-08,1.85066E-08,1.95357E-08,2.17786E-08,2.74486E-08
SDS-Vision,AFR,MOZ,ASP,THA,,,8.15749E-09,8.25477E-09,9.98581E-09,9.68084E-09,1.06752E-08,1.63995E-08
SDS-Vision,AFR,MOZ,ASP,TWN,,,9.15678E-09,8.717E-09,1.05121E-08,1.01229E-08,1.12553E-08,1.83644E-08
SDS-Vision,AFR,MOZ,ASP,VNM,,,2.17705E-09,4.81095E-09,5.3127E-09,5.54594E-09,7.40959E-09,9.33897E-09
SDS-Vision,AFR,NGA,NAM,CAN,9.72471E-10,7.01322E-09,1.22249E-08,1.28253E-08,1.54061E-08,2.12445E-08,2.21423E-08,2.23948E-08
SDS-Vision,AFR,NGA,NAM,MEX,1.001E-09,8.34943E-09,1.58182E-08,1.52604E-08,1.74062E-08,2.40712E-08,2.54359E-08,2.9844E-08
SDS-Vision,AFR,NGA,NAM,USA,6.12658E-09,4.48845E-08,7.66627E-08,7.71701E-08,8.76084E-08,1.06946E-07,1.12348E-07,1.16278E-07
SDS-Vision,AFR,NGA,SAM,ARG,0.653422034,1.190282701,1.161084063,0.994616806,1.005608929,0.901398401,0.872119192,0.766201828
SDS-Vision,AFR,NGA,SAM,BRA,5.11641E-08,1.22921E-07,8.87647E-08,5.6796E-08,0.05243402,0.781803903,1.41257271,1.541618133
SDS-Vision,AFR,NGA,SAM,CHL,0.193760152,0.141500724,0.132300983,0.091841435,0.04868839,0.043590079,0.018759368,0.005583864
SDS-Vision,AFR,NGA,SAM,COL,,5.40125E-09,1.00722E-08,9.79667E-09,1.23526E-08,1.59679E-08,1.88284E-08,2.33334E-08
SDS-Vision,AFR,NGA,SAM,TTO,,,4.97671E-09,6.46697E-09,8.25746E-09,1.03734E-08,1.29488E-08,1.59294E-08
SDS-Vision,AFR,NGA,SAM,VEN,,5.29427E-09,9.11665E-09,8.66014E-09,9.69916E-09,1.26222E-08,1.47789E-08,1.67001E-08
SDS-Vision,AFR,NGA,EU,AUT,1.10176E-08,1.22292E-07,2.91814E-08,1.7062E-08,1.53549E-08,1.79313E-08,1.80517E-08,1.82004E-08
SDS-Vision,AFR,NGA,EU,BEL,3.2919E-08,5.57566E-07,3.93081E-08,2.50958E-08,2.05464E-08,2.24187E-08,2.39112E-08,2.46331E-08
SDS-Vision,AFR,NGA,EU,BGR,9.6229E-09,1.68998E-08,1.45801E-08,1.30071E-08,1.53912E-08,1.97752E-08,2.11715E-08,2.26223E-08
SDS-Vision,AFR,NGA,EU,CZE,1.14928E-08,2.10466E-07,2.70018E-08,1.69851E-08,1.48216E-08,1.78011E-08,1.7388E-08,1.76275E-08
SDS-Vision,AFR,NGA,EU,DEU,2.25516E-08,1.24133E-07,3.17996E-08,2.09294E-08,1.84698E-08,2.02199E-08,2.26185E-08,2.38846E-08
SDS-Vision,AFR,NGA,EU,DNK,9.36953E-09,2.23019E-08,2.18622E-08,2.2035E-08,2.02612E-08,1.92964E-08,1.87085E-08,1.86594E-08
SDS-Vision,AFR,NGA,EU,ESP,2.70828473,1.264624993,0.855055093,0.530415738,5.94027E-07,2.46936E-07,1.18667E-07,7.74481E-08
SDS-Vision,AFR,NGA,EU,EST,0.034612885,0.019044775,0.008457758,4.07888E-08,2.76628E-08,2.75561E-08,2.81818E-08,2.82642E-08
SDS-Vision,AFR,NGA,EU,FIN,,0.105949355,0.059097462,1.28951E-07,5.01323E-08,4.77261E-08,4.08236E-08,3.55235E-08
SDS-Vision,AFR,NGA,EU,FRA,0.126560541,1.3470178,1.21255E-07,4.16976E-08,2.8159E-08,2.94238E-08,3.21178E-08,3.32056E-08
SDS-Vision,AFR,NGA,EU,GBR,2.40017E-08,6.15571E-08,2.50649E-08,1.88E-08,1.75582E-08,1.96024E-08,2.19098E-08,2.42471E-08
SDS-Vision,AFR,NGA,EU,GRC,4.54167E-08,3.58106E-08,2.8944E-08,2.35648E-08,2.43453E-08,3.02174E-08,3.27297E-08,3.35069E-08
SDS-Vision,AFR,NGA,EU,HRV,1.0297E-08,9.84618E-08,2.65657E-08,1.81202E-08,1.74543E-08,1.99637E-08,2.3449E-08,2.50501E-08
SDS-Vision,AFR,NGA,EU,HUN,9.2922E-09,2.34306E-07,2.50338E-08,1.5908E-08,1.46163E-08,1.74523E-08,1.84205E-08,2.01198E-08
SDS-Vision,AFR,NGA,EU,IRL,4.48255E-08,1.15817E-07,4.80432E-08,3.10678E-08,2.43884E-08,2.51891E-08,2.598E-08,2.76143E-08
SDS-Vision,AFR,NGA,EU,ITA,3.66831E-08,3.80575E-07,4.35642E-08,2.49759E-08,2.07238E-08,2.21293E-08,2.50971E-08,2.58237E-08
SDS-Vision,AFR,NGA,EU,LTU,0.122617449,0.063739989,0.032496019,3.83436E-08,2.39063E-08,2.56074E-08,2.48822E-08,2.76513E-08
SDS-Vision,AFR,NGA,EU,LVA,0.101784118,0.04818411,0.017239658,3.76335E-08,2.37284E-08,2.3398E-08,2.18148E-08,2.17354E-08
SDS-Vision,AFR,NGA,EU,NLD,1.78806E-08,1.05567E-07,2.71699E-08,2.05463E-08,1.84431E-08,2.06157E-08,2.26932E-08,2.36587E-08
SDS-Vision,AFR,NGA,EU,POL,2.30087E-08,3.8504E-07,2.95553E-08,1.62799E-08,1.48887E-08,1.65548E-08,1.94273E-08,2.09561E-08
SDS-Vision,AFR,NGA,EU,PRT,0.530948742,0.233558675,0.153622147,0.094935061,5.95794E-07,1.49546E-07,1.03143E-07,6.38467E-08
SDS-Vision,AFR,NGA,EU,ROM,8.07359E-09,1.2366E-08,1.14848E-08,1.08982E-08,1.30385E-08,1.68333E-08,1.84264E-08,2.00837E-08
SDS-Vision,AFR,NGA,EU,SVK,7.91987E-09,6.0468E-08,2.01637E-08,1.44547E-08,1.34471E-08,1.61647E-08,1.7189E-08,1.83865E-08
SDS-Vision,AFR,NGA,EU,SVN,1.41829E-08,2.90089E-07,2.96739E-08,1.83786E-08,1.56583E-08,1.73689E-08,1.80012E-08,1.86788E-08
SDS-Vision,AFR,NGA,EU,SWE,1.88887E-08,0.023106006,0.060307927,0.018983328,0.015380353,5.2997E-07,8.3909E-08,6.13094E-08
SDS-Vision,AFR,NGA,ROE,CHE,7.15198E-08,0.003892835,8.1265E-08,3.62675E-08,2.26494E-08,2.25944E-08,2.05741E-08,1.9924E-08
SDS-Vision,AFR,NGA,ROE,SRB,1.70868E-08,5.33805E-08,2.33863E-08,1.95903E-08,2.15369E-08,2.48061E-08,2.45379E-08,2.60846E-08
SDS-Vision,AFR,NGA,ROE,TUR,0.0534068,1.13123E-08,1.52443E-08,1.89677E-08,2.64054E-08,3.73957E-08,4.41879E-08,6.31996E-08
SDS-Vision,AFR,NGA,ROE,UKR,3.60788E-09,1.8543E-08,1.31177E-08,1.14573E-08,1.31894E-08,1.62172E-08,2.03835E-08,2.34732E-08
SDS-Vision,AFR,NGA,MEA,ARE,2.48455E-09,6.66719E-09,1.0188E-08,1.04499E-08,1.30361E-08,1.54517E-08,1.80062E-08,2.03944E-08
SDS-Vision,AFR,NGA,MEA,BHR,,2.29484E-09,8.99509E-09,9.95866E-09,1.27667E-08,1.52356E-08,1.93816E-08,2.05775E-08
SDS-Vision,AFR,NGA,MEA,ISR,,2.33917E-09,9.15799E-09,1.01297E-08,1.29546E-08,1.70765E-08,1.93035E-08,2.05423E-08
SDS-Vision,AFR,NGA,MEA,KWT,1.11319E-08,2.69602E-08,3.27472E-08,2.5705E-08,2.33393E-08,2.22501E-08,2.37647E-08,2.29961E-08
SDS-Vision,AFR,NGA,MEA,OMN,7.14868E-10,2.47595E-09,6.31089E-09,7.44425E-09,9.83534E-09,1.34023E-08,1.6768E-08,1.64196E-08
SDS-Vision,AFR,NGA,ASP,BGD,,1.03508E-08,3.02578E-08,2.71092E-08,2.33245E-08,2.62224E-08,2.96299E-08,2.96422E-08
SDS-Vision,AFR,NGA,ASP,CHN,1.732453216,4.997425031,10.42062259,12.77868133,14.18146781,14.578951,14.06074548,13.54624262
SDS-Vision,AFR,NGA,ASP,IDN,1.94653E-09,4.28791E-09,7.39211E-09,9.25773E-09,1.28873E-08,1.52815E-08,1.52141E-08,1.74868E-08
SDS-Vision,AFR,NGA,ASP,IND,1.322646188,3.813256968,5.735723134,4.524501,4.859313518,5.086824747,5.907704821,7.033199344
SDS-Vision,AFR,NGA,ASP,JPN,9.443556813,4.625271499,3.060094039,2.716774767,2.230070955,1.477713003,0.854771828,0.336576395
SDS-Vision,AFR,NGA,ASP,KOR,3.15365486,2.259141721,2.205697442,2.472564843,2.442293429,2.339309187,2.176214353,2.110393881
SDS-Vision,AFR,NGA,ASP,MYS,6.94492E-09,8.11391E-09,1.28862E-08,1.64792E-08,2.29394E-08,2.81448E-08,2.98525E-08,3.0485E-08
SDS-Vision,AFR,NGA,ASP,PAK,7.10946E-10,5.87775E-09,2.65002E-08,7.28926E-08,1.15911E-07,2.01412E-07,1.8216E-07,2.90057E-07
SDS-Vision,AFR,NGA,ASP,PHL,,6.56127E-09,1.48899E-08,1.52151E-08,1.66984E-08,1.91872E-08,2.24464E-08,2.32161E-08
SDS-Vision,AFR,NGA,ASP,SGP,0.05511647,0.379374806,4.42129E-08,4.48647E-08,5.16953E-08,6.26971E-08,6.13048E-08,6.14743E-08
SDS-Vision,AFR,NGA,ASP,THA,1.16893E-08,0.097928059,1.033276101,0.817446762,0.281595465,7.99806E-07,3.59755E-07,1.92389E-07
SDS-Vision,AFR,NGA,ASP,TWN,1.961913789,1.144867285,1.117543694,1.207607671,1.106479059,1.016186459,0.936106251,0.901044482
SDS-Vision,AFR,NGA,ASP,VNM,,,9.74615E-09,1.09555E-08,1.30475E-08,1.49913E-08,1.8488E-08,1.98591E-08
SDS-Vision,AFR,TUN,EU,AUT,7.19622E-09,1.84608E-08,1.89937E-08,2.22736E-08,2.66363E-08,3.5588E-08,3.77563E-08,4.48021E-08
SDS-Vision,AFR,TUN,EU,BEL,6.28193E-09,1.10173E-08,1.43735E-08,2.185E-08,2.48239E-08,2.99008E-08,3.11155E-08,3.63999E-08
SDS-Vision,AFR,TUN,EU,BGR,4.68887E-09,7.28414E-09,9.15172E-09,1.2213E-08,1.98118E-08,2.96075E-08,3.70985E-08,4.84152E-08
SDS-Vision,AFR,TUN,EU,CZE,5.97121E-09,1.54162E-08,1.52353E-08,1.882E-08,2.19211E-08,3.05135E-08,3.18064E-08,3.79201E-08
SDS-Vision,AFR,TUN,EU,DEU,6.86153E-09,1.16063E-08,1.50762E-08,2.08518E-08,2.26988E-08,2.60896E-08,2.73531E-08,3.25044E-08
SDS-Vision,AFR,TUN,EU,DNK,3.27215E-09,8.09799E-09,1.23627E-08,2.04749E-08,2.64924E-08,2.86419E-08,3.23989E-08,3.8896E-08
SDS-Vision,AFR,TUN,EU,ESP,3.88783E-09,9.86052E-09,1.44592E-08,2.16436E-08,2.89837E-08,3.84753E-08,4.17418E-08,5.25485E-08
SDS-Vision,AFR,TUN,EU,EST,,7.77512E-09,1.12399E-08,1.51297E-08,1.80999E-08,2.13657E-08,2.37668E-08,2.81056E-08
SDS-Vision,AFR,TUN,EU,FIN,,1.21522E-08,1.45073E-08,2.02912E-08,2.37912E-08,2.82892E-08,3.0421E-08,3.32111E-08
SDS-Vision,AFR,TUN,EU,FRA,8.11705E-09,1.97082E-08,2.22242E-08,3.61649E-08,3.73414E-08,4.11029E-08,3.88152E-08,4.45484E-08
SDS-Vision,AFR,TUN,EU,GBR,4.15089E-09,8.51841E-09,1.07338E-08,1.49677E-08,1.78264E-08,2.18381E-08,2.43514E-08,3.30166E-08
SDS-Vision,AFR,TUN,EU,GRC,1.56098E-08,1.00416E-08,1.25425E-08,1.69582E-08,2.67645E-08,4.09462E-08,5.04469E-08,6.43215E-08
SDS-Vision,AFR,TUN,EU,HRV,7.01568E-09,1.48491E-08,1.72779E-08,2.25362E-08,2.56761E-08,3.15634E-08,3.65274E-08,4.66254E-08
SDS-Vision,AFR,TUN,EU,HUN,6.33317E-09,1.89909E-08,1.62664E-08,1.92663E-08,2.30036E-08,3.11821E-08,3.67138E-08,5.32485E-08
SDS-Vision,AFR,TUN,EU,IRL,6.27744E-09,1.25189E-08,1.55971E-08,2.20736E-08,2.54363E-08,2.97058E-08,3.14575E-08,4.19235E-08
SDS-Vision,AFR,TUN,EU,ITA,2.02238E-08,2.83452E-08,3.41892E-08,5.27299E-08,4.77972E-08,4.74779E-08,4.93195E-08,5.65942E-08
SDS-Vision,AFR,TUN,EU,LTU,,7.98191E-09,1.17137E-08,1.53462E-08,1.74228E-08,2.06258E-08,2.31744E-08,2.80413E-08
SDS-Vision,AFR,TUN,EU,LVA,,7.36822E-09,1.11604E-08,1.51332E-08,1.76687E-08,2.09779E-08,2.36689E-08,2.86846E-08
SDS-Vision,AFR,TUN,EU,NLD,3.6954E-09,9.38494E-09,1.21878E-08,1.80869E-08,2.1051E-08,2.58123E-08,2.77691E-08,3.26981E-08
SDS-Vision,AFR,TUN,EU,POL,6.61021E-09,1.13467E-08,1.24346E-08,1.43362E-08,1.53955E-08,1.79821E-08,2.01112E-08,2.4165E-08
SDS-Vision,AFR,TUN,EU,PRT,3.76675E-09,1.06862E-08,1.66341E-08,2.22338E-08,3.52511E-08,3.77142E-08,4.2372E-08,5.33947E-08
SDS-Vision,AFR,TUN,EU,ROM,4.06245E-09,6.48344E-09,8.05666E-09,1.07386E-08,1.70986E-08,2.52564E-08,3.16106E-08,4.12723E-08
SDS-Vision,AFR,TUN,EU,SVK,3.735E-09,1.49422E-08,1.38857E-08,1.70309E-08,2.0384E-08,2.77415E-08,3.29376E-08,4.45426E-08
SDS-Vision,AFR,TUN,EU,SVN,9.4465E-09,2.73401E-08,1.98144E-08,2.56892E-08,2.85004E-08,3.46167E-08,3.8861E-08,4.99612E-08
SDS-Vision,AFR,TUN,EU,SWE,9.4543E-09,1.98623E-08,3.07276E-08,4.92228E-08,6.35158E-08,7.49491E-08,8.62825E-08,9.06649E-08
SDS-Vision,AFR,TUN,ROE,CHE,2.79898E-08,3.12342E-08,3.84791E-08,5.91832E-08,5.06026E-08,5.16182E-08,4.60667E-08,5.23205E-08
SDS-Vision,AFR,TUN,ROE,SRB,1.17703E-08,2.20811E-08,1.31646E-08,1.91669E-08,3.3652E-08,4.61552E-08,5.26348E-08,7.81618E-08
SDS-Vision,AFR,TUN,ROE,TUR,9.73578E-09,3.60943E-09,7.52932E-09,1.2948E-08,2.57936E-08,4.43947E-08,6.6511E-08,1.00815E-07
SDS-Vision,AFR,TUN,ROE,UKR,2.63947E-09,8.35058E-09,8.77116E-09,1.07901E-08,1.33879E-08,1.77963E-08,2.19235E-08,3.10378E-08
SDS-Vision,AFR,TZA,NAM,CAN,,,3.55511E-09,5.11889E-09,1.0555E-08,1.30587E-08,1.64052E-08,1.69739E-08
SDS-Vision,AFR,TZA,NAM,MEX,,,3.16895E-09,8.22799E-09,1.1116E-08,1.59826E-08,1.79746E-08,1.87673E-08
SDS-Vision,AFR,TZA,NAM,USA,,,1.77875E-08,3.40238E-08,5.93476E-08,7.51855E-08,8.35976E-08,8.63115E-08
SDS-Vision,AFR,TZA,SAM,ARG,,,8.91477E-09,2.09751E-08,6.56964E-08,9.94709E-08,1.13606E-07,1.02065E-07
SDS-Vision,AFR,TZA,SAM,BRA,,,1.07606E-08,1.96503E-08,6.17126E-08,1.13453E-07,1.69383E-07,1.87446E-07
SDS-Vision,AFR,TZA,SAM,CHL,,,2.26033E-08,5.00856E-08,1.09068E-07,1.51476E-07,1.79283E-07,1.55323E-07
SDS-Vision,AFR,TZA,SAM,COL,,,2.13742E-09,6.01291E-09,7.85714E-09,1.13362E-08,1.37441E-08,1.7272E-08
SDS-Vision,AFR,TZA,SAM,TTO,,,,4.25211E-09,5.95448E-09,7.42786E-09,9.42586E-09,1.13238E-08
SDS-Vision,AFR,TZA,SAM,VEN,,,2.09555E-09,5.16828E-09,6.74874E-09,8.62562E-09,1.04388E-08,1.17344E-08
SDS-Vision,AFR,TZA,EU,AUT,,,6.53572E-09,8.59312E-09,9.8548E-09,1.12747E-08,1.119E-08,1.10917E-08
SDS-Vision,AFR,TZA,EU,BEL,,,6.81624E-09,1.09559E-08,1.20526E-08,1.44613E-08,1.45062E-08,1.46419E-08
SDS-Vision,AFR,TZA,EU,BGR,,,3.73099E-09,7.47629E-09,1.01087E-08,1.24963E-08,1.28406E-08,1.31037E-08
SDS-Vision,AFR,TZA,EU,CZE,,,6.43628E-09,8.4844E-09,9.57844E-09,1.12132E-08,1.09766E-08,1.09073E-08
SDS-Vision,AFR,TZA,EU,DEU,,,6.62325E-09,1.01651E-08,1.11596E-08,1.35624E-08,1.40136E-08,1.63351E-08
SDS-Vision,AFR,TZA,EU,DNK,,,6.2801E-09,1.04695E-08,1.25411E-08,1.20151E-08,1.16767E-08,1.14271E-08
SDS-Vision,AFR,TZA,EU,ESP,,,1.54275E-08,5.00591E-08,6.94021E-08,4.86835E-08,3.46001E-08,3.54027E-08
SDS-Vision,AFR,TZA,EU,EST,,,9.90442E-09,1.61966E-08,1.74316E-08,1.92692E-08,1.88957E-08,2.05216E-08
SDS-Vision,AFR,TZA,EU,FIN,,,1.4477E-08,2.68598E-08,2.71675E-08,2.78545E-08,2.44308E-08,2.3497E-08
SDS-Vision,AFR,TZA,EU,FRA,,,8.14206E-09,1.39723E-08,1.49574E-08,1.84169E-08,1.85086E-08,1.8828E-08
SDS-Vision,AFR,TZA,EU,GBR,,,6.11596E-09,9.56827E-09,1.07311E-08,1.32344E-08,1.36742E-08,1.45144E-08
SDS-Vision,AFR,TZA,EU,GRC,,,7.05825E-09,1.10978E-08,1.34635E-08,1.76901E-08,1.79423E-08,1.80229E-08
SDS-Vision,AFR,TZA,EU,HRV,,,6.30891E-09,9.42465E-09,1.07369E-08,1.34169E-08,1.42558E-08,1.4804E-08
SDS-Vision,AFR,TZA,EU,HUN,,,6.32675E-09,8.30656E-09,9.56674E-09,1.11266E-08,1.14186E-08,1.19128E-08
SDS-Vision,AFR,TZA,EU,IRL,,,7.94753E-09,1.27785E-08,1.37074E-08,1.58984E-08,1.5669E-08,1.80563E-08
SDS-Vision,AFR,TZA,EU,ITA,,,6.9463E-09,1.06403E-08,1.17072E-08,1.38533E-08,1.44743E-08,1.47343E-08
SDS-Vision,AFR,TZA,EU,LTU,,,9.33005E-09,1.43092E-08,1.49834E-08,1.70817E-08,1.73283E-08,1.75962E-08
SDS-Vision,AFR,TZA,EU,LVA,,,9.30131E-09,1.41679E-08,1.48632E-08,1.5289E-08,1.47855E-08,1.4495E-08
SDS-Vision,AFR,TZA,EU,NLD,,,6.25782E-09,9.98324E-09,1.11714E-08,1.37057E-08,1.40044E-08,1.42602E-08
SDS-Vision,AFR,TZA,EU,POL,,,6.29364E-09,8.73502E-09,9.5397E-09,1.18521E-08,1.25831E-08,1.31798E-08
SDS-Vision,AFR,TZA,EU,PRT,,,1.99526E-08,5.81508E-08,1.46298E-07,4.81377E-08,3.0136E-08,2.53947E-08
SDS-Vision,AFR,TZA,EU,ROM,,,3.31849E-09,6.7017E-09,8.94573E-09,1.11139E-08,1.1664E-08,1.21111E-08
SDS-Vision,AFR,TZA,EU,SVK,,,5.90138E-09,7.75591E-09,8.9411E-09,1.04662E-08,1.08593E-08,1.12146E-08
SDS-Vision,AFR,TZA,EU,SVN,,,6.5842E-09,9.07301E-09,1.01235E-08,1.11998E-08,1.13184E-08,1.14103E-08
SDS-Vision,AFR,TZA,EU,SWE,,,2.53059E-08,4.92091E-08,7.60976E-08,7.21412E-08,5.13123E-08,4.10327E-08
SDS-Vision,AFR,TZA,ROE,CHE,,,8.51594E-09,1.24592E-08,1.27073E-08,1.30018E-08,1.21221E-08,1.17054E-08
SDS-Vision,AFR,TZA,ROE,SRB,,,6.52161E-09,9.49655E-09,1.27828E-08,1.45736E-08,1.41117E-08,1.43451E-08
SDS-Vision,AFR,TZA,ROE,TUR,,,3.72268E-09,9.51112E-09,1.45176E-08,2.03025E-08,2.25503E-08,2.81773E-08
SDS-Vision,AFR,TZA,ROE,UKR,,,3.33348E-09,7.25672E-09,8.65217E-09,1.17559E-08,1.3075E-08,1.6254E-08
SDS-Vision,AFR,TZA,MEA,ARE,,,2.66143E-09,6.73845E-09,8.75854E-09,1.16983E-08,1.40266E-08,1.45399E-08
SDS-Vision,AFR,TZA,MEA,BHR,,,3.06332E-09,6.84033E-09,1.00187E-08,1.19636E-08,1.58458E-08,1.69622E-08
SDS-Vision,AFR,TZA,MEA,ISR,,,3.05256E-09,6.82059E-09,9.99171E-09,1.17943E-08,1.55923E-08,1.67443E-08
SDS-Vision,AFR,TZA,MEA,KWT,,,6.54501E-09,1.09618E-08,1.52476E-08,1.58721E-08,1.68578E-08,1.8531E-08
SDS-Vision,AFR,TZA,MEA,OMN,,,1.069E-09,3.28052E-09,7.34113E-09,9.75722E-09,1.244E-08,1.24455E-08
SDS-Vision,AFR,TZA,ASP,BGD,,,9.68429E-09,1.5512E-08,1.65483E-08,2.02277E-08,2.41268E-08,2.44961E-08
SDS-Vision,AFR,TZA,ASP,CHN,,,7.6109E-08,1.98019E-07,1.75452E-06,1.94359E-06,1.93499E-06,1.88309E-06
SDS-Vision,AFR,TZA,ASP,IDN,,,7.38419E-10,5.90008E-09,8.37837E-09,1.12883E-08,1.19545E-08,1.41722E-08
SDS-Vision,AFR,TZA,ASP,IND,,,6.63288E-08,1.87024E-07,1.56125E-06,1.77814E-06,1.87239E-06,2.23895E-06
SDS-Vision,AFR,TZA,ASP,JPN,,,2.00801E-08,5.94427E-08,4.47404E-07,5.33157E-07,5.13774E-07,2.87826E-07
SDS-Vision,AFR,TZA,ASP,KOR,,,2.57685E-08,7.13556E-08,8.26984E-07,8.1301E-07,8.04759E-07,7.41548E-07
SDS-Vision,AFR,TZA,ASP,MYS,,,6.04144E-09,1.06331E-08,1.5704E-08,2.06006E-08,2.18157E-08,2.43945E-08
SDS-Vision,AFR,TZA,ASP,PAK,,,4.86746E-09,1.32782E-08,3.29271E-08,5.16171E-08,5.70933E-08,7.73165E-08
SDS-Vision,AFR,TZA,ASP,PHL,,,5.32224E-09,8.8583E-09,1.2072E-08,1.40628E-08,1.75228E-08,1.84111E-08
SDS-Vision,AFR,TZA,ASP,SGP,,,1.84568E-08,2.726E-08,3.52408E-08,4.42672E-08,4.52211E-08,4.80281E-08
SDS-Vision,AFR,TZA,ASP,THA,,,9.75583E-09,2.73028E-08,8.86302E-08,9.88747E-08,9.67014E-08,7.28486E-08
SDS-Vision,AFR,TZA,ASP,TWN,,,1.1314E-08,3.43299E-08,4.40019E-07,4.65724E-07,4.38303E-07,4.07458E-07
SDS-Vision,AFR,TZA,ASP,VNM,,,4.89474E-09,7.20089E-09,1.00972E-08,1.17338E-08,1.52107E-08,1.64258E-08
SDS-Vision,ASP,AUS,NAM,CAN,7.35608E-10,5.30212E-09,9.71699E-09,1.08923E-08,1.31468E-08,1.84187E-08,1.96711E-08,2.02992E-08
SDS-Vision,ASP,AUS,NAM,MEX,7.4618E-10,6.50894E-09,1.24508E-08,1.26705E-08,1.46582E-08,2.07927E-08,2.24513E-08,2.71216E-08
SDS-Vision,ASP,AUS,NAM,USA,2.63377E-09,3.02175E-08,6.15134E-08,6.44385E-08,7.604E-08,9.39259E-08,1.00442E-07,1.05637E-07
SDS-Vision,ASP,AUS,SAM,ARG,7.42937E-09,4.08592E-08,7.64783E-08,7.65445E-08,8.1256E-08,1.2077E-07,1.37329E-07,1.4213E-07
SDS-Vision,ASP,AUS,SAM,BRA,1.10993E-08,2.31746E-08,3.32867E-08,3.43845E-08,8.30635E-08,1.49839E-07,2.16437E-07,2.61914E-07
SDS-Vision,ASP,AUS,SAM,CHL,2.50154E-08,7.25297E-08,1.36297E-07,1.48407E-07,1.57922E-07,2.13243E-07,2.51147E-07,2.40799E-07
SDS-Vision,ASP,AUS,SAM,COL,,4.25819E-09,8.16344E-09,8.43863E-09,9.73963E-09,1.41283E-08,1.68014E-08,2.10327E-08
SDS-Vision,ASP,AUS,SAM,TTO,,,4.39412E-09,5.71952E-09,7.29602E-09,9.20601E-09,1.14862E-08,1.40836E-08
SDS-Vision,ASP,AUS,SAM,VEN,,4.17419E-09,7.31814E-09,7.38812E-09,8.42844E-09,1.09797E-08,1.29771E-08,1.47282E-08
SDS-Vision,ASP,AUS,EU,AUT,3.70067E-09,2.67001E-08,1.88063E-08,1.31347E-08,1.2291E-08,1.40155E-08,1.33741E-08,1.3228E-08
SDS-Vision,ASP,AUS,EU,BEL,7.58216E-09,3.12989E-08,2.26767E-08,1.80096E-08,1.52892E-08,1.79998E-08,1.7262E-08,1.93537E-08
SDS-Vision,ASP,AUS,EU,BGR,4.18083E-09,1.20091E-08,1.17781E-08,1.08402E-08,1.26442E-08,1.57119E-08,1.56811E-08,1.6172E-08
SDS-Vision,ASP,AUS,EU,CZE,3.69747E-09,3.17338E-08,1.79723E-08,1.317E-08,1.20319E-08,1.40678E-08,1.31427E-08,1.303E-08
SDS-Vision,ASP,AUS,EU,DEU,6.96625E-09,2.44654E-08,2.03065E-08,1.5857E-08,1.51687E-08,1.66564E-08,1.65628E-08,1.91306E-08
SDS-Vision,ASP,AUS,EU,DNK,3.33371E-09,1.29388E-08,1.58747E-08,1.65927E-08,1.58393E-08,1.52812E-08,1.40701E-08,1.37017E-08
SDS-Vision,ASP,AUS,EU,ESP,1.16933E-07,2.16773E-07,2.63975E-07,2.32012E-07,1.04085E-07,7.43203E-08,4.68806E-08,4.46312E-08
SDS-Vision,ASP,AUS,EU,EST,5.34839E-08,6.13507E-08,5.96877E-08,2.6456E-08,2.2332E-08,2.31382E-08,2.20123E-08,2.38201E-08
SDS-Vision,ASP,AUS,EU,FIN,,1.15866E-07,9.5494E-08,5.70775E-08,3.58669E-08,3.63642E-08,3.04925E-08,2.8685E-08
SDS-Vision,ASP,AUS,EU,FRA,1.28116E-08,1.39274E-07,4.36448E-08,2.56116E-08,1.93743E-08,2.31402E-08,2.21304E-08,2.63957E-08
SDS-Vision,ASP,AUS,EU,GBR,7.30658E-09,2.06187E-08,1.707E-08,1.46464E-08,1.34409E-08,1.62967E-08,1.61853E-08,1.92358E-08
SDS-Vision,ASP,AUS,EU,GRC,2.07685E-08,2.11062E-08,2.09716E-08,1.82166E-08,1.80771E-08,2.31609E-08,2.2431E-08,2.44524E-08
SDS-Vision,ASP,AUS,EU,HRV,4.00114E-09,2.51742E-08,1.80398E-08,1.41325E-08,1.32543E-08,1.62933E-08,1.67859E-08,1.94288E-08
SDS-Vision,ASP,AUS,EU,HUN,3.70807E-09,3.45663E-08,1.71162E-08,1.24969E-08,1.187E-08,1.38118E-08,1.36719E-08,1.43151E-08
SDS-Vision,ASP,AUS,EU,IRL,1.11871E-08,3.82674E-08,3.0237E-08,2.21929E-08,1.91394E-08,2.01054E-08,1.87942E-08,2.14E-08
SDS-Vision,ASP,AUS,EU,ITA,8.05854E-09,3.03928E-08,2.39266E-08,1.72534E-08,1.48364E-08,1.71224E-08,1.72289E-08,1.94973E-08
SDS-Vision,ASP,AUS,EU,LTU,4.85311E-08,1.0046E-07,6.29276E-08,2.51391E-08,1.93354E-08,2.15949E-08,2.08645E-08,2.32013E-08
SDS-Vision,ASP,AUS,EU,LVA,3.7183E-08,5.62379E-08,5.23778E-08,2.46721E-08,1.89632E-08,1.93859E-08,1.78767E-08,1.75772E-08
SDS-Vision,ASP,AUS,EU,NLD,6.28379E-09,2.15908E-08,1.79373E-08,1.55955E-08,1.39758E-08,1.68815E-08,1.6567E-08,1.88214E-08
SDS-Vision,ASP,AUS,EU,POL,6.93785E-09,3.49328E-08,1.86274E-08,1.29835E-08,1.15839E-08,1.41576E-08,1.4566E-08,1.72543E-08
SDS-Vision,ASP,AUS,EU,PRT,7.82188E-08,1.38155E-07,2.34384E-07,1.93662E-07,1.69721E-07,6.7157E-08,4.06972E-08,3.2802E-08
SDS-Vision,ASP,AUS,EU,ROM,3.59992E-09,9.48527E-09,9.62547E-09,9.29414E-09,1.09333E-08,1.36555E-08,1.39588E-08,1.46646E-08
SDS-Vision,ASP,AUS,EU,SVK,3.11471E-09,2.33981E-08,1.46575E-08,1.15724E-08,1.10739E-08,1.29787E-08,1.29677E-08,1.33832E-08
SDS-Vision,ASP,AUS,EU,SVN,6.16409E-09,3.89823E-08,1.92046E-08,1.39528E-08,1.25269E-08,1.36977E-08,1.33356E-08,1.34636E-08
SDS-Vision,ASP,AUS,EU,SWE,9.62675E-09,6.63479E-08,1.13693E-07,1.0433E-07,9.3473E-08,9.04454E-08,6.52055E-08,4.94166E-08
SDS-Vision,ASP,AUS,ROE,CHE,1.44789E-08,6.08687E-08,4.09683E-08,2.29158E-08,1.66389E-08,1.6781E-08,1.47685E-08,1.41339E-08
SDS-Vision,ASP,AUS,ROE,SRB,9.91643E-09,3.08281E-08,1.75019E-08,1.51978E-08,1.6587E-08,1.87448E-08,1.74228E-08,1.77758E-08
SDS-Vision,ASP,AUS,ROE,TUR,1.56644E-08,8.51288E-09,1.2191E-08,1.49451E-08,1.93381E-08,2.76644E-08,2.99468E-08,4.14852E-08
SDS-Vision,ASP,AUS,ROE,UKR,2.43255E-09,1.18778E-08,1.07048E-08,9.81841E-09,1.15406E-08,1.3968E-08,1.52175E-08,1.89516E-08
SDS-Vision,ASP,AUS,MEA,ARE,9.74517E-10,5.72485E-09,9.00753E-09,9.50317E-09,1.08632E-08,1.44171E-08,1.69081E-08,1.94228E-08
SDS-Vision,ASP,AUS,MEA,BHR,,2.00807E-09,8.09296E-09,9.202E-09,1.19752E-08,1.43914E-08,1.85032E-08,1.97783E-08
SDS-Vision,ASP,AUS,MEA,ISR,,1.98605E-09,7.98199E-09,9.09392E-09,1.18508E-08,1.40675E-08,1.80751E-08,1.9391E-08
SDS-Vision,ASP,AUS,MEA,KWT,2.54952E-09,1.05062E-08,2.11164E-08,1.97505E-08,2.00197E-08,2.02381E-08,2.23354E-08,2.19596E-08
SDS-Vision,ASP,AUS,MEA,OMN,,2.26653E-09,5.79082E-09,6.88616E-09,9.08147E-09,1.23561E-08,1.54809E-08,1.53942E-08
SDS-Vision,ASP,AUS,AFR,EGY,,8.02899E-09,1.39486E-08,1.17294E-08,1.50515E-08,1.89673E-08,2.46412E-08,2.63812E-08
SDS-Vision,ASP,BRN,NAM,CAN,7.38902E-10,5.28659E-09,9.70117E-09,1.08514E-08,1.30909E-08,1.83327E-08,1.95811E-08,2.02118E-08
SDS-Vision,ASP,BRN,NAM,MEX,7.64365E-10,6.47747E-09,1.2583E-08,1.25575E-08,1.45125E-08,2.05959E-08,2.22566E-08,2.69232E-08
SDS-Vision,ASP,BRN,NAM,USA,2.64539E-09,3.01096E-08,6.13633E-08,6.41527E-08,7.56791E-08,9.34526E-08,9.99493E-08,1.05149E-07
SDS-Vision,ASP,BRN,SAM,ARG,7.36785E-09,3.75471E-08,7.06641E-08,7.04912E-08,7.43041E-08,1.10431E-07,1.25261E-07,1.29469E-07
SDS-Vision,ASP,BRN,SAM,BRA,1.12987E-08,2.23553E-08,3.24839E-08,3.35368E-08,7.86218E-08,1.38926E-07,1.97664E-07,2.38691E-07
SDS-Vision,ASP,BRN,SAM,CHL,2.42027E-08,6.56427E-08,1.235E-07,1.34507E-07,1.44889E-07,1.93013E-07,2.28929E-07,2.21175E-07
SDS-Vision,ASP,BRN,SAM,COL,,4.22715E-09,8.16925E-09,8.34998E-09,9.63444E-09,1.39764E-08,1.66218E-08,2.08153E-08
SDS-Vision,ASP,BRN,SAM,TTO,,,4.3977E-09,5.66709E-09,7.22001E-09,9.10694E-09,1.13548E-08,1.39117E-08
SDS-Vision,ASP,BRN,SAM,VEN,,4.14373E-09,7.30004E-09,7.30355E-09,8.33073E-09,1.0845E-08,1.28189E-08,1.45452E-08
SDS-Vision,ASP,BRN,EU,AUT,3.72534E-09,2.67322E-08,1.88328E-08,1.31069E-08,1.22588E-08,1.39765E-08,1.33391E-08,1.31947E-08
SDS-Vision,ASP,BRN,EU,BEL,7.62553E-09,3.06915E-08,2.26163E-08,1.79358E-08,1.52349E-08,1.79411E-08,1.72126E-08,1.93022E-08
SDS-Vision,ASP,BRN,EU,BGR,4.21469E-09,1.19981E-08,1.17876E-08,1.08195E-08,1.26125E-08,1.56686E-08,1.56388E-08,1.61273E-08
SDS-Vision,ASP,BRN,EU,CZE,3.7163E-09,3.1398E-08,1.79586E-08,1.31336E-08,1.19978E-08,1.40261E-08,1.31084E-08,1.2997E-08
SDS-Vision,ASP,BRN,EU,DEU,7.00643E-09,2.41702E-08,2.02859E-08,1.58064E-08,1.51244E-08,1.66088E-08,1.652E-08,1.90853E-08
SDS-Vision,ASP,BRN,EU,DNK,3.34709E-09,1.28728E-08,1.58918E-08,1.65365E-08,1.57856E-08,1.52361E-08,1.40344E-08,1.36688E-08
SDS-Vision,ASP,BRN,EU,ESP,1.29523E-07,2.11788E-07,2.59836E-07,2.2793E-07,1.03159E-07,7.38118E-08,4.66217E-08,4.44469E-08
SDS-Vision,ASP,BRN,EU,EST,5.17524E-08,5.73884E-08,5.69217E-08,2.60988E-08,2.21602E-08,2.29967E-08,2.19078E-08,2.37239E-08
SDS-Vision,ASP,BRN,EU,FIN,,1.10394E-07,9.3194E-08,5.586E-08,3.54292E-08,3.6006E-08,3.02693E-08,2.85243E-08
SDS-Vision,ASP,BRN,EU,FRA,1.30203E-08,1.35528E-07,4.35115E-08,2.54796E-08,1.92949E-08,2.30594E-08,2.20653E-08,2.63285E-08
SDS-Vision,ASP,BRN,EU,GBR,7.34039E-09,2.02432E-08,1.70084E-08,1.45881E-08,1.33939E-08,1.62433E-08,1.61383E-08,1.91818E-08
SDS-Vision,ASP,BRN,EU,GRC,2.14914E-08,2.12462E-08,2.15038E-08,1.81908E-08,1.80182E-08,2.30788E-08,2.23581E-08,2.43814E-08
SDS-Vision,ASP,BRN,EU,HRV,4.0274E-09,2.5373E-08,1.81149E-08,1.41136E-08,1.32283E-08,1.6263E-08,1.67562E-08,1.93985E-08
SDS-Vision,ASP,BRN,EU,HUN,3.73026E-09,3.47993E-08,1.71428E-08,1.24733E-08,1.18409E-08,1.37751E-08,1.36373E-08,1.42791E-08
SDS-Vision,ASP,BRN,EU,IRL,1.12468E-08,3.74482E-08,3.01513E-08,2.2082E-08,1.90671E-08,2.004E-08,1.87465E-08,2.13513E-08
SDS-Vision,ASP,BRN,EU,ITA,8.16112E-09,3.05523E-08,2.39824E-08,1.7214E-08,1.47947E-08,1.70777E-08,1.71866E-08,1.94552E-08
SDS-Vision,ASP,BRN,EU,LTU,4.73632E-08,9.22553E-08,5.99159E-08,2.48113E-08,1.91888E-08,2.14642E-08,2.07652E-08,2.31041E-08
SDS-Vision,ASP,BRN,EU,LVA,3.60286E-08,5.2464E-08,5.00744E-08,2.43355E-08,1.88097E-08,1.92571E-08,1.77837E-08,1.74959E-08
SDS-Vision,ASP,BRN,EU,NLD,6.31378E-09,2.13316E-08,1.79035E-08,1.55409E-08,1.39307E-08,1.68312E-08,1.65234E-08,1.87766E-08
SDS-Vision,ASP,BRN,EU,POL,6.98905E-09,3.44577E-08,1.8614E-08,1.29485E-08,1.15549E-08,1.41252E-08,1.45356E-08,1.72207E-08
SDS-Vision,ASP,BRN,EU,PRT,8.21342E-08,1.36255E-07,2.3193E-07,1.9103E-07,1.68067E-07,6.68081E-08,4.05078E-08,3.26822E-08
SDS-Vision,ASP,BRN,EU,ROM,3.62258E-09,9.47839E-09,9.62981E-09,9.27884E-09,1.09094E-08,1.3622E-08,1.39247E-08,1.46271E-08
SDS-Vision,ASP,BRN,EU,SVK,3.13044E-09,2.33318E-08,1.46613E-08,1.1547E-08,1.10465E-08,1.29438E-08,1.29356E-08,1.33517E-08
SDS-Vision,ASP,BRN,EU,SVN,6.21433E-09,3.92321E-08,1.92637E-08,1.39294E-08,1.24994E-08,1.36675E-08,1.3308E-08,1.34363E-08
SDS-Vision,ASP,BRN,EU,SWE,9.66664E-09,6.63643E-08,1.1678E-07,1.02068E-07,9.15723E-08,8.90485E-08,6.29517E-08,4.91995E-08
SDS-Vision,ASP,BRN,ROE,CHE,1.47227E-08,6.04279E-08,4.09252E-08,2.28202E-08,1.65773E-08,1.67218E-08,1.47232E-08,1.40935E-08
SDS-Vision,ASP,BRN,ROE,SRB,9.97518E-09,3.09342E-08,1.75197E-08,1.51605E-08,1.65344E-08,1.86851E-08,1.73713E-08,1.77224E-08
SDS-Vision,ASP,BRN,ROE,TUR,1.63163E-08,8.50587E-09,1.22516E-08,1.49073E-08,1.92649E-08,2.75323E-08,2.97969E-08,4.12437E-08
SDS-Vision,ASP,BRN,ROE,UKR,2.44181E-09,1.18515E-08,1.07303E-08,9.80239E-09,1.15163E-08,1.39359E-08,1.51821E-08,1.89053E-08
SDS-Vision,ASP,BRN,MEA,ARE,9.85013E-10,5.71658E-09,9.05983E-09,9.48416E-09,1.08342E-08,1.43773E-08,1.68599E-08,1.93738E-08
SDS-Vision,ASP,BRN,MEA,BHR,,2.03034E-09,8.21173E-09,9.19706E-09,1.19576E-08,1.4368E-08,1.84734E-08,1.97456E-08
SDS-Vision,ASP,BRN,MEA,ISR,,2.00694E-09,8.0944E-09,9.08428E-09,1.18281E-08,1.4039E-08,1.80396E-08,1.93527E-08
SDS-Vision,ASP,BRN,MEA,KWT,3.22348E-09,1.04561E-08,2.11428E-08,1.96747E-08,1.99533E-08,2.01815E-08,2.22865E-08,2.19166E-08
SDS-Vision,ASP,BRN,MEA,OMN,,2.26487E-09,5.81055E-09,6.87399E-09,9.05791E-09,1.23167E-08,1.54271E-08,1.53442E-08
SDS-Vision,ASP,BRN,AFR,EGY,,7.80969E-09,1.38246E-08,1.16164E-08,1.49048E-08,1.87738E-08,2.43944E-08,2.61329E-08
SDS-Vision,ASP,IDN,NAM,CAN,7.4104E-10,5.30969E-09,9.73008E-09,1.08763E-08,1.31258E-08,1.83852E-08,1.96322E-08,2.02599E-08
SDS-Vision,ASP,IDN,NAM,MEX,7.66407E-10,6.50358E-09,1.26131E-08,1.25852E-08,1.45529E-08,2.06541E-08,2.23163E-08,2.69861E-08
SDS-Vision,ASP,IDN,NAM,USA,2.65219E-09,3.02194E-08,6.15265E-08,6.42989E-08,7.58716E-08,9.37137E-08,1.00209E-07,1.05405E-07
SDS-Vision,ASP,IDN,SAM,ARG,7.58168E-09,4.06908E-08,7.58569E-08,7.54607E-08,7.99773E-08,1.18975E-07,1.35136E-07,1.39792E-07
SDS-Vision,ASP,IDN,SAM,BRA,1.1682E-08,2.36683E-08,3.40664E-08,3.46943E-08,8.46231E-08,1.53835E-07,2.2337E-07,2.70257E-07
SDS-Vision,ASP,IDN,SAM,CHL,2.48015E-08,6.74201E-08,1.25973E-07,1.37008E-07,1.47749E-07,1.97079E-07,2.33634E-07,2.25521E-07
SDS-Vision,ASP,IDN,SAM,COL,,4.21853E-09,8.14218E-09,8.32849E-09,9.61601E-09,1.39535E-08,1.65967E-08,2.07868E-08
SDS-Vision,ASP,IDN,SAM,TTO,,,4.38883E-09,5.65515E-09,7.20678E-09,9.09217E-09,1.13359E-08,1.38872E-08
SDS-Vision,ASP,IDN,SAM,VEN,,4.13525E-09,7.2743E-09,7.28344E-09,8.31324E-09,1.08241E-08,1.27958E-08,1.45195E-08
SDS-Vision,ASP,IDN,EU,AUT,3.79352E-09,2.78564E-08,1.92075E-08,1.3275E-08,1.23899E-08,1.41129E-08,1.34455E-08,1.32901E-08
SDS-Vision,ASP,IDN,EU,BEL,7.8644E-09,3.30083E-08,2.32533E-08,1.82544E-08,1.54259E-08,1.81227E-08,1.73479E-08,1.94341E-08
SDS-Vision,ASP,IDN,EU,BGR,4.28134E-09,1.22216E-08,1.19359E-08,1.09336E-08,1.27464E-08,1.58314E-08,1.57783E-08,1.62634E-08
SDS-Vision,ASP,IDN,EU,CZE,3.79172E-09,3.33104E-08,1.83274E-08,1.33104E-08,1.21258E-08,1.41657E-08,1.32116E-08,1.30901E-08
SDS-Vision,ASP,IDN,EU,DEU,7.19508E-09,2.54668E-08,2.07545E-08,1.60402E-08,1.52825E-08,1.67566E-08,1.66389E-08,1.92069E-08
SDS-Vision,ASP,IDN,EU,DNK,3.4099E-09,1.32223E-08,1.61724E-08,1.67926E-08,1.59893E-08,1.5392E-08,1.41479E-08,1.37677E-08
SDS-Vision,ASP,IDN,EU,ESP,1.41994E-07,2.30882E-07,2.75846E-07,2.41049E-07,1.06138E-07,7.52055E-08,4.72881E-08,4.48713E-08
SDS-Vision,ASP,IDN,EU,EST,6.26651E-08,6.80074E-08,6.4076E-08,2.69253E-08,2.25593E-08,2.33261E-08,2.21543E-08,2.39476E-08
SDS-Vision,ASP,IDN,EU,FIN,,1.26473E-07,1.01338E-07,5.86797E-08,3.64214E-08,3.68119E-08,3.07738E-08,2.88802E-08
SDS-Vision,ASP,IDN,EU,FRA,1.36926E-08,1.55693E-07,4.5608E-08,2.60846E-08,1.95756E-08,2.33057E-08,2.22402E-08,2.6502E-08
SDS-Vision,ASP,IDN,EU,GBR,7.57008E-09,2.12947E-08,1.7389E-08,1.48024E-08,1.35444E-08,1.63948E-08,1.62592E-08,1.93139E-08
SDS-Vision,ASP,IDN,EU,GRC,2.18824E-08,2.18149E-08,2.18864E-08,1.84643E-08,1.82695E-08,2.33733E-08,2.2588E-08,2.45909E-08
SDS-Vision,ASP,IDN,EU,HRV,4.09621E-09,2.62709E-08,1.84233E-08,1.42816E-08,1.33552E-08,1.63921E-08,1.68673E-08,1.95112E-08
SDS-Vision,ASP,IDN,EU,HUN,3.78948E-09,3.64184E-08,1.74479E-08,1.26235E-08,1.19618E-08,1.39059E-08,1.37463E-08,1.43876E-08
SDS-Vision,ASP,IDN,EU,IRL,1.17114E-08,3.97424E-08,3.10179E-08,2.25203E-08,1.93228E-08,2.02549E-08,1.8894E-08,2.14969E-08
SDS-Vision,ASP,IDN,EU,ITA,8.36625E-09,3.19904E-08,2.45585E-08,1.74768E-08,1.4964E-08,1.72315E-08,1.73138E-08,1.95784E-08
SDS-Vision,ASP,IDN,EU,LTU,5.72738E-08,1.13904E-07,6.75949E-08,2.55798E-08,1.95272E-08,2.17602E-08,2.09924E-08,2.33226E-08
SDS-Vision,ASP,IDN,EU,LVA,4.32779E-08,6.19823E-08,5.56245E-08,2.51091E-08,1.91638E-08,1.95525E-08,1.80012E-08,1.7686E-08
SDS-Vision,ASP,IDN,EU,NLD,6.47367E-09,2.24448E-08,1.82973E-08,1.57762E-08,1.40888E-08,1.69879E-08,1.66453E-08,1.88968E-08
SDS-Vision,ASP,IDN,EU,POL,7.17201E-09,3.69144E-08,1.9031E-08,1.31082E-08,1.16592E-08,1.4229E-08,1.46247E-08,1.73156E-08
SDS-Vision,ASP,IDN,EU,PRT,9.12919E-08,1.51909E-07,2.49688E-07,2.08311E-07,1.7608E-07,6.7981E-08,4.11185E-08,3.30401E-08
SDS-Vision,ASP,IDN,EU,ROM,3.67412E-09,9.6152E-09,9.72807E-09,9.36257E-09,1.101E-08,1.37463E-08,1.40358E-08,1.47398E-08
SDS-Vision,ASP,IDN,EU,SVK,3.17972E-09,2.42205E-08,1.48965E-08,1.16811E-08,1.11541E-08,1.30621E-08,1.30349E-08,1.34468E-08
SDS-Vision,ASP,IDN,EU,SVN,6.33629E-09,4.13463E-08,1.96419E-08,1.41133E-08,1.26302E-08,1.37914E-08,1.34071E-08,1.35283E-08
SDS-Vision,ASP,IDN,EU,SWE,9.8539E-09,7.20348E-08,1.26066E-07,1.08325E-07,9.6073E-08,9.25246E-08,6.57664E-08,4.9682E-08
SDS-Vision,ASP,IDN,ROE,CHE,1.53116E-08,6.43808E-08,4.24108E-08,2.33242E-08,1.68191E-08,1.69194E-08,1.48549E-08,1.42044E-08
SDS-Vision,ASP,IDN,ROE,SRB,1.01306E-08,3.16076E-08,1.78151E-08,1.53749E-08,1.67588E-08,1.89115E-08,1.75408E-08,1.78849E-08
SDS-Vision,ASP,IDN,ROE,TUR,1.68421E-08,8.64475E-09,1.2419E-08,1.51226E-08,1.95646E-08,2.79802E-08,3.02507E-08,4.19558E-08
SDS-Vision,ASP,IDN,ROE,UKR,2.47029E-09,1.20886E-08,1.08465E-08,9.8862E-09,1.1602E-08,1.40352E-08,1.52802E-08,1.90248E-08
SDS-Vision,ASP,IDN,MEA,ARE,9.94135E-10,5.78417E-09,9.15581E-09,9.57114E-09,1.09326E-08,1.44985E-08,1.70009E-08,1.95108E-08
SDS-Vision,ASP,IDN,MEA,BHR,,2.04754E-09,8.27698E-09,9.26444E-09,1.20392E-08,1.44627E-08,1.85835E-08,1.98561E-08
SDS-Vision,ASP,IDN,MEA,ISR,,2.01903E-09,8.13722E-09,9.12897E-09,1.18839E-08,1.41029E-08,1.81144E-08,1.94289E-08
SDS-Vision,ASP,IDN,MEA,KWT,3.31064E-09,1.09528E-08,2.1839E-08,2.01259E-08,2.02626E-08,2.04068E-08,2.24673E-08,2.20613E-08
SDS-Vision,ASP,IDN,MEA,OMN,6.23013E-10,2.28068E-09,5.85426E-09,6.92673E-09,9.13734E-09,1.24383E-08,1.5589E-08,1.54865E-08
SDS-Vision,ASP,IDN,AFR,EGY,,7.98296E-09,1.39862E-08,1.1694E-08,1.50021E-08,1.89027E-08,2.45582E-08,2.62981E-08
SDS-Vision,ASP,MYS,NAM,CAN,7.38959E-10,5.28494E-09,9.68656E-09,1.084E-08,1.30815E-08,1.83265E-08,1.95775E-08,2.02099E-08
SDS-Vision,ASP,MYS,NAM,MEX,7.64436E-10,6.47638E-09,1.25606E-08,1.254E-08,1.45021E-08,2.05903E-08,2.22548E-08,2.69251E-08
SDS-Vision,ASP,MYS,NAM,USA,2.64559E-09,3.01034E-08,6.12884E-08,6.40913E-08,7.56381E-08,9.34359E-08,9.99412E-08,1.05149E-07
SDS-Vision,ASP,MYS,SAM,ARG,7.43799E-09,3.84778E-08,7.17491E-08,7.15682E-08,7.56372E-08,1.12604E-07,1.27762E-07,1.32069E-07
SDS-Vision,ASP,MYS,SAM,BRA,1.13727E-08,2.25716E-08,3.26587E-08,3.3672E-08,7.9382E-08,1.40842E-07,2.0097E-07,2.42887E-07
SDS-Vision,ASP,MYS,SAM,CHL,2.42996E-08,6.56464E-08,1.22472E-07,1.336E-07,1.44424E-07,1.9228E-07,2.28195E-07,2.20667E-07
SDS-Vision,ASP,MYS,SAM,COL,,4.22663E-09,8.15766E-09,8.34092E-09,9.62947E-09,1.39724E-08,1.66187E-08,2.0813E-08
SDS-Vision,ASP,MYS,SAM,TTO,,,4.39403E-09,5.66233E-09,7.21649E-09,9.10447E-09,1.13521E-08,1.39083E-08
SDS-Vision,ASP,MYS,SAM,VEN,,4.14319E-09,7.28904E-09,7.29513E-09,8.32578E-09,1.08409E-08,1.28153E-08,1.45418E-08
SDS-Vision,ASP,MYS,EU,AUT,3.74769E-09,2.71063E-08,1.89214E-08,1.3147E-08,1.22943E-08,1.40168E-08,1.33733E-08,1.32264E-08
SDS-Vision,ASP,MYS,EU,BEL,7.69624E-09,3.13262E-08,2.27495E-08,1.80069E-08,1.52855E-08,1.79953E-08,1.72577E-08,1.9348E-08
SDS-Vision,ASP,MYS,EU,BGR,4.23585E-09,1.20603E-08,1.18191E-08,1.0845E-08,1.26455E-08,1.57117E-08,1.56795E-08,1.61691E-08
SDS-Vision,ASP,MYS,EU,CZE,3.73954E-09,3.19419E-08,1.80414E-08,1.31767E-08,1.20328E-08,1.40674E-08,1.31413E-08,1.30279E-08
SDS-Vision,ASP,MYS,EU,DEU,7.06306E-09,2.45299E-08,2.03897E-08,1.58612E-08,1.51678E-08,1.66543E-08,1.65598E-08,1.91264E-08
SDS-Vision,ASP,MYS,EU,DNK,3.36597E-09,1.2972E-08,1.59551E-08,1.65951E-08,1.58367E-08,1.52788E-08,1.40679E-08,1.36992E-08
SDS-Vision,ASP,MYS,EU,ESP,1.35029E-07,2.19998E-07,2.6502E-07,2.31986E-07,1.04102E-07,7.43158E-08,4.6871E-08,4.46195E-08
SDS-Vision,ASP,MYS,EU,EST,5.60247E-08,6.1445E-08,5.93768E-08,2.63941E-08,2.23038E-08,2.31158E-08,2.19962E-08,2.3805E-08
SDS-Vision,ASP,MYS,EU,FIN,,1.16666E-07,9.6094E-08,5.68789E-08,3.57972E-08,3.63077E-08,3.04587E-08,2.86605E-08
SDS-Vision,ASP,MYS,EU,FRA,1.3212E-08,1.4031E-07,4.39532E-08,2.56162E-08,1.93719E-08,2.31361E-08,2.21256E-08,2.63891E-08
SDS-Vision,ASP,MYS,EU,GBR,7.40158E-09,2.04734E-08,1.70817E-08,1.46341E-08,1.34332E-08,1.62881E-08,1.61778E-08,1.92255E-08
SDS-Vision,ASP,MYS,EU,GRC,2.16021E-08,2.14047E-08,2.15758E-08,1.82447E-08,1.80827E-08,2.31612E-08,2.24278E-08,2.44469E-08
SDS-Vision,ASP,MYS,EU,HRV,4.04968E-09,2.5695E-08,1.81875E-08,1.41522E-08,1.3261E-08,1.62992E-08,1.67897E-08,1.94337E-08
SDS-Vision,ASP,MYS,EU,HUN,3.74934E-09,3.53572E-08,1.72164E-08,1.2509E-08,1.18734E-08,1.38134E-08,1.36714E-08,1.43135E-08
SDS-Vision,ASP,MYS,EU,IRL,1.13696E-08,3.79435E-08,3.03065E-08,2.21679E-08,1.9127E-08,2.00959E-08,1.87885E-08,2.1394E-08
SDS-Vision,ASP,MYS,EU,ITA,8.23281E-09,3.10803E-08,2.41381E-08,1.72795E-08,1.48438E-08,1.71275E-08,1.72313E-08,1.95002E-08
SDS-Vision,ASP,MYS,EU,LTU,5.12446E-08,1.00465E-07,6.25547E-08,2.50885E-08,1.93137E-08,2.15762E-08,2.08506E-08,2.31872E-08
SDS-Vision,ASP,MYS,EU,LVA,3.88619E-08,5.60886E-08,5.20058E-08,2.46146E-08,1.89388E-08,1.93665E-08,1.78632E-08,1.75652E-08
SDS-Vision,ASP,MYS,EU,NLD,6.36064E-09,2.16199E-08,1.79865E-08,1.55943E-08,1.39731E-08,1.68781E-08,1.65637E-08,1.88171E-08
SDS-Vision,ASP,MYS,EU,POL,7.0438E-09,3.5116E-08,1.87079E-08,1.29877E-08,1.15837E-08,1.41564E-08,1.45641E-08,1.72513E-08
SDS-Vision,ASP,MYS,EU,PRT,8.46901E-08,1.40306E-07,2.35226E-07,1.93972E-07,1.6982E-07,6.71553E-08,4.06899E-08,3.2795E-08
SDS-Vision,ASP,MYS,EU,ROM,3.63901E-09,9.51761E-09,9.65104E-09,9.29799E-09,1.09348E-08,1.36559E-08,1.39577E-08,1.46623E-08
SDS-Vision,ASP,MYS,EU,SVK,3.1462E-09,2.36094E-08,1.4718E-08,1.15804E-08,1.10759E-08,1.29793E-08,1.29668E-08,1.33815E-08
SDS-Vision,ASP,MYS,EU,SVN,6.25511E-09,3.9968E-08,1.93499E-08,1.39702E-08,1.25315E-08,1.37E-08,1.33355E-08,1.34626E-08
SDS-Vision,ASP,MYS,EU,SWE,9.72289E-09,6.86168E-08,1.19968E-07,1.04169E-07,9.31725E-08,9.01803E-08,6.51401E-08,4.93859E-08
SDS-Vision,ASP,MYS,ROE,CHE,1.49134E-08,6.15715E-08,4.12328E-08,2.29296E-08,1.66397E-08,1.67801E-08,1.47666E-08,1.41313E-08
SDS-Vision,ASP,MYS,ROE,SRB,1.0025E-08,3.11701E-08,1.75824E-08,1.52077E-08,1.65899E-08,1.87451E-08,1.7421E-08,1.77726E-08
SDS-Vision,ASP,MYS,ROE,TUR,1.64596E-08,8.54262E-09,1.2286E-08,1.4953E-08,1.93379E-08,2.76579E-08,2.9935E-08,4.14558E-08
SDS-Vision,ASP,MYS,ROE,UKR,2.45077E-09,1.19222E-08,1.07581E-08,9.82302E-09,1.15407E-08,1.39667E-08,1.52147E-08,1.89466E-08
SDS-Vision,ASP,MYS,MEA,ARE,9.87668E-10,5.73536E-09,9.07966E-09,9.50234E-09,1.08585E-08,1.44105E-08,1.68998E-08,1.94138E-08
SDS-Vision,ASP,MYS,MEA,BHR,,2.03538E-09,8.22422E-09,9.21031E-09,1.19779E-08,1.43933E-08,1.85043E-08,1.97783E-08
SDS-Vision,ASP,MYS,MEA,ISR,,2.0131E-09,8.11163E-09,9.10245E-09,1.18539E-08,1.40698E-08,1.80767E-08,1.93916E-08
SDS-Vision,ASP,MYS,MEA,KWT,3.24865E-09,1.05845E-08,2.12726E-08,1.97627E-08,2.00244E-08,2.0241E-08,2.23369E-08,2.19597E-08
SDS-Vision,ASP,MYS,MEA,OMN,6.20447E-10,2.2692E-09,5.81939E-09,6.8854E-09,9.07768E-09,1.23497E-08,1.54717E-08,1.53851E-08
SDS-Vision,ASP,MYS,AFR,EGY,,7.83964E-09,1.38361E-08,1.16227E-08,1.49189E-08,1.87966E-08,2.44245E-08,2.61663E-08
SDS-Vision,ASP,PNG,NAM,CAN,,1.04664E-09,1.36391E-09,3.65171E-09,4.98213E-09,6.06049E-09,9.71066E-09,1.01399E-08
SDS-Vision,ASP,PNG,NAM,MEX,,1.01002E-09,2.70987E-09,3.35594E-09,7.81093E-09,9.47205E-09,1.04316E-08,1.33081E-08
SDS-Vision,ASP,PNG,NAM,USA,,6.40369E-09,9.2184E-09,1.80065E-08,2.78625E-08,4.25339E-08,5.16372E-08,5.73318E-08
SDS-Vision,ASP,PNG,SAM,ARG,3.33993E-09,5.43696E-09,8.48791E-09,1.46728E-08,4.21671E-08,7.39781E-08,1.03342E-07,1.18513E-07
SDS-Vision,ASP,PNG,SAM,BRA,6.60631E-09,6.59386E-09,8.95254E-09,1.27561E-08,4.0968E-08,7.50387E-08,1.38758E-07,1.82162E-07
SDS-Vision,ASP,PNG,SAM,CHL,1.43603E-08,1.25654E-08,2.06023E-08,3.51416E-08,8.58794E-08,1.33292E-07,1.8306E-07,1.76247E-07
SDS-Vision,ASP,PNG,SAM,COL,,,6.64922E-10,2.06432E-09,5.45891E-09,6.9619E-09,8.40764E-09,1.09321E-08
SDS-Vision,ASP,PNG,SAM,TTO,,,,6.48609E-10,4.15524E-09,5.16042E-09,6.42236E-09,7.89802E-09
SDS-Vision,ASP,PNG,SAM,VEN,,,6.52057E-10,2.02454E-09,4.66652E-09,5.96621E-09,7.15178E-09,8.20317E-09
SDS-Vision,ASP,PNG,EU,AUT,1.05887E-09,3.66635E-09,3.60834E-09,5.6942E-09,6.48521E-09,7.34744E-09,7.18753E-09,7.25781E-09
SDS-Vision,ASP,PNG,EU,BEL,2.83512E-09,3.681E-09,3.84346E-09,6.69854E-09,7.93368E-09,8.60758E-09,8.4111E-09,9.7962E-09
SDS-Vision,ASP,PNG,EU,BGR,1.28959E-09,2.82395E-09,2.92667E-09,3.38972E-09,6.61818E-09,8.1236E-09,8.13631E-09,8.35378E-09
SDS-Vision,ASP,PNG,EU,CZE,1.07053E-09,3.81006E-09,3.50315E-09,3.74615E-09,6.25314E-09,7.22799E-09,7.01638E-09,7.11357E-09
SDS-Vision,ASP,PNG,EU,DEU,2.59202E-09,3.43164E-09,3.64536E-09,6.16959E-09,7.36475E-09,7.94927E-09,8.04189E-09,9.69986E-09
SDS-Vision,ASP,PNG,EU,DNK,1.00377E-09,2.67748E-09,3.27895E-09,5.17707E-09,8.29591E-09,7.57982E-09,7.42844E-09,7.40882E-09
SDS-Vision,ASP,PNG,EU,ESP,5.43286E-08,1.19003E-08,1.58921E-08,3.49646E-08,5.233E-08,3.24038E-08,1.98396E-08,1.99342E-08
SDS-Vision,ASP,PNG,EU,EST,3.66708E-08,7.3976E-09,9.99075E-09,1.11961E-08,1.22516E-08,1.24643E-08,1.3067E-08,1.30063E-08
SDS-Vision,ASP,PNG,EU,FIN,,1.51849E-08,1.48006E-08,1.83643E-08,1.91473E-08,1.87061E-08,1.5805E-08,1.48203E-08
SDS-Vision,ASP,PNG,EU,FRA,4.79584E-09,7.93701E-09,6.88569E-09,8.09649E-09,9.85181E-09,1.03519E-08,1.00173E-08,1.27038E-08
SDS-Vision,ASP,PNG,EU,GBR,2.84984E-09,3.20672E-09,3.36233E-09,5.84231E-09,7.05628E-09,7.80589E-09,7.88862E-09,9.70377E-09
SDS-Vision,ASP,PNG,EU,GRC,1.28356E-08,4.44676E-09,4.39138E-09,5.06548E-09,8.62794E-09,1.06598E-08,1.04742E-08,1.17311E-08
SDS-Vision,ASP,PNG,EU,HRV,1.13416E-09,3.57776E-09,3.4907E-09,5.76992E-09,7.10951E-09,7.95663E-09,8.25935E-09,9.93996E-09
SDS-Vision,ASP,PNG,EU,HUN,1.05966E-09,5.98072E-09,3.46638E-09,3.72846E-09,6.30321E-09,7.2368E-09,7.32284E-09,7.77314E-09
SDS-Vision,ASP,PNG,EU,IRL,4.39392E-09,4.72447E-09,4.84658E-09,7.80544E-09,8.81659E-09,9.33657E-09,1.02147E-08,1.07554E-08
SDS-Vision,ASP,PNG,EU,ITA,3.024E-09,3.58389E-09,3.84575E-09,6.45896E-09,7.68952E-09,8.18948E-09,8.3543E-09,9.83356E-09
SDS-Vision,ASP,PNG,EU,LTU,2.52122E-08,7.54673E-09,8.33746E-09,9.00162E-09,9.82796E-09,1.03046E-08,1.0263E-08,1.17249E-08
SDS-Vision,ASP,PNG,EU,LVA,1.87177E-08,6.32205E-09,8.37597E-09,9.65605E-09,9.91848E-09,1.00875E-08,9.64282E-09,9.55015E-09
SDS-Vision,ASP,PNG,EU,NLD,1.17267E-09,3.19438E-09,3.40334E-09,6.08728E-09,7.37829E-09,8.12968E-09,8.10657E-09,9.56778E-09
SDS-Vision,ASP,PNG,EU,POL,2.66439E-09,3.82124E-09,3.51967E-09,3.54061E-09,6.37071E-09,7.0002E-09,7.29806E-09,8.98764E-09
SDS-Vision,ASP,PNG,EU,PRT,4.1526E-08,1.53675E-08,2.63412E-08,4.52613E-08,9.97028E-08,3.44097E-08,1.92655E-08,1.56162E-08
SDS-Vision,ASP,PNG,EU,ROM,1.11622E-09,2.46238E-09,2.59446E-09,3.0264E-09,5.91201E-09,7.26771E-09,7.45629E-09,7.80652E-09
SDS-Vision,ASP,PNG,EU,SVK,9.28729E-10,3.39818E-09,3.1575E-09,3.45418E-09,5.87994E-09,6.78805E-09,6.95883E-09,7.33036E-09
SDS-Vision,ASP,PNG,EU,SVN,1.23771E-09,4.69342E-09,3.7497E-09,6.06538E-09,6.68936E-09,7.34323E-09,7.34894E-09,7.55509E-09
SDS-Vision,ASP,PNG,EU,SWE,3.97025E-09,1.51094E-08,2.32507E-08,3.18886E-08,4.43967E-08,4.37485E-08,3.74099E-08,2.61525E-08
SDS-Vision,ASP,PNG,ROE,CHE,5.57165E-09,7.39049E-09,7.43373E-09,8.20729E-09,8.27414E-09,8.37658E-09,7.71417E-09,7.61156E-09
SDS-Vision,ASP,PNG,ROE,SRB,4.00045E-09,8.55136E-09,3.55132E-09,6.18794E-09,8.37352E-09,9.47473E-09,8.92061E-09,9.18094E-09
SDS-Vision,ASP,PNG,ROE,TUR,6.84776E-09,1.22299E-09,2.95509E-09,4.34312E-09,9.47826E-09,1.24768E-08,1.3665E-08,1.91526E-08
SDS-Vision,ASP,PNG,ROE,UKR,7.75649E-10,2.6453E-09,2.62208E-09,2.95177E-09,4.17152E-09,6.89104E-09,8.71464E-09,9.6706E-09
SDS-Vision,ASP,PNG,MEA,ARE,6.63416E-10,8.26417E-10,1.0573E-09,2.63871E-09,5.9421E-09,7.00472E-09,8.27996E-09,9.95614E-09
SDS-Vision,ASP,PNG,MEA,BHR,,,7.7207E-10,3.02636E-09,6.01034E-09,7.13885E-09,9.63847E-09,1.03526E-08
SDS-Vision,ASP,PNG,MEA,ISR,,,7.64791E-10,3.00174E-09,5.95709E-09,6.98335E-09,9.4123E-09,1.01527E-08
SDS-Vision,ASP,PNG,MEA,KWT,,,5.03876E-09,7.7664E-09,9.66571E-09,9.76407E-09,1.14624E-08,1.14097E-08
SDS-Vision,ASP,PNG,MEA,OMN,,,8.46326E-10,1.12759E-09,3.27894E-09,6.51598E-09,8.18452E-09,8.34386E-09
SDS-Vision,ASP,PNG,AFR,EGY,,,4.411E-09,5.64017E-09,7.45033E-09,9.28977E-09,1.26682E-08,1.36702E-08
